Job ID,Title,Company,Date Posted,Company Industry,Job Role,Degree,Job City,Max Age,Monthly Salary Max Range
4177110,OPERATIONS OFFICER,NBP,4/15/2020,Banking,Administration,Bachelor's degree / higher diploma,Riyadh,0,0
4177085,Branch Administration Manager,Kinetic Business Solutions,4/15/2020,Medical Clinic,Administration,0,Riyadh,0,0
4174537,Admin Assistant,Analytical Department,4/15/2020,Oil & Gas,Administration,0,Jubail,0,0
4177016,›‰Ì¯ „⁄·Ê„«  Ê„ÿÊ— »—«„Ã,Corporate Management Office,4/15/2020,Facilities & Property Management,Administration,0,0,40,0
4177035,Admin Assistant,0,4/15/2020,Oil & Gas,Administration,0,Jubail,0,0
4177019,Document Controller,0,4/15/2020,Oil & Gas,Administration,0,Jubail,0,0
4176692,Airfield Operations Specialist,0,4/14/2020,Aviation Support Services,Administration,High school or equivalent,Riyadh,55,0
4175775,”«∆ﬁ Ê„‰œÊ»,Fakieh Group,4/8/2020,Animal Production,Administration,0,Western Province,40,1500
4175350,Company Available positions,Delicious Food Company,4/6/2020,Catering Food Service & Restaurant,Administration,0,Riyadh,0,0
3908800,HR Officer,Rentokil 0,4/5/2020,Facilities & Property Management,Administration,Bachelor's degree / higher diploma,Riyadh,45,0
4175254,Documents Controller & Reports,0,4/5/2020,Administration Support Services,Administration,Bachelor's degree / higher diploma,Riyadh,0,0
4175160,Documents Controller & Reports,0,4/4/2020,Administration Support Services,Administration,Bachelor's degree / higher diploma,Riyadh,0,0
4175139,Delivery Driver,0,4/4/2020,FMCG,Administration,High school or equivalent,Buraidah,38,500
4175106,Administrative Assistant,0,4/3/2020,Telecommunications,Administration,Bachelor's degree / higher diploma,Riyadh,0,0
4174471,„‘—› „” Êœ⁄,Al-Selay,3/31/2020,Trading & Commodity Trading; Perfume & Cosmetics; Consumer Electronics,Administration,Bachelor's degree / higher diploma,Riyadh,0,3000
4174099,—∆Ì” ﬁ”„  ÊŸÌ› «·„‘«—Ì⁄,Saudi Services Company Ltd. ,3/27/2020,Corporate Management Office,Administration,Bachelor's degree / higher diploma,0,40,0
4174022,Operations Specialist - fresh graduates (Saudi nationals),Morgan International Lebanon SAL,3/26/2020,Training & Education Center,Administration,Bachelor's degree / higher diploma,Riyadh,0,0
4173928,Executive Admin Assistant,0,3/25/2020,Airlines,Administration,Bachelor's degree / higher diploma,0,0,0
4173640,„Õ«”» ⁄«„,0,3/24/2020,Real Estate,Administration,Bachelor's degree / higher diploma,Jizan,40,0
4173466,Admin Supervisor,M. M. Al Harbi & Partner Co. Ltd  ,3/23/2020,Construction & Building,Administration,Bachelor's degree / higher diploma,Dammam,0,0
4173305,Shared Services Director,UWFC,3/23/2020,Heavy Industry & Metallurgy; Hardware & Building Materials,Administration,Bachelor's degree / higher diploma,Riyadh,45,0
4173423,Admnistrative Assistant,0,3/23/2020,Military & Defense,Administration,Bachelor's degree / higher diploma,Riyadh,40,0
4165809,Government Relations Coordinator,Alkifah Contracting,3/22/2020,Other Business Support Services,Administration,High school or equivalent,0,0,0
4173106,Assistant General Manager,Sadeem AlJood,3/22/2020,Venture Capital & Private Equity,Administration,Bachelor's degree / higher diploma,0,35,0
4173103,Personal Assistant To CEO,0,3/22/2020,Construction & Building; FMCG,Administration,Bachelor's degree / higher diploma,Riyadh,0,0
4172324,„‰œÊ»  Ê’Ì·,„ƒ””… ”—⁄… «·Ê’Ê·,3/19/2020,Business Support Services,Administration,0,0,36,1000
4172769,Executive Secretary,0,3/19/2020,Safety & Environment,Administration,0,Khobar,0,0
4172830,Camp Admin,Katerra Technologies LLP,3/19/2020,Real Estate,Administration,0,Riyadh,0,0
4172067,Maintenance technician,0,3/18/2020,Sporting Goods,Administration,0,Riyadh,0,0
4171085,Social Media Marketing Specialist,Yasmin Interiors,3/17/2020,Marketing,Administration,Bachelor's degree / higher diploma,Riyadh,50,0
4144932,hr administrator,0,3/17/2020,Oil & Gas,Administration,Bachelor's degree / higher diploma,Khobar,29,0
4166587,COOP Training for HR students - 0,Shahini Group,3/16/2020,Distribution & Logistics,Administration,Bachelor's degree / higher diploma,0,0,0
1848300,HR,0,3/15/2020,Wholesale & Import/Export Trade,Administration,Bachelor's degree / higher diploma,0,38,0
1732799,Shop Auditor,0,3/15/2020,Wholesale & Import/Export Trade,Administration,Certification / diploma,0,35,2000
4147239,Vendor Portal Administrator (Saudi National Only),Yusuf Bin Ahmed Kanoo Group Of Companies - 0,3/15/2020,Oil & Gas,Administration,0,Dammam,40,0
4169477,„‰œÊ» ⁄·«ﬁ«  ÕﬂÊ„Ì…,0,3/15/2020,FMCG,Administration,Bachelor's degree / higher diploma,Riyadh,35,0
4135194,Document Controller,0,3/15/2020,Oil & Gas,Administration,Bachelor's degree / higher diploma,0,0,0
4169422,„‘—›… „ÿ⁄„,0,3/15/2020,Catering Food Service & Restaurant,Administration,0,Riyadh,35,2000
4167554,Industrial Painter,0,3/12/2020,Technical Maintenance & Repair,Administration,High school or equivalent,Dammam,0,0
4166890,HR Payroll Officer,0,3/11/2020,General Engineering Consultancy,Administration,Bachelor's degree / higher diploma,Riyadh,28,1500
4162872,Admin Assistant,Coffee Tools EST,3/7/2020,Trading & Commodity Trading,Administration,Bachelor's degree / higher diploma,Riyadh,38,1000
4162870,Coffee Machine And Beverage Equipment Technician,Coffee Tools EST,3/7/2020,Household Appliances,Administration,Bachelor's degree / higher diploma,Riyadh,35,1000
4163714,Secretary,IKK Group Careers,3/11/2020,Other Business Support Services,Administration,Certification / diploma,0,0,0
4158698,„Õ«”» ⁄«„,‘—ﬂ… √Ì«‰ «·⁄—»Ì…,3/10/2020,Hospitality & Accomodation,Administration,0,Riyadh,0,0
4165690,IKTVA Executive/ IKTVA Officer/ IKTVA Specialist/ IKTVA Administrator/ IKTVA Project Champion,Sapura Energy,3/10/2020,Oil & Gas,Administration,0,Khobar,0,0
4165674,„œÌ— ›‰œﬁ,Alhyatt 0 Continental Hotel ,3/10/2020,Hospitality & Accomodation,Administration,Bachelor's degree / higher diploma,0,50,3000
4165624,Admin /HR Assistant,Sapura Energy,3/10/2020,Oil & Gas,Administration,0,Khobar,0,0
4165514,Data Entry Operator,SEDER GROUP,3/10/2020,Other Business Support Services,Administration,High school or equivalent,Riyadh,35,0
4163729,Office Manager,Rawaj Co. for Recruitment,3/8/2020,Real Estate,Administration,Bachelor's degree / higher diploma,Riyadh,40,0
4163710,„Œ·’… Ã„—ﬂÌ…,0,3/8/2020,Wholesale & Import/Export Trade,Administration,0,0,0,0
4163208,Admin Assistant,Source2Hire,3/8/2020,Other Business Support Services,Administration,Bachelor's degree / higher diploma,0,0,0
4162464,Internal Auditor Administrative,0,3/7/2020,Manufacturing,Administration,Bachelor's degree / higher diploma,Yanbu,0,0
4160608,≈œ«—Ï „Êﬁ⁄,Alfanar Company,3/5/2020,Construction & Building,Administration,Bachelor's degree / higher diploma,Dammam,34,0
4159215,„œÌ—  ‘€Ì·,Ktaykit Fast Food ,3/4/2020,Catering Food Service & Restaurant,Administration,0,0,0,0
4159118,Data Entry,Source2Hire,3/4/2020,Other Business Support Services,Administration,Bachelor's degree / higher diploma,0,0,0
4158707,Document Controller,Zamil Offshore Services Company,3/3/2020,Oil & Gas,Administration,Bachelor's degree / higher diploma,0,50,0
4157848,„”∆Ê· «’Ê· ‘—ﬂÂ ‰ﬁ· ÀﬁÌ·,LEHA group ,3/2/2020,Motor Vehicle Passenger Transport,Administration,0,Riyadh,50,0
4157556,HR Specialist,0,3/2/2020,Corporate Management Office,Administration,Bachelor's degree / higher diploma,Khobar,0,0
4156852,Event Planner,ManpowerGroup Middle East,3/1/2020,Recruitment & Employee Placement Agency,Administration,Bachelor's degree / higher diploma,Riyadh,0,0
4155203,Real Estate Development Expert,Parsons - United Arab Emirates,2/27/2020,General Engineering Consultancy,Administration,0,Yanbu,0,0
4153388,appointment coordinator,Ahmed Abdullah Al Essa,2/25/2020,Wholesale & Import/Export Trade,Administration,0,Riyadh,0,0
4155153,Contract Administrator,Parsons - United Arab Emirates,2/27/2020,General Engineering Consultancy,Administration,0,Yanbu,0,0
4154774,Contracts Manager,Parsons - United Arab Emirates,2/27/2020,Construction & Building,Administration,Bachelor's degree / higher diploma,Riyadh,0,0
4143700,Coordinator-Admin,Le Meridien Al0,2/27/2020,Hospitality & Accomodation,Administration,Bachelor's degree / higher diploma,Khobar,0,0
4144147,secretary,Le Meridien Al0,2/27/2020,Hospitality & Accomodation,Administration,Bachelor's degree / higher diploma,Khobar,0,0
4146603,Asst Chief Engineer,Le Meridien Al0,2/27/2020,Hospitality & Accomodation,Administration,0,Khobar,0,0
4148788,AsstMgr-Banquets,Le Meridien Al0,2/27/2020,Hospitality & Accomodation,Administration,Bachelor's degree / higher diploma,Khobar,0,0
4154696,Executive Assistant,Tetra Pak ,2/27/2020,Administration Support Services,Administration,Bachelor's degree / higher diploma,NaN,0,0
4154666,Construction Technical Writer,Parsons - United Arab Emirates,2/27/2020,General Engineering Consultancy,Administration,Bachelor's degree / higher diploma,Riyadh,0,0
4154456,Executive Assistant To Chairman,0,2/26/2020,Corporate Management Office,Administration,Bachelor's degree / higher diploma,Khobar,0,0
4152797,Retail Coordinator,Tiffany & Co,2/24/2020,Jewelry & Gold,Administration,0,Riyadh,0,15000
4152780,Document Controller,MOBCO Group,2/24/2020,Construction & Building,Administration,0,Riyadh,0,0
4152702,Office Assistant,Mena Business Investment Group,2/24/2020,Civil Engineering,Administration,Certification / diploma,Riyadh,0,1500
4152662,Documents Controller,Arail Construction & Industrial Co. Ltd.,2/24/2020,Civil Engineering,Administration,0,Riyadh,0,0
4151013,”ﬂ— Ì—/…  «·„œÌ— «·⁄«„,Al Ma'athar,2/19/2020,Architecture,Administration,Certification / diploma,Riyadh,0,0
4116678,"Administration  Manager ""Saudi Only""",Alkifah Contracting,2/19/2020,Construction & Building,Administration,Bachelor's degree / higher diploma,NaN,0,0
4150687,„‘—› «œ«—Ì,0,2/18/2020,FMCG,Administration,Bachelor's degree / higher diploma,Buraidah,39,0
4150533,„”ƒÊ· ⁄·«ﬁ«  ÕﬂÊ„Ì…,Jazeera Paints Co,2/17/2020,Manufacturing,Administration,0,Riyadh,35,0
4150400,Senior - Economic Advisory,EY - United Arab Emirates,2/17/2020,Accounting,Administration,Bachelor's degree / higher diploma,Riyadh,0,0
4150370,Entertainment Booking Coordinator,ManpowerGroup Middle East,2/17/2020,Events Management,Administration,0,Riyadh,0,0
3896105,Shift Supervisor I (Utilities & Oil Movement Complex / Tank Farm),0Aramco Sinopec Refining - YASREF,12/30/2019,Oil & Gas,Administration,Certification / diploma,Yanbu,0,0
4099025,Project Management Office Specialist,PSDSARC,10/20/2019,--,Administration,Bachelor's degree / higher diploma,Riyadh,0,0
3844731,Administrative Specialist,0,10/18/2019,Other Business Support Services,Administration,Bachelor's degree / higher diploma,Riyadh,0,3000
3743801,„ÊŸ› Œœ„… ⁄„·«¡,0,11/15/2019,Human Resources Outsourcing,Administration,High school or equivalent,Riyadh,0,0
55074007,Legal Specialist- E1 Cluster,King Fahad Specialist Hospital,4/15/2020,Other Healthcare Services,Administration,0,Dammam,0,0
55051969,Clinical Revenue Specialist (E1- CLuster ),King Fahad Specialist Hospital,4/13/2020,Other Healthcare Services,Administration,0,Dammam,0,0
55051970,Business Investment Specialist (E1-Cluster),King Fahad Specialist Hospital,4/13/2020,Other Healthcare Services,Administration,0,Dammam,0,0
54879940,Media Planner,Aramco Services Company,3/28/2020,Oil & Gas,Administration,0,NaN,0,0
54731610,Clinical Admin (Makkah - ŸÖŸÉÿ©),Diaverum,3/20/2020,Medical Clinic,Administration,Bachelor's degree / higher diploma,Mecca,0,0
54670232,SUPPLIES PLANNER I,King Faisal Specialist Hospital & Research Centre,3/17/2020,Other Business Support Services,Administration,0,NaN,0,0
54670887,PHARMACEUTICAL PLANNER I,King Faisal Specialist Hospital & Research Centre,3/17/2020,Other Business Support Services,Administration,0,NaN,0,0
54674754,Medical Secretary,King Fahad Specialist Hospital,3/17/2020,Other Healthcare Services,Administration,0,Dammam,0,0
54630797,Maintenance Planner,Brunel,3/15/2020,Other Business Support Services,Administration,0,NaN,0,0
54592923,Receptionist Male,Namma Cargo,3/12/2020,Other Business Support Services,Administration,0,Khobar,0,0
54570027,COOP Training for Industrial Engineering & Supply Chain students - 0,Shahini Group,3/11/2020,Distribution & Logistics,Administration,Bachelor's degree / higher diploma,0,0,0
54524153,ADMISSION PLANNER,King Faisal Specialist Hospital & Research Centre,3/9/2020,Other Business Support Services,Administration,0,NaN,0,0
54419737,Executive Secretary - Saudi National,Centro Salama,3/4/2020,Hospitality & Accomodation,Administration,0,0,0,0
54384973,Clinical Admin (Khamees Mushait - ÿÆŸÖŸäÿ≥ ŸÖÿ¥Ÿäÿ∑),Diaverum,3/2/2020,Medical Clinic,Administration,Bachelor's degree / higher diploma,Khamis Mushait,0,0
54122458,Senior HR Executive,Alshaya Enterprises,2/19/2020,Heavy Industry & Metallurgy,Administration,Bachelor's degree / higher diploma,Riyadh,0,0
53877410,Planner,Contact Centers Company (CCC),2/11/2020,Management Consulting,Administration,0,NaN,0,0
53865200,Document Controller 2,AECOM,2/7/2020,Other Business Support Services,Administration,0,Riyadh,0,0
53848845,Admin Specialist,Modern Bus Company Ltd,2/4/2020,Motor Vehicle Passenger Transport,Administration,0,Mecca,0,0
53792776,Receiving Clerk (SAUDI ONLY),Marriott International Inc & Ritz Carlton Hotel Company L.L.C.,1/21/2020,Other Business Support Services,Administration,0,Riyadh,0,0
53635919,Strategic Planning Specialist,PSDSARC,1/4/2020,--,Administration,Bachelor's degree / higher diploma,Riyadh,0,0
53602803,planner,AECOM,1/1/2020,Construction & Building,Administration,0,Riyadh,0,0
53602853,Lead Planner,AECOM,1/1/2020,Construction & Building,Administration,0,Riyadh,0,0
53603658,Administration - Executive Secretary - Saudi National,Centro Shaheen,1/1/2020,Hospitality & Accomodation,Administration,0,NaN,0,0
53596169,„—«Ã⁄ œ«Œ·Ì,King Fahad Specialist Hospital,12/31/2019,Other Healthcare Services,Administration,0,Dammam,0,0
53547913,Senior Planner,AECOM,12/27/2019,Construction & Building,Administration,0,Riyadh,0,0
53377670,Urban planner,AECOM,12/10/2019,Construction & Building,Administration,0,Riyadh,0,0
53198863,Secretary-ÿ™ŸÉŸÑŸäŸÅ ÿØÿßÿÆŸÑŸä ŸÅŸÇÿ∑ ŸÑŸÖŸÜÿ≥Ÿàÿ®Ÿä ÿßŸÑÿ™ÿ¨ŸÖÿπ ÿßŸÑÿµÿ≠Ÿä ÿßŸÑÿ£ŸàŸÑ-ŸÖÿ±ŸÉÿ≤ ŸÖŸä ÿßŸÑÿ¨ÿ®ÿ± ÿßŸÑŸÖŸÜÿ∑ŸÇÿ© ÿßŸÑÿ¥ÿ±ŸÇŸäÿ©,King Fahad Specialist Hospital,11/24/2019,Other Healthcare Services,Administration,0,Dammam,0,0
52872336,Senior Manager - Administration (0),Auto Body & Paint Solutions,10/31/2019,Business Process Outsourcing (BPO),Administration,Bachelor's degree / higher diploma,0,0,0
52530333,Planner IV Maintenance Job,Tasnee,10/4/2019,Industrial Production,Administration,0,Jubail,0,0
52502774,Planner VI Job,Tasnee,10/2/2019,Industrial Production,Administration,0,Jizan,0,0
51210173,Supervisor Insurance & Claims,Modern Bus Company Ltd,9/2/2019,Other Business Support Services,Administration,0,Mecca,0,0
51210199,Marketing Manager,Modern Bus Company Ltd,9/2/2019,Motor Vehicle Passenger Transport,Administration,0,Mecca,0,0
51174346,Accommodation Supervisor,Modern Bus Company Ltd,8/15/2019,Motor Vehicle Passenger Transport,Administration,0,Mecca,0,0
51174347,BMS Technician,Modern Bus Company Ltd,8/15/2019,Motor Vehicle Passenger Transport,Administration,0,Mecca,0,0
51174348,Camp Staff Junior,Modern Bus Company Ltd,8/15/2019,Other Business Support Services,Administration,0,Mecca,0,0
51174349,Camp Staff Senior,Modern Bus Company Ltd,8/15/2019,Other Business Support Services,Administration,0,Mecca,0,0
51174360,Facility Manager,Modern Bus Company Ltd,8/15/2019,Other Business Support Services,Administration,0,Mecca,0,0
51174367,Quantity Surveyor (Claims),Modern Bus Company Ltd,8/15/2019,Motor Vehicle Passenger Transport,Administration,0,Mecca,0,0
51172024,Tranning Officer,Modern Bus Company Ltd,8/14/2019,Motor Vehicle Passenger Transport,Administration,0,Mecca,0,0
51172025,Training Supervisor - ŸÖÿ¥ÿ±ŸÅ ŸÇÿ≥ŸÖ ÿßŸÑÿ™ÿØÿ±Ÿäÿ®,Modern Bus Company Ltd,8/14/2019,Motor Vehicle Passenger Transport,Administration,Bachelor's degree / higher diploma,Mecca,0,0
51172026,Bus Driver‚Äôs Trainer,Modern Bus Company Ltd,8/14/2019,Motor Vehicle Passenger Transport,Administration,0,Mecca,0,0
51172027,CDC Trainer,Modern Bus Company Ltd,8/14/2019,Other Business Support Services,Administration,0,Mecca,0,0
51172028,Technical Bus Trainer,Modern Bus Company Ltd,8/14/2019,Motor Vehicle Passenger Transport,Administration,0,Mecca,0,0
51043497,HR Supervisor - ŸÖÿ¥ÿ±ŸÅ ŸÖŸàÿßÿ±ÿØ ÿ®ÿ¥ÿ±Ÿäÿ©,Modern Bus Company Ltd,6/21/2019,Other Business Support Services,Administration,High school or equivalent,Mecca,0,0
50536659,Nursing Education/Support - Education Coordinator,King Faisal Specialist Hospital - 0,1/7/2020,Medical Hospital,Administration,0,Riyadh,0,0
4177025,Estimation Engineer,0,4/15/2020,Oil & Gas,Engineering,0,Jubail,0,0
4176842,Systems Integration Manager,BWP ,4/14/2020,General Engineering Consultancy,Engineering,0,Riyadh,0,8000
4005782,Lead Process Engineer - offshore,0,4/13/2020,Oil & Gas,Engineering,0,Khobar,0,0
4173725,Senior Estimator,0,4/13/2020,Oil & Gas,Engineering,Bachelor's degree / higher diploma,0,0,0
3877257,Customer Support Engineer,Mitsubishi Hitachi Power Systems 0,4/11/2020,Installation & Technical Services,Engineering,Bachelor's degree / higher diploma,Dammam,36,0
3879626,Monitoring Engineer,Mitsubishi Hitachi Power Systems 0,4/11/2020,Installation & Technical Services,Engineering,Bachelor's degree / higher diploma,Dammam,35,0
3982754,Project Support Engineer,Mitsubishi Hitachi Power Systems 0,4/11/2020,Installation & Technical Services,Engineering,Bachelor's degree / higher diploma,Dammam,35,0
4150489,Field Service Engineer,Mitsubishi Hitachi Power Systems 0,4/11/2020,Technical Maintenance & Repair,Engineering,Bachelor's degree / higher diploma,Dammam,33,0
4163708,Senior React Native/ Flutter Developer:,0,4/11/2020,Software Development,Engineering,Bachelor's degree / higher diploma,Riyadh,0,0
4176251,Electromechanical Engineer,0,4/11/2020,Facilities & Property Management,Engineering,Bachelor's degree / higher diploma,Riyadh,0,0
4175625,Electrical Site Engineer,I-Talent,4/7/2020,Electrical Engineering; Mechanical Engineering; General Engineering Consultancy,Engineering,Bachelor's degree / higher diploma,Riyadh,0,0
4175555,Mechanical Engineer,Middle East Tasks Co. Ltd. (METCO),4/7/2020,Human Resources Outsourcing,Engineering,Bachelor's degree / higher diploma,Mecca,0,0
4175447,Security Systems Engineer,Middle East Tasks Co. Ltd. (METCO),4/6/2020,Human Resources Outsourcing,Engineering,Bachelor's degree / higher diploma,Mecca,0,0
4175443,QA/HSE Manager (KSA National),Michael Page,4/6/2020,FMCG,Engineering,0,NaN,0,0
4175442,Computer Network Engineer,Middle East Tasks Co. Ltd. (METCO),4/6/2020,Human Resources Outsourcing,Engineering,Bachelor's degree / higher diploma,Mecca,0,0
4175433,Fire alarm electronics technician,Middle East Tasks Co. Ltd. (METCO),4/6/2020,Human Resources Outsourcing,Engineering,Bachelor's degree / higher diploma,Mecca,0,0
4175430,Radio & Core Performance Engineer,LCC KSA,4/6/2020,Telecommunications,Engineering,0,Riyadh,0,0
4175425,Air conditioning and cooling controller,Middle East Tasks Co. Ltd. (METCO),4/6/2020,Human Resources Outsourcing,Engineering,Bachelor's degree / higher diploma,Mecca,0,0
4175421,Cooling and Air Conditioning Engineer,Middle East Tasks Co. Ltd. (METCO),4/6/2020,Human Resources Outsourcing,Engineering,Bachelor's degree / higher diploma,Mecca,0,0
4175419,Civil Supervisor,Middle East Tasks Co. Ltd. (METCO),4/6/2020,Human Resources Outsourcing,Engineering,Bachelor's degree / higher diploma,Mecca,0,0
4175373,Onshore Floorman,Progressive GE,4/6/2020,Oil & Gas,Engineering,0,NaN,0,0
4174961,Senior Technical Adviser - Policies & Procedures,I-Talent,4/2/2020,Mechanical Engineering; General Engineering Consultancy,Engineering,Bachelor's degree / higher diploma,Riyadh,0,0
4023606,Senior Utility Engineer,0,3/31/2020,Oil & Gas,Engineering,0,0,0,0
4023658,Sr. Environmental Specialist,0,3/31/2020,Oil & Gas,Engineering,0,0,0,0
4038324,Project Engineering Manager - Petrochemical,0,3/31/2020,Oil & Gas,Engineering,0,Jubail,0,0
4005718,Pipeline Designer,0,3/31/2020,Oil & Gas,Engineering,0,Khobar,0,0
4174377,Environmental Engineer,JAL Human Resources Co.,3/30/2020,Oil & Gas,Engineering,Bachelor's degree / higher diploma,Yanbu,0,6000
4174259,Quantity Surveyor ‚Äì MEP,0,3/29/2020,Real Estate,Engineering,0,Riyadh,0,0
4147274,CONTINUOUS IMPROVEMENT ENGINEER,TORAY Middle East TMME,3/29/2020,Automotive Manufacture,Engineering,Bachelor's degree / higher diploma,0,0,0
4174248,QA/QC Engineer (Civil/Architecture/Electrical/ Mechanical),MOBCO Group,3/29/2020,Construction & Building,Engineering,0,Riyadh,0,0
4174241,Draftsman (MEP / Electromechanical),MOBCO Group,3/29/2020,Construction & Building,Engineering,0,Riyadh,0,0
4174240,Draftsman (Civil & Architecture),MOBCO Group,3/29/2020,Construction & Building,Engineering,0,Riyadh,0,0
4174145,Mobile Operations Inspector,Saudi Railway Company (SAR),3/27/2020,Metro & Rail Passenger Transport,Engineering,Certification / diploma,Riyadh,0,0
4174107,Infrastructure Network Planning Engineer,Saudi Railway Company (SAR),3/27/2020,Metro & Rail Passenger Transport,Engineering,Bachelor's degree / higher diploma,Riyadh,0,0
4173961,Technical Office Engineer,M. M. Al Harbi & Partner Co. Ltd  ,3/26/2020,Civil Engineering,Engineering,0,Dammam,0,0
4173740,Drilling Rig Crew -  Saudi,Progressive GE,3/24/2020,Oil & Gas,Engineering,0,NaN,0,0
4135178,Lead Flow Assurance Engineer,0,3/24/2020,Oil & Gas,Engineering,Bachelor's degree / higher diploma,0,0,0
4173659,Engineering Dept Manager,Parsons - United Arab Emirates,3/24/2020,General Engineering Consultancy,Engineering,0,Yanbu,0,0
4173658,Senior Urban Planner Lead,Parsons - United Arab Emirates,3/24/2020,General Engineering Consultancy,Engineering,0,Yanbu,0,0
4173656,Sr. Resident Construction Manager,Parsons - United Arab Emirates,3/24/2020,General Engineering Consultancy,Engineering,0,Yanbu,0,0
4173480,Commissioning Engineer,Progressive GE,3/23/2020,Oil & Gas,Engineering,0,NaN,0,0
4173281,Combustion Lead Engineer,0,3/22/2020,Petrochemicals & Refined Petroleum Products Manufacture,Engineering,Bachelor's degree / higher diploma,Khobar,0,0
4166675,RIGGER- LEVEL III,JAL Human Resources Co.,3/21/2020,Oil & Gas,Engineering,0,0,0,0
4172935,„œÌ— „‘«—Ì⁄,‘—ﬂ… «·Â‰œ”… Ê«·«‰‘«¡« ,3/19/2020,Project & Construction Planning,Engineering,0,Riyadh,0,0
4172934,Mechanical Engineer,0,3/19/2020,Oil & Gas,Engineering,Bachelor's degree / higher diploma,0,0,0
4172923,Mechanical Engineer,0,3/19/2020,Oil & Gas,Engineering,Bachelor's degree / higher diploma,0,0,0
4172915,Maintenance Planning Engineer,0,3/19/2020,Oil & Gas,Engineering,Bachelor's degree / higher diploma,0,0,0
4170380,Engineer - Fixed Equipment,0,3/16/2020,Oil & Gas; Crude Petroleum & Gas Extraction,Engineering,Bachelor's degree / higher diploma,Jubail,0,0
4169851,AFC Manager,BWP ,3/15/2020,General Engineering Consultancy,Engineering,0,Riyadh,0,9000
4169852,Signaling & Communications Manager,BWP ,3/15/2020,General Engineering Consultancy,Engineering,0,Riyadh,0,9000
4135159,HSE Manager,0,3/15/2020,Oil & Gas,Engineering,Bachelor's degree / higher diploma,Khobar,0,0
4135171,HSE Engineer,0,3/15/2020,Oil & Gas,Engineering,Bachelor's degree / higher diploma,Khobar,0,0
4005717,Senior Pipeline Designer,0,3/15/2020,Oil & Gas,Engineering,0,Khobar,0,0
4005720,OSP Engineer,0,3/15/2020,Oil & Gas,Engineering,0,Khobar,0,0
4005721,Graduate Pipeline Designer,0,3/15/2020,Oil & Gas,Engineering,0,Khobar,0,0
4005724,Graduate Security Engineer,0,3/15/2020,Oil & Gas,Engineering,0,Khobar,0,0
4005778,SP3D System Engineer,0,3/15/2020,Oil & Gas,Engineering,0,Khobar,0,0
4038326,Materials and Corrosion Engineer,0,3/15/2020,Oil & Gas,Engineering,0,Khobar,0,0
4165815,Facility Manager,Kitopi,3/10/2020,Food & Beverage Production; Catering Food Service & Restaurant,Engineering,Bachelor's degree / higher diploma,Riyadh,0,0
4164708,Geotechnical Engineer,Progressive GE,3/9/2020,Accounting,Engineering,0,NaN,0,10000
4155855,Site Engineer,0,2/28/2020,Construction & Building,Engineering,Bachelor's degree / higher diploma,Dammam,0,2000
4164653,RAMS Manager (Riyadh Metro Project),Mena Business Investment Group,3/9/2020,Civil Engineering,Engineering,Bachelor's degree / higher diploma,Riyadh,0,15000
4146122,Structural Engineer - Precast Exp,Alkifah Contracting,3/9/2020,Civil Engineering,Engineering,0,0,0,0
4164485,Freelancer-Telecom Expert(Operation & Maintenance),ELM,3/9/2020,IT Services,Engineering,0,Riyadh,0,0
4163772,Project Manager,Rawaj Co. for Recruitment,3/8/2020,Electric Power Production & Transmission,Engineering,Bachelor's degree / higher diploma,Khobar,35,0
4163709,Sr. Contract Engineer,Rawaj Co. for Recruitment,3/8/2020,Civil Engineering,Engineering,Bachelor's degree / higher diploma,0,35,0
4163666,Associate Project Manager,Rawaj Co. for Recruitment,3/8/2020,Electric Power Production & Transmission,Engineering,Bachelor's degree / higher diploma,0,38,0
4163581,Senior Schedule Control Engineer,0,3/8/2020,Oil & Gas,Engineering,Bachelor's degree / higher diploma,Khobar,0,0
4122590,Irrigation Engineer,Al Mashrik Company,3/5/2020,Civil Engineering,Engineering,Bachelor's degree / higher diploma,Riyadh,0,0
4160602,Facilities Project Manager (IFM),QS Quest Ltd,3/5/2020,Facilities & Property Management,Engineering,0,Riyadh,0,10000
4160288,Project Manager - Construction Oil & Gas,The Gulf Recruitment Group,3/5/2020,Oil & Gas,Engineering,Bachelor's degree / higher diploma,Jubail,55,0
4159467,Facilities Manager,0,3/4/2020,Wholesale & Import/Export Trade,Engineering,Bachelor's degree / higher diploma,0,0,0
4159166,Quantity Surveyor,Red Sea International Company ,3/4/2020,Construction & Building,Engineering,0,Jubail,30,0
4158715,Rigger III (Saudi Aramco Certified),Zamil Offshore Services Company,3/3/2020,Oil & Gas,Engineering,Certification / diploma,0,0,0
4158713,Ac Mechanic,Zamil Offshore Services Company,3/3/2020,Oil & Gas,Engineering,Certification / diploma,0,0,0
4158695,QC Welding Inspector,Zamil Offshore Services Company,3/3/2020,Oil & Gas,Engineering,Bachelor's degree / higher diploma,0,50,3000
4151686,Construction Manager - Industrial,Nesma & Partners,3/3/2020,Oil & Gas,Engineering,Bachelor's degree / higher diploma,NaN,0,0
4158617,Lead Estimation / Proposals Engineer,Zamil Offshore Services Company,3/3/2020,Oil & Gas,Engineering,0,0,55,0
4158307,MRICS Quantity Surveyor,Progressive GE,3/3/2020,Accounting,Engineering,0,NaN,0,0
4156827,„‰”ﬁ „‘«—Ì⁄  ⁄ﬁ«—Ì…,Al-Shemal,3/1/2020,Business Support Services,Engineering,Certification / diploma,Riyadh,0,0
4155224,Sr. Radar Engineer,Parsons - United Arab Emirates,2/27/2020,General Engineering Consultancy,Engineering,0,Yanbu,0,0
4155220,Air Worthiness Engineer,Parsons - United Arab Emirates,2/27/2020,General Engineering Consultancy,Engineering,0,Yanbu,0,0
4155219,Wireless Communications Engineer,Parsons - United Arab Emirates,2/27/2020,General Engineering Consultancy,Engineering,0,Yanbu,0,0
4155218,Quantity Surveyor,Al Khinji Recruitment,2/27/2020,Recruitment & Employee Placement Agency,Engineering,Bachelor's degree / higher diploma,Riyadh,0,0
4155217,Airborne Radar Specialist,Parsons - United Arab Emirates,2/27/2020,General Engineering Consultancy,Engineering,0,Yanbu,0,0
4155216,AWACS Radar System Engineer,Parsons - United Arab Emirates,2/27/2020,General Engineering Consultancy,Engineering,0,Ras Al Khair,0,0
4155215,TPS-78 Radar Engineer,Parsons - United Arab Emirates,2/27/2020,General Engineering Consultancy,Engineering,0,Ras Al Khair,0,0
4155214,Communications Engineer,Parsons - United Arab Emirates,2/27/2020,General Engineering Consultancy,Engineering,0,Ras Al Khair,0,0
4155210,Radar Engineer,Parsons - United Arab Emirates,2/27/2020,General Engineering Consultancy,Engineering,0,Yanbu,0,0
4155211,Aviation Supply Advisor,Parsons - United Arab Emirates,2/27/2020,General Engineering Consultancy,Engineering,0,Yanbu,0,0
4155208,Secure Communications Encryption Expert,Parsons - United Arab Emirates,2/27/2020,General Engineering Consultancy,Engineering,0,Yanbu,0,0
4155206,Senior Urban Planner Lead,Parsons - United Arab Emirates,2/27/2020,General Engineering Consultancy,Engineering,0,Yanbu,0,0
4155204,Principal Scheduler (Salary),Parsons - United Arab Emirates,2/27/2020,General Engineering Consultancy,Engineering,0,Yanbu,0,0
4155199,Recyclable Waste Specialist,Parsons - United Arab Emirates,2/27/2020,General Engineering Consultancy,Engineering,0,Yanbu,0,0
4155170,Senior Supervisor - CAD Draft Designer/BIM Manager,Parsons - United Arab Emirates,2/27/2020,General Engineering Consultancy,Engineering,0,Yanbu,0,0
4155167,Project Manager / Project Engineer ‚Äì (PMT),Parsons - United Arab Emirates,2/27/2020,General Engineering Consultancy,Engineering,0,Yanbu,0,0
4155166,Port Engineering Manager,Parsons - United Arab Emirates,2/27/2020,General Engineering Consultancy,Engineering,0,Yanbu,0,0
4155162,Senior Member Technical Staff Electrical - Design Unit,Parsons - United Arab Emirates,2/27/2020,General Engineering Consultancy,Engineering,0,Yanbu,0,0
4155159,Resident Construction Engineer  Civil,Parsons - United Arab Emirates,2/27/2020,General Engineering Consultancy,Engineering,0,Yanbu,0,0
4155158,Resident Construction Engineer - Electrical ‚Äì Buildings,Parsons - United Arab Emirates,2/27/2020,General Engineering Consultancy,Engineering,0,Yanbu,0,0
4155157,Heavy Industrial Project Manager,Parsons - United Arab Emirates,2/27/2020,General Engineering Consultancy,Engineering,0,Yanbu,0,0
4154930,Electrical Engineer - Telecoms,Parsons - United Arab Emirates,2/27/2020,General Engineering Consultancy,Engineering,0,Yanbu,0,0
4154903,Principal Electrical Engineer - Telecoms,Parsons - United Arab Emirates,2/27/2020,General Engineering Consultancy,Engineering,0,Yanbu,0,0
4154900,Engineering Department Manager,Parsons - United Arab Emirates,2/27/2020,General Engineering Consultancy,Engineering,Bachelor's degree / higher diploma,Jizan,0,0
4154897,Principal Supervising Engineer - Mechanical,Parsons - United Arab Emirates,2/27/2020,General Engineering Consultancy,Engineering,0,Yanbu,0,0
4154892,Principal Project Engineer - Electrical,Parsons - United Arab Emirates,2/27/2020,General Engineering Consultancy,Engineering,0,Yanbu,0,0
4154880,Contracts and Procurement Manager,Parsons - United Arab Emirates,2/27/2020,General Engineering Consultancy,Engineering,0,Yanbu,0,0
4154885,Project Manager - Sea Water Cooling,Parsons - United Arab Emirates,2/27/2020,General Engineering Consultancy,Engineering,Bachelor's degree / higher diploma,Jizan,0,0
4154882,Engineering Internship 2020,Bupa Arabia,2/27/2020,Insurance & TPA,Engineering,0,0,0,0
4154881,Project Management Department Manager,Parsons - United Arab Emirates,2/27/2020,General Engineering Consultancy,Engineering,Bachelor's degree / higher diploma,Jizan,0,0
4154874,Maintenance Manager,Ash-Sharafiya,2/27/2020,Medical Clinic; Medical Hospital,Engineering,Bachelor's degree / higher diploma,0,0,0
4154877,Senior Industrial Master Planner,Parsons - United Arab Emirates,2/27/2020,General Engineering Consultancy,Engineering,0,Yanbu,0,0
4154871,Senior Member Technical Staff - Civil,Parsons - United Arab Emirates,2/27/2020,General Engineering Consultancy,Engineering,0,Yanbu,0,0
4154842,Quantity Surveyor - Jazan,Parsons - United Arab Emirates,2/27/2020,General Engineering Consultancy,Engineering,Bachelor's degree / higher diploma,Jizan,0,0
4154816,Deputy Chief Operating Officer,Parsons - United Arab Emirates,2/27/2020,General Engineering Consultancy,Engineering,Bachelor's degree / higher diploma,Jizan,0,0
4154790,Senior Urban Designer,Parsons - United Arab Emirates,2/27/2020,General Engineering Consultancy,Engineering,Bachelor's degree / higher diploma,Jizan,0,0
4154771,Commercial Director,Parsons - United Arab Emirates,2/27/2020,Construction & Building,Engineering,Bachelor's degree / higher diploma,Riyadh,0,0
4154755,Inspector Infrastructure,Parsons - United Arab Emirates,2/27/2020,General Engineering Consultancy,Engineering,Bachelor's degree / higher diploma,Riyadh,0,0
4154728,Planning Engineer,Parsons - United Arab Emirates,2/27/2020,General Engineering Consultancy,Engineering,Bachelor's degree / higher diploma,Riyadh,0,0
4154725,Senior Marine Engineer,Parsons - United Arab Emirates,2/27/2020,Construction & Building,Engineering,Bachelor's degree / higher diploma,Riyadh,0,0
4154724,Scheduler,Parsons - United Arab Emirates,2/27/2020,Construction & Building,Engineering,Bachelor's degree / higher diploma,Riyadh,0,0
4154721,Project Manager,Parsons - United Arab Emirates,2/27/2020,Construction & Building,Engineering,Bachelor's degree / higher diploma,Riyadh,0,0
4154720,Design Manager,Parsons - United Arab Emirates,2/27/2020,Construction & Building,Engineering,Bachelor's degree / higher diploma,Riyadh,0,0
4154719,BIM Coordinator,Parsons - United Arab Emirates,2/27/2020,Construction & Building,Engineering,Bachelor's degree / higher diploma,Riyadh,0,0
4154717,QAQC Director,Parsons - United Arab Emirates,2/27/2020,Construction & Building,Engineering,Bachelor's degree / higher diploma,Riyadh,0,0
4154716,Knowledge Transfer Director,Parsons - United Arab Emirates,2/27/2020,Construction & Building,Engineering,Bachelor's degree / higher diploma,Riyadh,0,0
4154698,Senior Planning Manager,Parsons - United Arab Emirates,2/27/2020,Construction & Building,Engineering,Bachelor's degree / higher diploma,Riyadh,0,0
4154694,Senior Commercial Manager,Parsons - United Arab Emirates,2/27/2020,Construction & Building,Engineering,Bachelor's degree / higher diploma,Riyadh,0,0
4154662,Deputy PD Commercial & Controls,Parsons - United Arab Emirates,2/27/2020,Construction & Building,Engineering,Bachelor's degree / higher diploma,Riyadh,0,0
4154660,Interface and Stakeholder Manager,Parsons - United Arab Emirates,2/27/2020,Construction & Building,Engineering,Bachelor's degree / higher diploma,Riyadh,0,0
4154657,Contracts Manager,Parsons - United Arab Emirates,2/27/2020,Construction & Building,Engineering,Bachelor's degree / higher diploma,Riyadh,0,0
4154099,„”«⁄œ „œÌ— „‘«—Ì⁄ ,0,2/26/2020,General Engineering Consultancy,Engineering,Bachelor's degree / higher diploma,0,45,0
4153571,Electro-mechanical Engineer,Jazeera Paints Co,2/25/2020,Manufacturing,Engineering,0,Khamis Mushait,0,0
4152788,Planning Engineer,MOBCO Group,2/24/2020,Construction & Building,Engineering,0,Riyadh,0,0
4152738,Estimation Engineer (Mechanical),MOBCO Group,2/24/2020,Construction & Building,Engineering,0,Riyadh,0,0
4152734,Estimation Engineer (Electrical),MOBCO Group,2/24/2020,Construction & Building,Engineering,0,Riyadh,0,0
4152731,Procurement Engineer,Arail Construction & Industrial Co. Ltd.,2/24/2020,Construction & Building,Engineering,Bachelor's degree / higher diploma,Riyadh,0,0
4152719,Manager Construction,Kinan International Real Estate Development Co.,2/24/2020,Real Estate,Engineering,Bachelor's degree / higher diploma,Riyadh,0,0
4152664,Site Engineer (Architecture),MOBCO Group,2/24/2020,Construction & Building,Engineering,0,Riyadh,0,0
4152180,Electrical Engineer,Future Careers Middle East Freezone LLC,2/23/2020,Construction & Building; Electrical Engineering,Engineering,Bachelor's degree / higher diploma,Khobar,32,0
4152292,Network Engineer,«·„‰«“· «·⁄—»Ì…,2/23/2020,Graphic Design,Engineering,0,Riyadh,0,0
4152136,Lifting Engineer,I-Talent,2/23/2020,General Engineering Consultancy; Industrial Engineering & Automation; Mechanical Engineering,Engineering,Bachelor's degree / higher diploma,Riyadh,0,0
4094137, Engineering Director,Almadinah Region Development Authority,2/20/2020,Non-profit Organization,Engineering,Bachelor's degree / higher diploma,Medina,0,0
4151150,General Manager Construction,Progressive GE,2/19/2020,Accounting,Engineering,0,NaN,0,0
4151010,Technical Specification Manager - Lebanon OR KSA,Amaken sarl,2/19/2020,Manufacturing,Engineering,0,0,0,0
4151001,MEP Planning Engineer,Al Noor Al Rakhi Contracting Company,2/19/2020,Construction & Building,Engineering,Bachelor's degree / higher diploma,0,0,0
4150940,Well Test Supervisor,Progressive GE,2/19/2020,Oil & Gas,Engineering,0,NaN,0,0
4150925,Future Talent Program 2020 - Saudi,Tetra Pak ,2/19/2020,General Engineering Consultancy,Engineering,Bachelor's degree / higher diploma,NaN,0,0
4150877,Industrial Hygienist,0,2/18/2020,Safety & Environment,Engineering,Bachelor's degree / higher diploma,Jubail,0,0
4150545,bms engineer,SDT international,2/17/2020,Other Business Support Services,Engineering,Master's degree,Riyadh,0,0
4150497,Process Lead Engineer,JGC Gulf International Co. Ltd.,2/17/2020,Oil & Gas,Engineering,Bachelor's degree / higher diploma,Khobar,0,0
4150359,Maintenance Manager,0,2/17/2020,Other Business Support Services,Engineering,Bachelor's degree / higher diploma,NaN,0,0
4150344,Workshop Manager,M. M. Al Harbi & Partner Co. Ltd  ,2/17/2020,Civil Engineering,Engineering,Bachelor's degree / higher diploma,Dammam,0,0
4150243,Electrical Engineer,Nesma Water & Energy,2/16/2020,Construction & Building,Engineering,Bachelor's degree / higher diploma,Tabouk,0,0
4150241,T102 - Mechanical Engineer,Nesma Water & Energy,2/16/2020,Construction & Building,Engineering,Bachelor's degree / higher diploma,Tabouk,0,0
3968408,Area Manager - Utilities Complex,0Aramco Sinopec Refining - YASREF,12/30/2019,Oil & Gas,Engineering,Bachelor's degree / higher diploma,Yanbu,0,0
3970490,Area Manager - Diesel Complex,0Aramco Sinopec Refining - YASREF,12/30/2019,Oil & Gas,Engineering,Bachelor's degree / higher diploma,Yanbu,0,0
4005333,Flight Control and Simulation Engineer (ŸÖŸáŸÜÿØÿ≥ ŸÜÿ∏ŸÖ ÿßŸÑÿ™ÿ≠ŸÉŸÖ),PSDSARC,7/28/2019,Aerospace,Engineering,Bachelor's degree / higher diploma,Riyadh,0,0
4005332,Embedded Systems Engineer,PSDSARC,7/28/2019,Aerospace,Engineering,Bachelor's degree / higher diploma,Riyadh,0,0
3991007,Automation Engineer,PSDSARC,7/22/2019,Aerospace,Engineering,Bachelor's degree / higher diploma,Riyadh,0,0
3991013,Embedded Control Systems Engineer,PSDSARC,7/22/2019,Aerospace,Engineering,Bachelor's degree / higher diploma,Riyadh,0,0
3709729,„Â‰œ” ⁄„·Ì« ,0,3/26/2020,Human Resources Outsourcing,Engineering,Bachelor's degree / higher diploma,Riyadh,0,0
55077695,Total Healthcare Solutions Projects Specialist,Merge,4/16/2020,Other Business Support Services,Engineering,0,0,0,0
55077737,Biomedical Engineer ( Mechanical ventilators ),Merge,4/16/2020,Other Business Support Services,Engineering,0,Riyadh,0,0
55080915,Cost Control Leader Marjan Project,Tecnicas Reunidas S A,4/16/2020,Oil & Gas,Engineering,0,NaN,0,0
55082962,H&B Trans Leader (3PL) KSA,Afaq Q Tech General Trading,4/16/2020,Other Business Support Services,Engineering,0,Riyadh,0,0
55083313,Drilling Engineer,Techbridge Market,4/16/2020,Oil & Gas,Engineering,0,NaN,0,0
55066229,Senior Structural Engineer,Merge,4/15/2020,Other Business Support Services,Engineering,0,Riyadh,0,0
55071831,Petroleum Engineer - (Production Planning Specialist - Upstream Development Strategy),Saudi Aramco Shell Refining - SASREF,4/15/2020,Other Business Support Services,Engineering,0,NaN,0,0
55071914,Reservoir Simulation Engineer,Saudi Aramco Shell Refining - SASREF,4/15/2020,Other Business Support Services,Engineering,0,NaN,0,0
55072077,Industrial Engineer - Misk Academy Virtual Career Fair 2020,johnsoncontrols,4/15/2020,Other Business Support Services,Engineering,0,0,0,0
55072260,Electrical Engineer - Misk Academy Virtual Career Fair 2020,johnsoncontrols,4/15/2020,Other Business Support Services,Engineering,0,0,0,0
55072276,Geological Modeler,Saudi Aramco Shell Refining - SASREF,4/15/2020,Other Business Support Services,Engineering,0,NaN,0,0
55072277,Petroleum Engineer (Reserves Specialist - Upstream Development Strategy),Saudi Aramco Shell Refining - SASREF,4/15/2020,Other Business Support Services,Engineering,0,NaN,0,0
55072468,Structure Designer - Intermediate,MPH Consulting Services,4/15/2020,General Engineering Consultancy,Engineering,0,NaN,0,0
55073035,Structure Designer - Intermediate,Mph Consulting Services Dmcc,4/15/2020,Oil & Gas,Engineering,0,Riyadh,0,0
55052990,Facilities Management & Buildings Manager,SNC Lavalin,4/14/2020,Other Business Support Services,Engineering,0,Riyadh,0,0
55057909,Bit9 - Carbon Black-Lead,Wipro,4/14/2020,IT Services,Engineering,0,Jubail,0,0
55060567,Services/Projects Administrator (Saudi National),Emerson Electric,4/14/2020,General Engineering Consultancy,Engineering,0,Khobar,0,0
55016390,Sr Electrical Engineer II,Raytheon ,4/10/2020,Other Business Support Services,Engineering,0,0,0,0
55016471,Principal Database Admin,Raytheon ,4/10/2020,Other Business Support Services,Engineering,0,0,0,0
55022478,Embedded Systems Software Engineer,PSDSARC,4/10/2020,--,Engineering,Bachelor's degree / higher diploma,Riyadh,0,0
54991811,Power Systems Protection Engineer,Saudi Aramco Shell Refining - SASREF,4/8/2020,Other Business Support Services,Engineering,0,NaN,0,0
54972960,Energy Leader (KSA),Nokia,4/7/2020,Other Business Support Services,Engineering,0,Riyadh,0,0
54972966,Energy Leader (KSA),Nokia,4/7/2020,Other Business Support Services,Engineering,0,Khobar,0,0
54973136,Government Leader (KSA),Nokia,4/7/2020,Other Business Support Services,Engineering,0,Riyadh,0,0
54965592,Project Manager,M.S. Al-Suwaidi Contracting Establishment (MSAS),4/6/2020,Oil & Gas,Engineering,Bachelor's degree / higher diploma,Rabigh,0,0
54921287,SAP FI - Contract Accounting-Lead,Wipro,4/3/2020,IT Services,Engineering,0,Riyadh,0,0
54908479,Estimating Engineer (ACCE/K-Base),SNC Lavalin,4/2/2020,Other Business Support Services,Engineering,0,Khobar,0,0
54856948,Marine Port Engineer,Aramco Services Company,3/29/2020,Oil & Gas,Engineering,0,NaN,0,0
54858802,Senior DB2 Database Administrator,Giza Systems,3/29/2020,Higher Education,Engineering,Bachelor's degree / higher diploma,Riyadh,0,0
54866582,Sustainability Research Analyst,Aramco Services Company,3/29/2020,Oil & Gas,Engineering,0,NaN,0,0
54881251,Manufacturing Planning Engineer - Refinery,Aramco Services Company,3/29/2020,Oil & Gas,Engineering,0,NaN,0,0
54881260,Petroleum Engineer (Flow Assurance Specialist),Aramco Services Company,3/29/2020,Oil & Gas,Engineering,0,NaN,0,0
54881273,Electrical Engineer (Distribution Systems),Aramco Services Company,3/29/2020,Oil & Gas,Engineering,0,NaN,0,0
54881275,Instrumentation Engineer - Refinery,Aramco Services Company,3/29/2020,Oil & Gas,Engineering,0,NaN,0,0
54881276,Electrical Project Engineer,Aramco Services Company,3/29/2020,Oil & Gas,Engineering,0,NaN,0,0
54881938,Electrical Engineer,Aramco Services Company,3/29/2020,Oil & Gas,Engineering,0,NaN,0,0
54842291,Automation and Digitalization Research Director,Aramco Services Company,3/28/2020,Oil & Gas,Engineering,0,NaN,0,0
54842327,Marine Facilities Engineer,Aramco Services Company,3/28/2020,Oil & Gas,Engineering,0,NaN,0,0
54842660,Senior structural Engineer,Mph Consulting Services Dmcc,3/28/2020,Oil & Gas,Engineering,0,Riyadh,0,0
54842692,Intermediate Structural Engineer,Mph Consulting Services Dmcc,3/28/2020,Oil & Gas,Engineering,0,Riyadh,0,0
54842714,Senior Electrical Engineer,Mph Consulting Services Dmcc,3/28/2020,Oil & Gas,Engineering,0,Riyadh,0,0
54857008,Protection Engineer/ hydrogeologist - groundwater,Aramco Services Company,3/28/2020,Oil & Gas,Engineering,0,NaN,0,0
54866588,Energy Economics Specialist - Electric,Aramco Services Company,3/28/2020,Oil & Gas,Engineering,0,NaN,0,0
54879847,Civil Project Engineer,Aramco Services Company,3/28/2020,Oil & Gas,Engineering,0,NaN,0,0
54879892,Reservoir Simulation Engineer,Aramco Services Company,3/28/2020,Oil & Gas,Engineering,0,NaN,0,0
54880111,Industrial Project Engineer,Aramco Services Company,3/28/2020,Oil & Gas,Engineering,0,NaN,0,0
54880343,Petroleum Surveyor,Aramco Services Company,3/28/2020,Oil & Gas,Engineering,0,NaN,0,0
54880946,Petroleum Engineer - Unconventional Simulation Engineer (Ultra Tight/Tight Sand and Channel Reservoir),Aramco Services Company,3/28/2020,Oil & Gas,Engineering,0,NaN,0,0
54881053,Advanced Process Control Systems Engineer - Blending & Movement Automation,Aramco Services Company,3/28/2020,Oil & Gas,Engineering,0,NaN,0,0
54881069,Reservoir Engineer for Unconventional Reservoir (Ultra Tight/Tight Sand and Channel Reservoir),Aramco Services Company,3/28/2020,Oil & Gas,Engineering,0,NaN,0,0
54881074,Drilling Engineer - Completions & Liner Hanger Specialist,Aramco Services Company,3/28/2020,Oil & Gas,Engineering,0,NaN,0,0
54881080,Civil Engineer - Refinery,Aramco Services Company,3/28/2020,Oil & Gas,Engineering,0,NaN,0,0
54881082,Industrial Computer Engineer (Control Systems),Aramco Services Company,3/28/2020,Oil & Gas,Engineering,0,NaN,0,0
54881083,Petroleum Engineer,Aramco Services Company,3/28/2020,Oil & Gas,Engineering,0,NaN,0,0
54881087,Environmental Engineer - Refinery,Aramco Services Company,3/28/2020,Oil & Gas,Engineering,0,NaN,0,0
54881099,Civil/Structural Engineer,Aramco Services Company,3/28/2020,Oil & Gas,Engineering,0,NaN,0,0
54881101,Safety Engineer - Refinery,Aramco Services Company,3/28/2020,Oil & Gas,Engineering,0,NaN,0,0
54881120,Oil Production Engineer,Aramco Services Company,3/28/2020,Oil & Gas,Engineering,0,NaN,0,0
54881123,Control Systems Engineer,Aramco Services Company,3/28/2020,Oil & Gas,Engineering,0,NaN,0,0
54881128,Systems Engineer - GE Digital Certified,Aramco Services Company,3/28/2020,Oil & Gas,Engineering,0,NaN,0,0
54881140,Utility System Engineer,Aramco Services Company,3/28/2020,Oil & Gas,Engineering,0,NaN,0,0
54881284,Energy Life-Cycle Emissions Analyst,Aramco Services Company,3/28/2020,Oil & Gas,Engineering,0,NaN,0,0
54881301,ELECTRICAL ENGINEER,Aramco Services Company,3/28/2020,Oil & Gas,Engineering,0,NaN,0,0
54881308,Geological Modeler,Aramco Services Company,3/28/2020,Oil & Gas,Engineering,0,NaN,0,0
54881934,Drilling Engineer,Aramco Services Company,3/28/2020,Oil & Gas,Engineering,0,NaN,0,0
54807462,Client Technical Leader - Telco,Gulf Business Machines PND,3/26/2020,IT Services,Engineering,0,NaN,0,0
54717006,Senior Civil Engineer,Stantec,3/19/2020,Other Business Support Services,Engineering,0,Riyadh,0,0
54693539,Embedded Systems Design Expert,PSDSARC,3/18/2020,--,Engineering,Master's degree,Riyadh,0,0
54639400,General Manager - Nobu Restaurant,NOBU HOTELS,3/15/2020,Other Business Support Services,Engineering,0,Riyadh,0,0
54586370,Quantity Surveyor,Brandon James Ltd,3/12/2020,Other Business Support Services,Engineering,0,NaN,0,0
54561368,SAP APO - Demand Planning-Lead,Wipro,3/11/2020,IT Services,Engineering,0,Jubail,0,0
54561564,SAP LE - Logistics Execution-Lead,Wipro,3/11/2020,IT Services,Engineering,0,Jubail,0,0
54539665,SITE ENGINEER ELECTRICAL,King Faisal Specialist Hospital & Research Centre,3/10/2020,Other Business Support Services,Engineering,0,Riyadh,0,0
54497362,#NAME?,Frag,3/7/2020,Other Business Support Services,Engineering,0,NaN,0,0
54471136,Storekeeper - ÿ£ŸÖŸäŸÜ ŸÖÿ≥ÿ™ŸàÿØÿπ,Khalid Ali Alturki & Sons Company (Alturki Holding),3/6/2020,Business Support Services,Engineering,0,0,0,0
54439338,Light Duty Driver,Almansoori,3/5/2020,Oil & Gas,Engineering,0,NaN,0,0
54447165,SAP FI - Financial Accounting and Controlling-Consultant,Wipro,3/5/2020,IT Services,Engineering,0,Riyadh,0,0
54412698,STRUCTURAL ENGINEER,King Faisal Specialist Hospital & Research Centre,3/4/2020,Other Business Support Services,Engineering,0,NaN,0,0
54432733,Storekeeper - Riyadh,Durrah Advanced Development Co,3/4/2020,Other Business Support Services,Engineering,0,Riyadh,0,0
54437646,Site Engineer,SmartRecruiters Jobs,3/4/2020,Other Business Support Services,Engineering,0,Mecca,0,0
54322116,Storekeeper,Marriott International Inc & Ritz Carlton Hotel Company L.L.C.,2/28/2020,Other Business Support Services,Engineering,0,NaN,0,0
54295944,Storekeeper,Marriott International Inc & Ritz Carlton Hotel Company L.L.C.,2/27/2020,Other Business Support Services,Engineering,0,Riyadh,0,0
54138224,Sr Structural Engineer,Contact Centers Company (CCC),2/20/2020,Management Consulting,Engineering,0,NaN,0,0
53876535,Country Interior Design Leader,SmartRecruiters Jobs,2/10/2020,Other Business Support Services,Engineering,0,0,0,0
53848854,Software Developer,PSDSARC,2/4/2020,--,Engineering,0,Riyadh,0,0
53823780,Testing & Commissioning Engineer,AECOM,1/30/2020,Other Business Support Services,Engineering,0,Riyadh,0,0
53826618,Electrical Maintenance Technician,SADAFCO,1/30/2020,FMCG,Engineering,Certification / diploma,Dammam,0,0
53826619,Process Operator,SADAFCO,1/30/2020,FMCG,Engineering,0,Dammam,0,0
53802023,Embedded Systems Engineer,PSDSARC,1/27/2020,Aerospace,Engineering,Bachelor's degree / higher diploma,Riyadh,0,0
53793048,Environmental Engineer,Modern Bus Company Ltd,1/22/2020,Other Business Support Services,Engineering,0,Mecca,0,0
53793057,Engineer ( Workshop ),Modern Bus Company Ltd,1/22/2020,Other Business Support Services,Engineering,0,Mecca,0,0
53776705,General Cashier (SAUDI ONLY),Marriott International Inc & Ritz Carlton Hotel Company L.L.C.,1/20/2020,Other Business Support Services,Engineering,0,Riyadh,0,0
53755952,Graduate assistant in Architectural Engineering. (Saudi nationals only),King Fahd University of Petroleum and Minerals,1/16/2020,Other Business Support Services,Engineering,0,NaN,0,0
53739312,Graduate assistant in City & Regional Planning. (Saudi nationals only),King Fahd University of Petroleum and Minerals,1/15/2020,Other Business Support Services,Engineering,0,NaN,0,0
53721209,Embedded Systems Engineer,PSDSARC,1/13/2020,--,Engineering,Bachelor's degree / higher diploma,Riyadh,0,0
53635920,Mechanical Engineer,PSDSARC,1/4/2020,--,Engineering,Bachelor's degree / higher diploma,Riyadh,0,0
53635922,Structural Design Engineer,PSDSARC,1/4/2020,--,Engineering,Bachelor's degree / higher diploma,Riyadh,0,0
53635923,Aerodynamics Engineer,PSDSARC,1/4/2020,--,Engineering,Bachelor's degree / higher diploma,Riyadh,0,0
53530073,Quality Control Crew Leader,Procter & Gamble,12/25/2019,Other Business Support Services,Engineering,0,Dammam,0,0
53498810,Facilities Planning Leader M/F,SPIE,12/23/2019,General Engineering Consultancy,Engineering,0,NaN,0,0
53504392,Chemichal and Petrolium Industry Leader Go to Market Executive KSA,Gulf Business Machines PND,12/23/2019,IT Services,Engineering,0,NaN,0,0
53331697,Surveyor,AECOM,12/6/2019,Construction & Building,Engineering,0,Riyadh,0,0
53303461,F-15 Air Plane General (APG) Technician,Resource Group,12/4/2019,Other Business Support Services,Engineering,0,NaN,0,0
53222397,Heavy Equipment Diesel Mechanics,Subnet RTA,11/27/2019,General Engineering Consultancy,Engineering,0,NaN,0,0
53222411,General Masons,Subnet RTA,11/27/2019,General Engineering Consultancy,Engineering,0,NaN,0,0
53222420,Crane Operators,Subnet RTA,11/27/2019,General Engineering Consultancy,Engineering,0,NaN,0,0
53224024,FPGA Design Engineer,PSDSARC,11/27/2019,--,Engineering,Bachelor's degree / higher diploma,Riyadh,0,0
53206522,GIS Specialist,AECOM,11/25/2019,Construction & Building,Engineering,0,0,0,0
53147049,System Engineer,CC Staffing International,11/20/2019,IT Services,Engineering,0,NaN,0,0
53033613,SAP Core Banking Support Lead,Accenture,11/11/2019,Other Business Support Services,Engineering,0,Riyadh,0,0
53036792,Lecturer in Global and Social Studies . (Saudi nationals only),King Fahd University of Petroleum and Minerals,11/11/2019,Other Business Support Services,Engineering,0,NaN,0,0
53022186,Graduate assistant in Global and Social Studies . (Saudi nationals only),King Fahd University of Petroleum and Minerals,11/10/2019,Other Business Support Services,Engineering,0,NaN,0,0
52257243,Engineering - Audiovisual Technician,Dana Rayhaan,9/16/2019,Hospitality & Accomodation,Engineering,0,Dammam,0,0
51210195,HVAC Expert,Modern Bus Company Ltd,9/2/2019,Motor Vehicle Passenger Transport,Engineering,0,Mecca,0,0
51210198,Workshop Engineer,Modern Bus Company Ltd,9/2/2019,Motor Vehicle Passenger Transport,Engineering,0,Mecca,0,0
51205035,Graduate assistant in English. (Saudi nationals only),King Fahd University of Petroleum and Minerals,8/30/2019,Other Business Support Services,Engineering,0,NaN,0,0
51174351,Chief Building Engineer,Modern Bus Company Ltd,8/15/2019,Other Business Support Services,Engineering,0,Mecca,0,0
51174353,Facility Civil Technician,Modern Bus Company Ltd,8/15/2019,Other Business Support Services,Engineering,0,Mecca,0,0
51174358,Facility,Modern Bus Company Ltd,8/15/2019,Other Business Support Services,Engineering,0,Mecca,0,0
51174359,Facility Electrician Assistant,Modern Bus Company Ltd,8/15/2019,Motor Vehicle Passenger Transport,Engineering,0,Mecca,0,0
51174361,Facility Mechanical Technician,Modern Bus Company Ltd,8/15/2019,Motor Vehicle Passenger Transport,Engineering,0,Mecca,0,0
51174364,HVAC Technicians,Modern Bus Company Ltd,8/15/2019,Motor Vehicle Passenger Transport,Engineering,0,Mecca,0,0
51171449,Direct Import Compliance Manager,Afaq Q Tech General Trading,8/14/2019,Other Business Support Services,Engineering,0,Riyadh,0,0
51169803,General Nurses,Subnet RTA,8/13/2019,Medical Clinic,Engineering,0,NaN,0,0
51061488,Engineering - A/C Technician,Centro Shaheen,6/27/2019,Hospitality & Accomodation,Engineering,0,0,0,0
51047399,Frac Operators M/F,SPIE,6/24/2019,General Engineering Consultancy,Engineering,0,NaN,0,0
51035048,Graphic Design Leader,SmartRecruiters Jobs,6/18/2019,Other Business Support Services,Engineering,0,0,0,0
50907907,General Storekeeper,Marriott International Inc & Ritz Carlton Hotel Company L.L.C.,4/24/2019,Other Business Support Services,Engineering,0,Riyadh,0,0
50875916,High School Vice Principal | Saudi Arabia,Chase Resourcing International,4/4/2020,Recruitment & Employee Placement Agency,Engineering,0,NaN,0,0
50801258,Engineering - Painter,Centro Shaheen,3/6/2020,Hospitality & Accomodation,Engineering,0,0,0,0
50801271,Engineering - Plumber,Centro Shaheen,3/6/2020,Hospitality & Accomodation,Engineering,0,0,0,0
50736545,Maintenance Foreman - Mechanical Workshops Unit,0Aramco Sinopec Refining - YASREF,2/19/2020,Oil & Gas,Engineering,Bachelor's degree / higher diploma,NaN,0,0
50736547,Reliability Engineer,0Aramco Sinopec Refining - YASREF,2/19/2020,Oil & Gas,Engineering,Bachelor's degree / higher diploma,Yanbu,0,0
50736552,T/A Planner,0Aramco Sinopec Refining - YASREF,2/19/2020,Oil & Gas,Engineering,Bachelor's degree / higher diploma,NaN,0,0
50729087,Electrical Site Engineer - Dhahran,CC Staffing International,2/18/2020,Construction & Building,Engineering,0,NaN,0,0
50729211,Senior Architectural Cost Estimating Engineer,CC Staffing International,2/18/2020,Construction & Building,Engineering,0,NaN,0,0
50729416,Senior Electrical Engineer- 0,CC Staffing International,2/18/2020,Construction & Building,Engineering,0,NaN,0,0
50730166,Projects & T/A Engineer,0Aramco Sinopec Refining - YASREF,2/18/2020,Oil & Gas,Engineering,Bachelor's degree / higher diploma,Yanbu,0,0
50510846,Cardiovascular Technologist Non-Invasive (General Section),King Faisal Specialist Hospital - 0,1/7/2020,Medical Hospital,Engineering,0,Riyadh,0,0
50535891,Consultant - General & Minimally Invasive Surgery (Surgical Oncology),King Faisal Specialist Hospital - 0,1/7/2020,Medical Hospital,Engineering,0,Riyadh,0,0
50535893,Consultant - General Obstetrics & Gynecology,King Abdulaziz Medical City - 0,1/7/2020,Medical Hospital,Engineering,0,Riyadh,0,0
50536816,Staff Nurse I - Pediatric General Ward,King Abdulaziz Medical City - 0,1/7/2020,Medical Hospital,Engineering,0,Riyadh,0,0
50547864,Research Scientist/Engineer - Center of Excellence in Energy Efficiency (CEEE) Research Institute,King Fahd University of Petroleum and Minerals,1/7/2020,Other Business Support Services,Engineering,0,NaN,0,0
50465511,Engineering - Painter,Centro Corniche,11/15/2019,Hospitality & Accomodation,Engineering,0,Khobar,0,0
50467017,Engineering - A/C Technician,Centro Corniche,11/15/2019,Hospitality & Accomodation,Engineering,0,Khobar,0,0
50467018,Engineering - A/C Technician (Saudi National),Centro Corniche,11/15/2019,Hospitality & Accomodation,Engineering,0,Khobar,0,0
50467020,Engineering - Electrician,Centro Corniche,11/15/2019,Hospitality & Accomodation,Engineering,0,Khobar,0,0
50467021,Engineering - Electrician (Saudi National),Centro Corniche,11/15/2019,Hospitality & Accomodation,Engineering,0,Khobar,0,0
50467022,Engineering - Plumber,Centro Corniche,11/15/2019,Hospitality & Accomodation,Engineering,0,Khobar,0,0
4174955,‘Ì› „ÿ»Œ ·»‰«‰Ì,0,4/2/2020,Catering Food Service & Restaurant,Hospitality and Tourism,0,0,0,0
4176890,Pizza Chef,0,4/14/2020,Catering Food Service & Restaurant,Hospitality and Tourism,0,Riyadh,35,0
4176888,Pastry & Bakery  Chef,0,4/14/2020,Catering Food Service & Restaurant,Hospitality and Tourism,0,Riyadh,32,0
4176865,Executive Chef,ROSE BAY,4/14/2020,Catering Food Service & Restaurant,Hospitality and Tourism,0,Khobar,0,0
4176825,Sushi Chef,0,4/14/2020,Catering Food Service & Restaurant,Hospitality and Tourism,0,Riyadh,0,0
4176039,Chocolate decorator / Chocolate maker,Kareem sweets factory for industry ,4/13/2020,Catering Food Service & Restaurant,Hospitality and Tourism,0,Riyadh,0,0
4176041,Cake Decorator/Maker/Designer,Kareem sweets factory for industry ,4/13/2020,Catering Food Service & Restaurant,Hospitality and Tourism,0,Riyadh,0,0
4175616,Executive Chef,0,4/7/2020,Catering Food Service & Restaurant,Hospitality and Tourism,Bachelor's degree / higher diploma,Riyadh,40,0
4175078,Resturant Positions,Delicious Food Company,4/6/2020,Catering Food Service & Restaurant,Hospitality and Tourism,0,Riyadh,0,0
3904656,Hygiene Officer,0,3/24/2020,Catering Food Service & Restaurant,Hospitality and Tourism,Certification / diploma,Jubail,40,0
3905015,Spanish Chef,0,3/24/2020,Catering Food Service & Restaurant,Hospitality and Tourism,0,Jubail,40,0
3904954,Camp Boss,0,3/24/2020,Catering Food Service & Restaurant,Hospitality and Tourism,Certification / diploma,Jubail,45,0
3904596,chef de partie,0,3/24/2020,Catering Food Service & Restaurant,Hospitality and Tourism,0,Jubail,40,4000
3961683,Filipino Chef,0,3/24/2020,Hospitality & Accomodation,Hospitality and Tourism,Certification / diploma,Jubail,0,0
4148940,front desk receptionist,Groovy Golf,3/23/2020,Entertainment,Hospitality and Tourism,0,0,0,1500
4137283,sous chef,0,3/23/2020,Entertainment,Hospitality and Tourism,0,0,0,1500
4137275,bartender/barista/Waiter,Groovy Golf,3/23/2020,Entertainment,Hospitality and Tourism,0,0,0,1500
4171103,Chef,Zahran Operation & Maintenance ,3/17/2020,Management Consulting,Hospitality and Tourism,0,Riyadh,0,0
4169679,Barista and Cashier / ÿßŸÑÿ®ÿßÿ±Ÿäÿ≥ÿ™ÿß ŸàÿßŸÑŸÉÿßÿ¥Ÿäÿ±,FOUR HORIZONS,3/15/2020,Catering Food Service & Restaurant,Hospitality and Tourism,0,0,0,0
4135868,Restaurant Team Leader - Riyadh Saudi Arabia,Amaken sarl,3/13/2020,Catering Food Service & Restaurant,Hospitality and Tourism,0,Riyadh,0,0
4168375,Restaurant Team Leader - Riyadh KSA,Amaken sarl,3/13/2020,Catering Food Service & Restaurant,Hospitality and Tourism,0,Riyadh,0,0
4167843,Line cook Waiters Kitchen Helper,Innovations Direct Employment Services LLc,3/12/2020,Catering Food Service & Restaurant,Hospitality and Tourism,0,Riyadh,0,500
4167840,  DIET MEALS' CHEF ,0,3/12/2020,Catering Food Service & Restaurant,Hospitality and Tourism,Bachelor's degree / higher diploma,Riyadh,45,0
4166889,Housekeepers / Housekeeping Supervisor/ Housekeeping Team Leader,Dewan Consultants ,3/11/2020,Hospitality & Accomodation,Hospitality and Tourism,0,0,0,0
4148854,Oriental Executive Chef,0,3/9/2020,Catering Food Service & Restaurant,Hospitality and Tourism,Certification / diploma,0,45,0
4163665,Chef,Omarz Limited Company,3/8/2020,Other Business Support Services,Hospitality and Tourism,0,Riyadh,0,2000
4159349,Finance Manager,Alqasim,3/5/2020,Real Estate,Hospitality and Tourism,Bachelor's degree / higher diploma,Alqasim,0,0
4157799,Events Manager,0,3/2/2020,Hospitality & Accomodation,Hospitality and Tourism,Bachelor's degree / higher diploma,Khobar,0,0
4156338,Venue Manager(Hotel),0,3/1/2020,Hospitality & Accomodation,Hospitality and Tourism,0,Riyadh,0,0
4156333,Reservation Manager (Hotel),0,3/1/2020,Hospitality & Accomodation,Hospitality and Tourism,0,Riyadh,0,0
4155661,Butchery Executive Chef - Riyadh KSA,Amaken sarl,2/28/2020,Catering Food Service & Restaurant,Hospitality and Tourism,0,Riyadh,0,0
4155660,Executive Pastry Chef - Riyadh KSA,Amaken sarl,2/28/2020,Catering Food Service & Restaurant,Hospitality and Tourism,0,Riyadh,0,0
4142082,Clerk-Front Desk,Le Meridien Al0,2/27/2020,Hospitality & Accomodation,Hospitality and Tourism,Bachelor's degree / higher diploma,Khobar,0,0
4143703,Cook,Le Meridien Al0,2/27/2020,Hospitality & Accomodation,Hospitality and Tourism,Bachelor's degree / higher diploma,Khobar,0,0
4144503,Attendant-Bus,Le Meridien Al0,2/27/2020,Hospitality & Accomodation,Hospitality and Tourism,Bachelor's degree / higher diploma,Khobar,0,0
4145609,Clerk-Front Desk,Le Meridien Al0,2/27/2020,Hospitality & Accomodation,Hospitality and Tourism,0,Khobar,0,0
4153538,Clerk-Reservations,Le Meridien Al0,2/27/2020,Hospitality & Accomodation,Hospitality and Tourism,0,Khobar,0,0
4153431,Housekeeping Supervisor,Dewan Consultants ,2/25/2020,Human Resources Outsourcing,Hospitality and Tourism,0,Riyadh,0,0
4153375,„œÌ—  ‘€Ì· „ÿ⁄„,Altaif,2/25/2020,Catering Food Service & Restaurant,Hospitality and Tourism,Bachelor's degree / higher diploma,Altaif,60,4000
4153373,‘Ì› ⁄„Ê„Ì «‰ —‰«‘ÌÊ‰«·,Altaif,2/25/2020,Catering Food Service & Restaurant,Hospitality and Tourism,Bachelor's degree / higher diploma,Altaif,60,4000
4152733,Food and Beverage manger & Executive Chef,0,2/24/2020,Hospitality & Accomodation,Hospitality and Tourism,0,Riyadh,50,4000
4152257,„÷Ì›… „ÿ⁄„ /  „÷Ì› „ÿ⁄„,ALARABIA CONTRACTING SERVICES,2/23/2020,Catering Food Service & Restaurant,Hospitality and Tourism,0,Riyadh,29,1500
4151791,Barista,65 Degrees - 0 ,2/22/2020,Food & Beverage Production,Hospitality and Tourism,0,0,0,0
4150761,Baker/Pastry Chef,‘—ﬂ… —Õ«· «·Êÿ‰Ì… ··Œœ„«  «·„ÕœÊœ…,2/18/2020,Catering Food Service & Restaurant,Hospitality and Tourism,Certification / diploma,0,0,0
4150750,Demi Chef De Partie,‘—ﬂ… —Õ«· «·Êÿ‰Ì… ··Œœ„«  «·„ÕœÊœ…,2/18/2020,Catering Food Service & Restaurant,Hospitality and Tourism,Certification / diploma,0,0,0
4146390,MALE HEAD CHEF UP TO 18K SAR++ FOR A CASUAL DINING RESTAURANT IN KSA,0,2/18/2020,Catering Food Service & Restaurant,Hospitality and Tourism,0,Riyadh,45,5000
55075539,Heavy Equipment Assessor Dammam Saudi Arabia,m2r Education,4/16/2020,Other Business Support Services,Hospitality and Tourism,0,NaN,0,0
55077732,Site Manager ( Only Egyptian Nationality ),Merge,4/16/2020,Other Business Support Services,Hospitality and Tourism,0,Dammam,0,0
55081274,Server Brand Sales Specialist,Gulf Business Machines PND,4/16/2020,IT Services,Hospitality and Tourism,0,NaN,0,0
55071874,RADIATION THERAPIST,King Faisal Specialist Hospital & Research Centre,4/15/2020,Other Business Support Services,Hospitality and Tourism,0,Riyadh,0,0
55072275,Petroleum Engineering (Oil Reservoir Management),Saudi Aramco Shell Refining - SASREF,4/15/2020,Other Business Support Services,Hospitality and Tourism,0,NaN,0,0
55052457,PLC Technician (Local Hire),SNC Lavalin,4/14/2020,Other Business Support Services,Hospitality and Tourism,0,Riyadh,0,0
55025646,Control Room Operator (Local Hire),SNC Lavalin,4/11/2020,Other Business Support Services,Hospitality and Tourism,0,Khobar,0,0
55021872,Regional Growth @ Pure Harvest Smart Farms,Endeavor,4/10/2020,Other Business Support Services,Hospitality and Tourism,0,Riyadh,0,0
54998127,Medium Voltage Technician (Local Hire),SNC Lavalin,4/9/2020,Other Business Support Services,Hospitality and Tourism,0,Riyadh,0,0
54998143,Command Center (Monitoring & ITIL Service Management) Analyst/Senior Analyst,Accenture,4/9/2020,Other Business Support Services,Hospitality and Tourism,0,Riyadh,0,0
54998673,Firefighting Technician (Local Hire),SNC Lavalin,4/9/2020,Other Business Support Services,Hospitality and Tourism,0,Riyadh,0,0
54999790,Low Current Technician (Local Hire),SNC Lavalin,4/9/2020,Other Business Support Services,Hospitality and Tourism,0,Riyadh,0,0
54994063,National Professional Officer (Natural Resources Management Expert),Food and Agriculture Organization,4/8/2020,Recruitment & Employee Placement Agency,Hospitality and Tourism,0,Riyadh,0,0
54994694,National Professional Officer (Senior National Parks Management Expert),Food and Agriculture Organization,4/8/2020,Recruitment & Employee Placement Agency,Hospitality and Tourism,0,Riyadh,0,0
54994842,SENIOR RESPIRATORY THERAPIST,King Faisal Specialist Hospital & Research Centre,4/8/2020,Other Business Support Services,Hospitality and Tourism,0,Riyadh,0,0
55033327,RESPIRATORY THERAPIST,King Faisal Specialist Hospital & Research Centre,4/8/2020,Other Business Support Services,Hospitality and Tourism,0,Riyadh,0,0
54975657,Massage Therapist - Male,Marriott International Inc & Ritz Carlton Hotel Company L.L.C.,4/7/2020,Other Business Support Services,Hospitality and Tourism,0,Riyadh,0,0
54976068,Massage Therapist - Female,Marriott International Inc & Ritz Carlton Hotel Company L.L.C.,4/7/2020,Other Business Support Services,Hospitality and Tourism,0,Riyadh,0,0
54928934,Holistic Therapist | Stunning Resort | E152-20A,Spa Elite,4/4/2020,Other Business Support Services,Hospitality and Tourism,0,Khobar,0,0
54901943,Command Center (Monitoring & ITIL Service Management) Consultant,Accenture,4/2/2020,Other Business Support Services,Hospitality and Tourism,0,Riyadh,0,0
54851829,Waiter,Grand Hyatt Al 0,3/29/2020,Other Business Support Services,Hospitality and Tourism,0,0,0,0
54851847,Hostess (Saudi Nationals),Grand Hyatt Al 0,3/29/2020,Other Business Support Services,Hospitality and Tourism,0,0,0,0
54866581,Enterprise Risk Management Analyst,Aramco Services Company,3/29/2020,Oil & Gas,Hospitality and Tourism,0,NaN,0,0
54811100,Butcher,reeqwest,3/26/2020,Other Business Support Services,Hospitality and Tourism,0,NaN,0,0
54811102,Executive Sous Chef,reeqwest,3/26/2020,Other Business Support Services,Hospitality and Tourism,0,NaN,0,0
54791746,Identity and Access Management-Lead,Wipro,3/25/2020,IT Services,Hospitality and Tourism,0,Riyadh,0,0
54792215,Identity and Access Management-Consultant,Wipro,3/25/2020,IT Services,Hospitality and Tourism,0,Riyadh,0,0
54707952,COOK II,King Faisal Specialist Hospital & Research Centre,3/19/2020,Other Business Support Services,Hospitality and Tourism,0,Riyadh,0,0
54681549,Chief Baker,Four Seasons Hotels and Resorts,3/18/2020,Other Business Support Services,Hospitality and Tourism,0,Riyadh,0,0
54684796,OpenText Content Server-Developer,Wipro,3/18/2020,IT Services,Hospitality and Tourism,0,Jubail,0,0
54671434,NetBackup Backup - Implementation and Maintenance-Lead,Wipro,3/17/2020,IT Services,Hospitality and Tourism,0,Riyadh,0,0
54650100,Shop Supervisor - Kenzo MOA - 0 (Female),Chalhoub Group,3/16/2020,Other Business Support Services,Hospitality and Tourism,0,NaN,0,0
54650234,Shop Supervisor - Dahran,Chalhoub Group,3/16/2020,Other Business Support Services,Hospitality and Tourism,0,NaN,0,0
54640198,Sous Chef,Grand Hyatt Al 0,3/15/2020,Other Business Support Services,Hospitality and Tourism,0,0,0,0
54640440,Chef de Cuisine - Events,Grand Hyatt Al 0,3/15/2020,Other Business Support Services,Hospitality and Tourism,0,0,0,0
54640494,Chef de Partie,Grand Hyatt Al 0,3/15/2020,Other Business Support Services,Hospitality and Tourism,0,0,0,0
54640631,Purchasing Clerk (Local Nationals Only),Hyatt Regency Makkah Jabal Omar,3/15/2020,Other Business Support Services,Hospitality and Tourism,0,Mecca,0,0
54640636,Commis,Grand Hyatt Al 0,3/15/2020,Other Business Support Services,Hospitality and Tourism,0,0,0,0
54640691,Executive Sous Chef,Grand Hyatt Al 0,3/15/2020,Other Business Support Services,Hospitality and Tourism,0,0,0,0
54606219,CUL- Commi II Commissary Kitchen,Marriott International Inc & Ritz Carlton Hotel Company L.L.C.,3/13/2020,Other Business Support Services,Hospitality and Tourism,0,Riyadh,0,0
54606235,CUL- Commi II Pastry,Marriott International Inc & Ritz Carlton Hotel Company L.L.C.,3/13/2020,Other Business Support Services,Hospitality and Tourism,0,Riyadh,0,0
54606559,CUL - Demi Chef De Partie Main Kitchen,Marriott International Inc & Ritz Carlton Hotel Company L.L.C.,3/13/2020,Other Business Support Services,Hospitality and Tourism,0,Riyadh,0,0
54606560,CUL- Commi II Main Kitchen,Marriott International Inc & Ritz Carlton Hotel Company L.L.C.,3/13/2020,Other Business Support Services,Hospitality and Tourism,0,Riyadh,0,0
54608750,Private Female Chefs Cook (In-Home/House),Subnet RTA,3/13/2020,Other Business Support Services,Hospitality and Tourism,0,NaN,0,0
54583509,Sous Chef Western Cuisine,Marriott International Inc & Ritz Carlton Hotel Company L.L.C.,3/12/2020,Other Business Support Services,Hospitality and Tourism,0,Riyadh,0,0
54583678,Sous Chef Asian Cuisine,Marriott International Inc & Ritz Carlton Hotel Company L.L.C.,3/12/2020,Other Business Support Services,Hospitality and Tourism,0,Riyadh,0,0
54583684,F & B Cost Accountant,Marriott International Inc & Ritz Carlton Hotel Company L.L.C.,3/12/2020,Other Business Support Services,Hospitality and Tourism,0,0,0,0
54561705,SAP MM - Materials Management-Lead,Wipro,3/11/2020,IT Services,Hospitality and Tourism,0,Jubail,0,0
54893535,Junior Sous Chef,Marriott International Inc & Ritz Carlton Hotel Company L.L.C.,3/11/2020,Other Business Support Services,Hospitality and Tourism,0,0,0,0
54907265,Demi Chef de Partie,Marriott International Inc & Ritz Carlton Hotel Company L.L.C.,3/11/2020,Other Business Support Services,Hospitality and Tourism,0,0,0,0
54536895,Guest Relation Agent,Marriott International Inc & Ritz Carlton Hotel Company L.L.C.,3/10/2020,Other Business Support Services,Hospitality and Tourism,0,0,0,0
54540213,COLD FOOD PREPARER,King Faisal Specialist Hospital & Research Centre,3/10/2020,Other Business Support Services,Hospitality and Tourism,0,Riyadh,0,0
54449871,Holistic Therapist - Royalty Owned,Spa Elite,3/5/2020,Other Business Support Services,Hospitality and Tourism,0,NaN,0,0
54456862,Chef de Cuisine,Gastronomica Careers,3/5/2020,Catering Food Service & Restaurant,Hospitality and Tourism,0,Riyadh,0,0
54404187,Assistant Food and Beverage Manager,InterContinental Hotels Group,3/4/2020,Hospitality & Accomodation,Hospitality and Tourism,0,NaN,0,0
54404608,Crowd Management Expert - Transportation,Khatib & Alami,3/4/2020,Other Business Support Services,Hospitality and Tourism,0,NaN,0,0
54409323,CUL - Steward,Marriott International Inc & Ritz Carlton Hotel Company L.L.C.,3/4/2020,Other Business Support Services,Hospitality and Tourism,0,Riyadh,0,0
54432700,„Õ«”» ⁄«„,Awtad,3/4/2020,Other Business Support Services,Hospitality and Tourism,0,Riyadh,0,0
55029677,Waiter,Marriott International Inc & Ritz Carlton Hotel Company L.L.C.,3/4/2020,Other Business Support Services,Hospitality and Tourism,0,Riyadh,0,0
54391714,Assistant Food and Beverage Manager,InterContinental Hotels Group,3/3/2020,Hospitality & Accomodation,Hospitality and Tourism,0,Riyadh,0,0
54392901,CUL-Chief Steward,Marriott International Inc & Ritz Carlton Hotel Company L.L.C.,3/3/2020,Other Business Support Services,Hospitality and Tourism,0,Riyadh,0,0
54393100,Commis,Marriott International Inc & Ritz Carlton Hotel Company L.L.C.,3/3/2020,Other Business Support Services,Hospitality and Tourism,0,0,0,0
54378134,Executive Pastry Chef,Marriott International Inc & Ritz Carlton Hotel Company L.L.C.,3/2/2020,Other Business Support Services,Hospitality and Tourism,0,0,0,0
54378287,ENG - Kitchen & Laundry Technician,Marriott International Inc & Ritz Carlton Hotel Company L.L.C.,3/2/2020,Other Business Support Services,Hospitality and Tourism,0,Riyadh,0,0
54378298,Club Lounge Agent,Marriott International Inc & Ritz Carlton Hotel Company L.L.C.,3/2/2020,Other Business Support Services,Hospitality and Tourism,0,Riyadh,0,0
54378512,Waiter,Marriott International Inc & Ritz Carlton Hotel Company L.L.C.,3/2/2020,Other Business Support Services,Hospitality and Tourism,0,0,0,0
54378513,Pastry Chef,Marriott International Inc & Ritz Carlton Hotel Company L.L.C.,3/2/2020,Other Business Support Services,Hospitality and Tourism,0,0,0,0
54877833,Host/Hostess,Marriott International Inc & Ritz Carlton Hotel Company L.L.C.,3/2/2020,Other Business Support Services,Hospitality and Tourism,0,0,0,0
54893533,Chef de Partie,Marriott International Inc & Ritz Carlton Hotel Company L.L.C.,3/2/2020,Other Business Support Services,Hospitality and Tourism,0,0,0,0
54893534,Executive Sous Chef,Marriott International Inc & Ritz Carlton Hotel Company L.L.C.,3/2/2020,Other Business Support Services,Hospitality and Tourism,0,0,0,0
54358749,FOOD & BEVERAGE MANAGER,InterContinental Hotels Group,3/1/2020,Hospitality & Accomodation,Hospitality and Tourism,0,NaN,0,0
54322122,Guest Services Agent,Marriott International Inc & Ritz Carlton Hotel Company L.L.C.,2/28/2020,Other Business Support Services,Hospitality and Tourism,0,NaN,0,0
54289789,Soft Tissue Therapist | E109-20,Spa Elite,2/27/2020,Other Business Support Services,Hospitality and Tourism,0,Riyadh,0,0
54295946,Cook-Bakery,Marriott International Inc & Ritz Carlton Hotel Company L.L.C.,2/27/2020,Other Business Support Services,Hospitality and Tourism,0,Riyadh,0,0
54277335,Commis 2,Marriott International Inc & Ritz Carlton Hotel Company L.L.C.,2/26/2020,Other Business Support Services,Hospitality and Tourism,0,0,0,0
54277392,CUL-Sous Chef Italian Kitchen,Marriott International Inc & Ritz Carlton Hotel Company L.L.C.,2/26/2020,Other Business Support Services,Hospitality and Tourism,0,Riyadh,0,0
54277425,F&B- Order Taker Agent -InRoom Dining,Marriott International Inc & Ritz Carlton Hotel Company L.L.C.,2/26/2020,Other Business Support Services,Hospitality and Tourism,0,Riyadh,0,0
54250934,REV-Reservations Agent,Marriott International Inc & Ritz Carlton Hotel Company L.L.C.,2/25/2020,Other Business Support Services,Hospitality and Tourism,0,Riyadh,0,0
54250945,Cook-Specialty,Marriott International Inc & Ritz Carlton Hotel Company L.L.C.,2/25/2020,Other Business Support Services,Hospitality and Tourism,0,Dammam,0,0
54250977,Chef de Partie - EDR,Marriott International Inc & Ritz Carlton Hotel Company L.L.C.,2/25/2020,Other Business Support Services,Hospitality and Tourism,0,Riyadh,0,0
54250986,Server- Azzurro,Marriott International Inc & Ritz Carlton Hotel Company L.L.C.,2/25/2020,Other Business Support Services,Hospitality and Tourism,0,Riyadh,0,0
54251005,Server-Chorisia Lounge,Marriott International Inc & Ritz Carlton Hotel Company L.L.C.,2/25/2020,Other Business Support Services,Hospitality and Tourism,0,Riyadh,0,0
54251024,Server - Alorjouan,Marriott International Inc & Ritz Carlton Hotel Company L.L.C.,2/25/2020,Other Business Support Services,Hospitality and Tourism,0,Riyadh,0,0
54251026,RMS-PBX Agent,Marriott International Inc & Ritz Carlton Hotel Company L.L.C.,2/25/2020,Other Business Support Services,Hospitality and Tourism,0,Riyadh,0,0
54251198,F&B Server,Marriott International Inc & Ritz Carlton Hotel Company L.L.C.,2/25/2020,Other Business Support Services,Hospitality and Tourism,0,Riyadh,0,0
54989509,Sous Chef,Marriott International Inc & Ritz Carlton Hotel Company L.L.C.,2/25/2020,Other Business Support Services,Hospitality and Tourism,0,0,0,0
54234989,CUL- Commis III Bakery,Marriott International Inc & Ritz Carlton Hotel Company L.L.C.,2/24/2020,Other Business Support Services,Hospitality and Tourism,0,Riyadh,0,0
54235005,CUL- Chef de Partie Main Kitchen,Marriott International Inc & Ritz Carlton Hotel Company L.L.C.,2/24/2020,Other Business Support Services,Hospitality and Tourism,0,Riyadh,0,0
54235031,CUL- Chef de Partie Oriental Pastry,Marriott International Inc & Ritz Carlton Hotel Company L.L.C.,2/24/2020,Other Business Support Services,Hospitality and Tourism,0,Riyadh,0,0
54235043,Commis III Commissary Butchery Kitchen,Marriott International Inc & Ritz Carlton Hotel Company L.L.C.,2/24/2020,Other Business Support Services,Hospitality and Tourism,0,Riyadh,0,0
54180940,Commis,Marriott International Inc & Ritz Carlton Hotel Company L.L.C.,2/21/2020,Other Business Support Services,Hospitality and Tourism,0,Riyadh,0,0
54206102,RESPIRATORY THERAPIST,King Faisal Specialist Hospital & Research Centre,2/21/2020,Other Business Support Services,Hospitality and Tourism,0,Riyadh,0,0
54133993,EDR - Commi 3,Marriott International Inc & Ritz Carlton Hotel Company L.L.C.,2/20/2020,Other Business Support Services,Hospitality and Tourism,0,Riyadh,0,0
54134225,RMS-Concierge Agent,Marriott International Inc & Ritz Carlton Hotel Company L.L.C.,2/20/2020,Other Business Support Services,Hospitality and Tourism,0,Riyadh,0,0
54135128,Kitchen Steward,Millennium Hotels and Resorts,2/20/2020,Catering Food Service & Restaurant,Hospitality and Tourism,0,Tabouk,0,0
54523200,Server,Marriott International Inc & Ritz Carlton Hotel Company L.L.C.,2/20/2020,Other Business Support Services,Hospitality and Tourism,0,Riyadh,0,0
54122825,Coffee Butler,Marriott International Inc & Ritz Carlton Hotel Company L.L.C.,2/19/2020,Other Business Support Services,Hospitality and Tourism,0,Riyadh,0,0
54125546,RESPIRATORY THERAPIST,King Faisal Specialist Hospital & Research Centre,2/18/2020,Other Business Support Services,Hospitality and Tourism,0,Riyadh,0,0
55081735,Steward,Marriott International Inc & Ritz Carlton Hotel Company L.L.C.,2/16/2020,Other Business Support Services,Hospitality and Tourism,0,Riyadh,0,0
54011374,Production Manager - Food Business,COREcruitment,2/14/2020,Other Business Support Services,Hospitality and Tourism,0,NaN,0,0
53999611,Customer Service Agent,reeqwest,2/13/2020,Other Business Support Services,Hospitality and Tourism,0,NaN,0,0
53923696,Banquet Coordinator - Crowne Plaza Riyadh Al Waha (Saudi Only),InterContinental Hotels Group,2/12/2020,Hospitality & Accomodation,Hospitality and Tourism,0,NaN,0,0
53923714,Reservation Agent - Crowne Plaza Riyadh Al Waha (Saudi Only),InterContinental Hotels Group,2/12/2020,Hospitality & Accomodation,Hospitality and Tourism,0,NaN,0,0
53876044,AsstMgr-Banquets,Marriott International Inc & Ritz Carlton Hotel Company L.L.C.,2/11/2020,Other Business Support Services,Hospitality and Tourism,0,Khobar,0,0
53956261,Executive Chef,Marriott International Inc & Ritz Carlton Hotel Company L.L.C.,2/10/2020,Other Business Support Services,Hospitality and Tourism,0,0,0,0
53868279,Precommissioning Manager Experience in ARAMCO projects required,Tecnicas Reunidas S A,2/8/2020,Oil & Gas,Hospitality and Tourism,0,NaN,0,0
53822784,Banquet Sous Chef,InterContinental Hotels Group,1/30/2020,Hospitality & Accomodation,Hospitality and Tourism,0,NaN,0,0
53822789,Banquet Hot Chef de Partie,InterContinental Hotels Group,1/30/2020,Hospitality & Accomodation,Hospitality and Tourism,0,NaN,0,0
53822798,Indian Chef de Partie,InterContinental Hotels Group,1/30/2020,Hospitality & Accomodation,Hospitality and Tourism,0,NaN,0,0
53822815,Cold Kitchen Chef De Partie,InterContinental Hotels Group,1/30/2020,Hospitality & Accomodation,Hospitality and Tourism,0,NaN,0,0
53822827,Kitchen Steward,InterContinental Hotels Group,1/30/2020,Hospitality & Accomodation,Hospitality and Tourism,0,NaN,0,0
53822828,Lobby Lounge Hot Demi Chef de Partie,InterContinental Hotels Group,1/30/2020,Hospitality & Accomodation,Hospitality and Tourism,0,NaN,0,0
53822829,Chef Baker,InterContinental Hotels Group,1/30/2020,Hospitality & Accomodation,Hospitality and Tourism,0,NaN,0,0
53823572,Sushi Chef de Partie,InterContinental Hotels Group,1/30/2020,Hospitality & Accomodation,Hospitality and Tourism,0,NaN,0,0
53811240,Indian Chef de Partie,InterContinental Hotels Group,1/29/2020,Hospitality & Accomodation,Hospitality and Tourism,0,Riyadh,0,0
53812052,Chef Baker,InterContinental Hotels Group,1/29/2020,Hospitality & Accomodation,Hospitality and Tourism,0,Riyadh,0,0
53812053,Banquet Sous Chef,InterContinental Hotels Group,1/29/2020,Hospitality & Accomodation,Hospitality and Tourism,0,Riyadh,0,0
53812451,Sushi Chef de Partie,InterContinental Hotels Group,1/29/2020,Hospitality & Accomodation,Hospitality and Tourism,0,Riyadh,0,0
53812565,Lobby Lounge Hot Demi Chef de Partie,InterContinental Hotels Group,1/29/2020,Hospitality & Accomodation,Hospitality and Tourism,0,Riyadh,0,0
53812568,Banquet Hot Chef de Partie,InterContinental Hotels Group,1/29/2020,Hospitality & Accomodation,Hospitality and Tourism,0,Riyadh,0,0
53789143,IBM Release Management Consultant,Accenture,1/21/2020,Other Business Support Services,Hospitality and Tourism,0,Riyadh,0,0
53790172,Executive Sous Chef,Four Seasons Hotels and Resorts,1/21/2020,Other Business Support Services,Hospitality and Tourism,0,Riyadh,0,0
53791073,Concierge,Marriott International Inc & Ritz Carlton Hotel Company L.L.C.,1/21/2020,Other Business Support Services,Hospitality and Tourism,0,Riyadh,0,0
53792754,Commis III - Intercontinental Taif,InterContinental Hotels Group,1/21/2020,Hospitality & Accomodation,Hospitality and Tourism,0,NaN,0,0
53777081,Commis III - Intercontinental Taif,InterContinental Hotels Group,1/20/2020,Hospitality & Accomodation,Hospitality and Tourism,0,NaN,0,0
53768338,F&B Hostess (Saudi) - Crowne Plaza Riyadh - RDC,InterContinental Hotels Group,1/17/2020,Hospitality & Accomodation,Hospitality and Tourism,0,NaN,0,0
53761804,Bartender,Marriott International Inc & Ritz Carlton Hotel Company L.L.C.,1/16/2020,Other Business Support Services,Hospitality and Tourism,0,Riyadh,0,0
53698693,SAP SuccessFactor Employee Central-Developer,Wipro,1/10/2020,IT Services,Hospitality and Tourism,0,Riyadh,0,0
53623512,Executive Chef,reeqwest,1/3/2020,Other Business Support Services,Hospitality and Tourism,0,NaN,0,0
53594269,Pastry Chef,Marriott International Inc & Ritz Carlton Hotel Company L.L.C.,12/31/2019,Other Business Support Services,Hospitality and Tourism,0,Riyadh,0,0
53594278,Sous Chef,Marriott International Inc & Ritz Carlton Hotel Company L.L.C.,12/31/2019,Other Business Support Services,Hospitality and Tourism,0,Riyadh,0,0
53594279,Food & Beverage Supervisor,Marriott International Inc & Ritz Carlton Hotel Company L.L.C.,12/31/2019,Other Business Support Services,Hospitality and Tourism,0,Riyadh,0,0
53583323,Host,Marriott International Inc & Ritz Carlton Hotel Company L.L.C.,12/30/2019,Other Business Support Services,Hospitality and Tourism,0,Riyadh,0,0
53502205,Maintenance-Kitchen & Laundry Technician,Marriott International Inc & Ritz Carlton Hotel Company L.L.C.,12/23/2019,Other Business Support Services,Hospitality and Tourism,0,Riyadh,0,0
54766289,Occupational therapist,Chase Resourcing International,12/7/2019,Other Healthcare Services,Hospitality and Tourism,0,NaN,0,0
53133473,Kitchen Artist,Marriott International Inc & Ritz Carlton Hotel Company L.L.C.,11/19/2019,Other Business Support Services,Hospitality and Tourism,0,Riyadh,0,0
53086129,Demi Chef de Partie,Marriott International Inc & Ritz Carlton Hotel Company L.L.C.,11/15/2019,Other Business Support Services,Hospitality and Tourism,0,Riyadh,0,0
53086134,Windows Server Specialist (+ Patching SCCM),CC Staffing International,11/15/2019,IT Services,Hospitality and Tourism,0,NaN,0,0
53161907,Chef de Partie,Marriott International Inc & Ritz Carlton Hotel Company L.L.C.,11/15/2019,Other Business Support Services,Hospitality and Tourism,0,Riyadh,0,0
53056881,Supervisor-Food & Beverage,Marriott International Inc & Ritz Carlton Hotel Company L.L.C.,11/13/2019,Other Business Support Services,Hospitality and Tourism,0,Riyadh,0,0
53040742,Kitchen Steward,InterContinental Hotels Group,11/12/2019,Hospitality & Accomodation,Hospitality and Tourism,0,Riyadh,0,0
53040744,Cold Kitchen Chef De Partie,InterContinental Hotels Group,11/12/2019,Hospitality & Accomodation,Hospitality and Tourism,0,Riyadh,0,0
52994113,Consultant - Ophthalmology (Anterior Segment),King Faisal Specialist Hospital - Madinah,11/8/2019,Medical Hospital,Hospitality and Tourism,0,Medina,0,0
52875161,Pastry Chef -Assila  A Luxury Collection Hotel,Marriott International Inc & Ritz Carlton Hotel Company L.L.C.,10/31/2019,Other Business Support Services,Hospitality and Tourism,0,0,0,0
52875198,Director of Rooms - Assila A Luxury Collection Hotel,Marriott International Inc & Ritz Carlton Hotel Company L.L.C.,10/31/2019,Other Business Support Services,Hospitality and Tourism,0,0,0,0
52875421,Training Manager - Assila  A Luxury Collection Hotel,Marriott International Inc & Ritz Carlton Hotel Company L.L.C.,10/31/2019,Other Business Support Services,Hospitality and Tourism,0,0,0,0
52875631,Executive Chef - Assila  A Luxury Collection Hotel,Marriott International Inc & Ritz Carlton Hotel Company L.L.C.,10/31/2019,Other Business Support Services,Hospitality and Tourism,0,0,0,0
52800094,Staff Nurse- Operating Room (Heart Surgery) - Riyadh,Pulse International,10/25/2019,Medical Hospital,Hospitality and Tourism,0,Riyadh,0,0
52779524,GM ‚Äì INTEGRATED FACILITIES MANAGEMENT,First Resort Global Recruitment,10/24/2019,Recruitment & Employee Placement Agency,Hospitality and Tourism,0,NaN,0,0
52780064,Food and Beverage Manager Riyadh,First Resort Global Recruitment,10/24/2019,Recruitment & Employee Placement Agency,Hospitality and Tourism,0,Riyadh,0,0
52792897,Recruitment Specialist Dammam,First Resort Global Recruitment,10/24/2019,Recruitment & Employee Placement Agency,Hospitality and Tourism,0,Dammam,0,0
52792924,Barista Riyadh,First Resort Global Recruitment,10/24/2019,Recruitment & Employee Placement Agency,Hospitality and Tourism,0,Riyadh,0,0
52792930,Utility Manager ‚Äì Management Riyadh,First Resort Global Recruitment,10/24/2019,Recruitment & Employee Placement Agency,Hospitality and Tourism,0,Riyadh,0,0
52801880,Biologist ‚Äì Management Riyadh,First Resort Global Recruitment,10/24/2019,Recruitment & Employee Placement Agency,Hospitality and Tourism,0,Riyadh,0,0
51435437,Graduate assistant in Management and Marketing. (Saudi nationals only),King Fahd University of Petroleum and Minerals,9/9/2019,Other Business Support Services,Hospitality and Tourism,0,NaN,0,0
51184782,Sr Analyst I Total Quality Management Job,Tasnee,8/22/2019,Industrial Production,Hospitality and Tourism,0,Jubail,0,0
51101505,IRC21275 - Waiter,azadea.com,7/15/2019,Other Business Support Services,Hospitality and Tourism,0,NaN,0,0
51206092,Chef de Partie,Marriott International Inc & Ritz Carlton Hotel Company L.L.C.,7/4/2019,Other Business Support Services,Hospitality and Tourism,0,Riyadh,0,0
50986314,Reservations Agent - Saudi Only,Marriott International Inc & Ritz Carlton Hotel Company L.L.C.,5/28/2019,Other Business Support Services,Hospitality and Tourism,0,NaN,0,0
50977893,Staff Nurse - Regular Patient Room,King Faisal Specialist Hospital - Madinah,5/23/2019,Medical Hospital,Hospitality and Tourism,0,Medina,0,0
50931475,Operations Mgr-Food & Beverage I,Marriott International Inc & Ritz Carlton Hotel Company L.L.C.,5/14/2019,Other Business Support Services,Hospitality and Tourism,0,Riyadh,0,0
50733398,Butcher Chef,Four Seasons Hotels and Resorts,2/19/2020,Hospitality & Accomodation,Hospitality and Tourism,0,Riyadh,0,0
50680373,Staff Nurse I - Recovery Room,King Faisal Specialist Hospital - 0,2/2/2020,Medical Hospital,Hospitality and Tourism,0,0,0,0
50644854,Executive Pastry Chef,Four Seasons Hotels and Resorts,1/29/2020,Hospitality & Accomodation,Hospitality and Tourism,0,Riyadh,0,0
50535901,Consultant - Ophthalmology Surgery (Anterior Segment),King Faisal Specialist Hospital - 0,1/7/2020,Medical Hospital,Hospitality and Tourism,0,Riyadh,0,0
50535984,Senior Management Position - Nursing Services,King Abdulaziz Hospital - Al Ahsa,1/7/2020,Medical Hospital,Hospitality and Tourism,0,Alahsa,0,0
50536140,Director of Clinical Nursing - Administration,Prince Mohammad Bin Abdulaziz Hospital - Madinah,1/7/2020,Medical Hospital,Hospitality and Tourism,0,Medina,0,0
50536459,Consultant - Pediatric Emergency Room (ER),King Saud Medical City,1/7/2020,Medical Hospital,Hospitality and Tourism,0,Riyadh,0,0
50536499,Nurse Coordinator - Obstetrics Triage Assessment & Management Unit,King Abdulaziz Medical City - 0,1/7/2020,Medical Hospital,Hospitality and Tourism,0,Riyadh,0,0
50536516,Staff Nurse (Emergency Room),King Faisal Specialist Hospital - 0,1/7/2020,Medical Hospital,Hospitality and Tourism,0,0,0,0
50536542,Staff Nurse - DEM (Emergency Room),King Faisal Specialist Hospital - 0,1/7/2020,Medical Hospital,Hospitality and Tourism,0,0,0,0
50536553,Nurse Manager - Pediatric Discharge Lounge,King Abdulaziz Medical City - 0,1/7/2020,Medical Hospital,Hospitality and Tourism,0,Riyadh,0,0
50536556,Nurse Clinician - Recovery Room,King Faisal Specialist Hospital - 0,1/7/2020,Medical Hospital,Hospitality and Tourism,0,0,0,0
50536581,Staff Nurse - Recovery Room,King Faisal Specialist Hospital - 0,1/7/2020,Medical Hospital,Hospitality and Tourism,0,0,0,0
50536620,Consultant - Adult Thoracic Surgery (Lung Transplant Experience),King Faisal Specialist Hospital - 0,1/7/2020,Medical Hospital,Hospitality and Tourism,0,Riyadh,0,0
50536624,Staff Nurse - Emergency Room,Prince Imam Abdulrahman Al Faisal Hospital - 0,1/7/2020,Medical Hospital,Hospitality and Tourism,0,Dammam,0,0
50536650,Staff Nurse I - Obstetrics Triage Assessment & Management Unit,King Abdulaziz Medical City - 0,1/7/2020,Medical Hospital,Hospitality and Tourism,0,Riyadh,0,0
50536739,Nursing Supervisor - Administration,King Abdulaziz Medical City - 0,1/7/2020,Medical Hospital,Hospitality and Tourism,0,Riyadh,0,0
50536751,Nurse Manager - Obstetrics Triage Assessment & Management Unit,King Abdulaziz Medical City - 0,1/7/2020,Medical Hospital,Hospitality and Tourism,0,Riyadh,0,0
4174535,Admin Assistant (HR Services),0,4/15/2020,Oil & Gas,Human Resources and Recruitment,0,Jubail,0,0
4177041,Manpower Planner,0,4/15/2020,Oil & Gas,Human Resources and Recruitment,0,Jubail,0,0
4176911,Shared Services Director,National Water Company,4/14/2020,Utilities,Human Resources and Recruitment,Bachelor's degree / higher diploma,Alqasim,46,0
4176909,Shared Services Director,National Water Company,4/14/2020,Utilities,Human Resources and Recruitment,Bachelor's degree / higher diploma,Medina,45,0
4162655,"HR Manager ""saudi Only""",Kifah Paper Product,4/12/2020,Manufacturing,Human Resources and Recruitment,0,Alahsa,0,0
4174533,HR Supervisor,0,4/12/2020,Oil & Gas,Human Resources and Recruitment,Bachelor's degree / higher diploma,0,0,0
4158390,HR Specialist,Saudi Diesel Equipment Co.,4/9/2020,Automotive Repair Spare Parts & Support Services,Human Resources and Recruitment,Bachelor's degree / higher diploma,Khobar,35,3000
4175705,Talent Acquisition Specialist,Red Sea International Company ,4/8/2020,Construction & Building,Human Resources and Recruitment,Bachelor's degree / higher diploma,Jubail,35,2000
4148839,Recruitment & Mobilization Supervisor,Mena Business Investment Group,4/7/2020,Business Consultancy Services,Human Resources and Recruitment,Certification / diploma,Riyadh,0,3000
4175223,√Œ’«∆Ì ‘∆Ê‰ „ÊŸ›Ì‰,IDrive KSA,4/5/2020,Motor Vehicle Passenger Transport,Human Resources and Recruitment,0,Riyadh,0,0
4174974,HR Manager - SAUDI NATIONAL,UPFRONT HR,4/2/2020,Consumer Packaged Goods Manufacture; FMCG,Human Resources and Recruitment,Bachelor's degree / higher diploma,0,0,6000
4174964,Hire to Retire Transformation Lead,Michael Page,4/2/2020,Human Resources Outsourcing,Human Resources and Recruitment,0,Riyadh,0,0
4174269,HR Manager,Source2Hire,3/29/2020,Other Business Support Services,Human Resources and Recruitment,Bachelor's degree / higher diploma,0,0,0
4173555,"Human Resource Manager "" Saudi Only""",Kifah Ready Mix,3/29/2020,Manufacturing,Human Resources and Recruitment,Bachelor's degree / higher diploma,0,0,0
3185217,HR Specialist,TORAY Middle East TMME,3/29/2020,Industrial Production,Human Resources and Recruitment,Bachelor's degree / higher diploma,0,0,0
4173703,HR Coordinators,M. M. Al Harbi & Partner Co. Ltd  ,3/24/2020,Construction & Building,Human Resources and Recruitment,Bachelor's degree / higher diploma,Dammam,0,0
4173469,Government Relations Unit Head,M. M. Al Harbi & Partner Co. Ltd  ,3/23/2020,Construction & Building,Human Resources and Recruitment,Bachelor's degree / higher diploma,Dammam,0,0
4173465,HR Recruitment Specialist,M. M. Al Harbi & Partner Co. Ltd  ,3/23/2020,Construction & Building,Human Resources and Recruitment,Bachelor's degree / higher diploma,Dammam,0,0
4170331,HR & Admin Coordinator - Tanajib,Alkifah Contracting,3/22/2020,Other Business Support Services,Human Resources and Recruitment,0,0,0,0
4170412,HR Coordinator  - Khobar,Alkifah Contracting,3/22/2020,Other Business Support Services,Human Resources and Recruitment,Bachelor's degree / higher diploma,Khobar,0,0
4172988,HR Specialist - Al-Ahssa - Saudi only,KILO,3/22/2020,Other Business Support Services,Human Resources and Recruitment,Bachelor's degree / higher diploma,Alahsa,0,0
4173278,Workday Onboarding specialist,0,3/22/2020,Administration Support Services,Human Resources and Recruitment,Bachelor's degree / higher diploma,Riyadh,0,0
4173256,Recruitment Supervisor ( Saudi National Only ),0,3/22/2020,Construction & Building,Human Resources and Recruitment,Bachelor's degree / higher diploma,Dammam,0,3000
4160291,«⁄·«‰ ‘Ê«€— «œ«—Ì… »‘—ﬂ… ’‰«⁄Ì… ﬂ»—Ï  („‰”ﬁ… „Ê«—œ »‘—Ì… + „Õ«”»… √ÃÊ— + «Œ’«∆Ì…  √„Ì‰)ŸÖÿ≠ÿßÿ≥ÿ®ÿ© ÿ£ÿ¨Ÿàÿ± + ÿßÿÆÿµÿßÿ¶Ÿäÿ© ÿ™ÿ£ŸÖŸäŸÜ),‘—ﬂ… ’·…,3/22/2020,Construction & Building,Human Resources and Recruitment,Bachelor's degree / higher diploma,Riyadh,35,0
4166894,RECRUITER,JAL Human Resources Co.,3/21/2020,Human Resources Outsourcing,Human Resources and Recruitment,Bachelor's degree / higher diploma,0,0,0
4166895,Mobilization \ On Boarding Specialist,JAL Human Resources Co.,3/21/2020,Human Resources Outsourcing,Human Resources and Recruitment,0,0,0,0
4173050,Human Resources,BINZAFRAH HOLDING GROUP CO.,3/19/2020,Utilities,Human Resources and Recruitment,0,Riyadh,0,0
4171189,Talent Acquisition Specialist,QS Quest Ltd,3/17/2020,Civil Engineering,Human Resources and Recruitment,Bachelor's degree / higher diploma,Riyadh,0,8000
4170220,HR Administration Team Leader,Abyat,3/16/2020,Wholesale & Import/Export Trade,Human Resources and Recruitment,Bachelor's degree / higher diploma,NaN,0,0
4170217,HR & Admin Manager,Abyat,3/16/2020,Wholesale & Import/Export Trade,Human Resources and Recruitment,Bachelor's degree / higher diploma,NaN,0,0
3792758,HR Officer,Abyat,3/16/2020,Wholesale & Import/Export Trade,Human Resources and Recruitment,0,NaN,0,0
4169627,Human Resources Business Partner,Kitopi,3/15/2020,Food & Beverage Production,Human Resources and Recruitment,0,Riyadh,0,0
4129297,HR Coordinator (Saudi female),Mena Business Investment Group,3/11/2020,Metro & Rail Passenger Transport,Human Resources and Recruitment,Bachelor's degree / higher diploma,Riyadh,0,2000
4165495,HR Manager ( Saudi Only ),0,3/10/2020,Construction & Building,Human Resources and Recruitment,Master's degree,Dammam,0,0
4163571,Female - Business Development Manager,Dewan Consultants ,3/8/2020,Recruitment & Employee Placement Agency,Human Resources and Recruitment,0,Riyadh,0,0
4163375,HR Generalist,Future Careers Middle East Freezone LLC,3/8/2020,Construction & Building,Human Resources and Recruitment,Bachelor's degree / higher diploma,Khobar,30,0
4162461,HR Specialist,Yanbu,3/7/2020,Manufacturing,Human Resources and Recruitment,Bachelor's degree / higher diploma,Yanbu,0,0
4161715,Human Resources Manager,0,3/6/2020,Project & Construction Planning; Civil Engineering; Pharmaceutical,Human Resources and Recruitment,Bachelor's degree / higher diploma,0,0,0
4161367,Head of Human Resources & Administration,Future Careers Middle East Freezone LLC,3/6/2020,Manufacturing,Human Resources and Recruitment,Bachelor's degree / higher diploma,0,40,0
4159315,Recruitment Specialist,Nayyara  Banqueting  and Conference  Center ,3/4/2020,Hospitality & Accomodation; Catering Food Service & Restaurant,Human Resources and Recruitment,Bachelor's degree / higher diploma,Riyadh,26,2000
4151814,Government Relations Officer,Ahmed Abdullah Al Essa,2/22/2020,Wholesale & Import/Export Trade,Human Resources and Recruitment,0,Riyadh,0,0
4159332,HR And Payroll Specialist,Nayyara  Banqueting  and Conference  Center ,3/4/2020,Catering Food Service & Restaurant,Human Resources and Recruitment,Bachelor's degree / higher diploma,Riyadh,26,3000
4159483,C&B Specialist,0,3/4/2020,Maritime & Marine Engineering,Human Resources and Recruitment,Bachelor's degree / higher diploma,0,40,0
4159338,HR Recruitment and Saudization officer ŸÖÿ≥ÿ§ŸàŸÑ ÿ¥ÿ§ŸàŸÜ ÿßŸÑÿ™Ÿàÿ∏ŸäŸÅ Ÿà ÿßŸÑÿ™Ÿàÿ∑ŸäŸÜ,‘—ﬂ… ‘·›« «·⁄«·„Ì… ·· Ã«—… Ê«·„ﬁ«Ê·«,3/4/2020,Facilities & Property Management; Construction & Building,Human Resources and Recruitment,0,Riyadh,0,2000
4156998,Assistant Manager ‚Äì HR Operations,0,3/1/2020,Distribution & Logistics,Human Resources and Recruitment,Bachelor's degree / higher diploma,0,0,0
4156969,Officer - Learning and Development,0,3/1/2020,Distribution & Logistics,Human Resources and Recruitment,Bachelor's degree / higher diploma,0,0,0
4156961,Senior Officer ‚Äì Recruitment & Planning,0,3/1/2020,Distribution & Logistics,Human Resources and Recruitment,Bachelor's degree / higher diploma,0,0,0
4156787,Recruitment Specialist,Fircroft,3/1/2020,Recruitment & Employee Placement Agency,Human Resources and Recruitment,0,Riyadh,0,0
4156775,„œÌ— «· ÊŸÌ›,Tawa Sweet Co. ,3/1/2020,Administration Support Services,Human Resources and Recruitment,0,Riyadh,0,0
4156728,Recruitment Specialist,Namariq Co,3/1/2020,Hospitality & Accomodation; Catering Food Service & Restaurant,Human Resources and Recruitment,Bachelor's degree / higher diploma,0,0,0
3966406,Recruitment Manager - 0,Arrow Food Distribution Co.,3/1/2020,FMCG,Human Resources and Recruitment,Bachelor's degree / higher diploma,0,38,0
4154968,HR Internship 2020,Bupa Arabia,2/27/2020,Human Resources Outsourcing,Human Resources and Recruitment,0,0,0,0
4154784,Recruitment Drive- South Africa,Parsons - United Arab Emirates,2/27/2020,General Engineering Consultancy,Human Resources and Recruitment,Bachelor's degree / higher diploma,Jizan,0,0
4154769,Recruitment Drive Houston Texas,Parsons - United Arab Emirates,2/27/2020,General Engineering Consultancy,Human Resources and Recruitment,Bachelor's degree / higher diploma,Riyadh,0,0
4148537,Coord-Human Resources,Le Meridien Al0,2/27/2020,Hospitality & Accomodation,Human Resources and Recruitment,0,Khobar,0,0
4154671,RECRUITER (SAUDI NATIONALS) with 12 months experience or Internship from multinational companies,Emagine Solutions FZE,2/27/2020,Distribution & Logistics,Human Resources and Recruitment,0,Riyadh,0,0
4153436,Strategic Workforce Planning Specialist,National Water Company,2/25/2020,Utilities,Human Resources and Recruitment,0,Riyadh,46,0
4152090,„œÌ— „Ê«—œ »‘—Ì…,‘—ﬂ… Õ·Ê·‰« «·„ÕœÊœ…,2/23/2020,Corporate Management Office,Human Resources and Recruitment,Bachelor's degree / higher diploma,0,28,0
4127708,Recruiting Sourcer / Talents sourcer,0,2/22/2020,Recruitment & Employee Placement Agency; Human Resources Outsourcing,Human Resources and Recruitment,0,Riyadh,32,2000
4136882,hr officer,0,2/20/2020,Shipping,Human Resources and Recruitment,Certification / diploma,0,0,0
4151322,IT Recruiter - Riyadh,Green Field Management Consultancy,2/20/2020,Recruitment & Employee Placement Agency,Human Resources and Recruitment,Bachelor's degree / higher diploma,Riyadh,35,0
3957319,Recruiter - Headhunter,0,2/20/2020,Recruitment & Employee Placement Agency,Human Resources and Recruitment,0,Riyadh,36,2000
4151319,Non IT recruiter,Green Field Management Consultancy,2/20/2020,Recruitment & Employee Placement Agency,Human Resources and Recruitment,Bachelor's degree / higher diploma,Riyadh,35,3000
4151216,HR Officer,0,2/19/2020,Other Business Support Services,Human Resources and Recruitment,Bachelor's degree / higher diploma,Jubail,0,3000
4150868,HR Manager,Elite Talents for Recruitment,2/18/2020,FMCG; Food & Beverage Production,Human Resources and Recruitment,0,Dammam,0,0
3934970,KSA L&D Manager (Performance & Development Manager),0,6/16/2019,Wholesale & Import/Export Trade,Human Resources and Recruitment,Bachelor's degree / higher diploma,NaN,0,0
55077693,Senior HR Specialist,Merge,4/16/2020,Other Business Support Services,Human Resources and Recruitment,0,Riyadh,0,0
55001628,Senior Supervisor- HR - AV433802,Manpower,4/9/2020,Other Business Support Services,Human Resources and Recruitment,0,NaN,0,0
55010025,HR Director - Saudi National,0,4/9/2020,Other Business Support Services,Human Resources and Recruitment,0,NaN,0,0
54975481,HR specialist,Brunel,4/7/2020,Oil & Gas,Human Resources and Recruitment,0,NaN,0,0
54950591,Senior Recruiter,Raytheon ,4/4/2020,Other Business Support Services,Human Resources and Recruitment,0,Riyadh,0,0
54880282,Human Resources Internship 2020,Procter & Gamble,3/31/2020,Other Business Support Services,Human Resources and Recruitment,0,0,0,0
54792141,National_HR Specialist,Al Futtaim Private Company LLC,3/25/2020,Wholesale & Import/Export Trade,Human Resources and Recruitment,0,Riyadh,0,0
54629723,HR specialist,Brunel,3/15/2020,Other Business Support Services,Human Resources and Recruitment,0,NaN,0,0
54468815,Director of Human Resources,Marriott International Inc & Ritz Carlton Hotel Company L.L.C.,3/6/2020,Other Business Support Services,Human Resources and Recruitment,0,Riyadh,0,0
54449623,HUMAN RESOURCES COORDINATOR,King Faisal Specialist Hospital & Research Centre,3/5/2020,Other Business Support Services,Human Resources and Recruitment,0,NaN,0,0
54419729,Resources Manager,M.S. Al-Suwaidi Contracting Establishment (MSAS),3/4/2020,Oil & Gas,Human Resources and Recruitment,Master's degree,Jubail,0,0
54431934,Accounting & HR Admin Operation,Cequens,3/4/2020,Other Business Support Services,Human Resources and Recruitment,0,Riyadh,0,0
54438859,HUMAN RESOURCES MANAGER (for a Zamil Group Joint-Venture Company),Zamil Group Holding Company,3/4/2020,Other Business Support Services,Human Resources and Recruitment,0,Dammam,0,0
54011385,HR Manager - Food Production,COREcruitment,2/14/2020,Other Business Support Services,Human Resources and Recruitment,0,NaN,0,0
53864303,HR Assistant (KSA Branch),Q Food and Beverage Group Dubai,2/7/2020,Hospitality & Accomodation,Human Resources and Recruitment,0,NaN,0,0
53863586,Human Resources Secretary - Saudi National,Centro Salama,2/6/2020,Hospitality & Accomodation,Human Resources and Recruitment,0,0,0,0
53775005,Human Resources Manager - Saudi National,Centro Shaheen,1/19/2020,Hospitality & Accomodation,Human Resources and Recruitment,0,0,0,0
53688973,HR Representative,Schlumberger,1/9/2020,Other Business Support Services,Human Resources and Recruitment,0,NaN,0,0
53614390,Recruitment Specialist,Nayyara,1/2/2020,Hospitality & Accomodation,Human Resources and Recruitment,Bachelor's degree / higher diploma,Riyadh,0,0
53604792,Human Resources Coordinator,Marriott International Inc & Ritz Carlton Hotel Company L.L.C.,1/1/2020,Other Business Support Services,Human Resources and Recruitment,0,Riyadh,0,0
53058884,HR Coordnitor,Modern Bus Company Ltd,11/13/2019,Other Business Support Services,Human Resources and Recruitment,Bachelor's degree / higher diploma,Mecca,0,0
52779496,Human Resources Director 0,First Resort Global Recruitment,10/24/2019,Recruitment & Employee Placement Agency,Human Resources and Recruitment,0,0,0,0
52804351,HR Manager 0,First Resort Global Recruitment,10/24/2019,Recruitment & Employee Placement Agency,Human Resources and Recruitment,0,0,0,0
52310838,HR Supervisor,AL FOZAN GROUP,9/19/2019,Oil & Gas,Human Resources and Recruitment,Certification / diploma,Khobar,0,0
51219752,Payroll Specialist,Modern Bus Company Ltd,9/7/2019,Motor Vehicle Passenger Transport,Human Resources and Recruitment,0,Mecca,0,0
51219755,Human Resources Specialist,Modern Bus Company Ltd,9/7/2019,Motor Vehicle Passenger Transport,Human Resources and Recruitment,0,Mecca,0,0
51210328,HR Coordinator,Modern Bus Company Ltd,9/2/2019,Other Business Support Services,Human Resources and Recruitment,0,Mecca,0,0
50863689,Human Resources - Secretary (Saudi National),Centro Shaheen,5/9/2019,Hospitality & Accomodation,Human Resources and Recruitment,0,0,0,0
50536474,Executive Consultant Human Resource Management (HRM),King Faisal Specialist Hospital - 0,1/7/2020,Medical Hospital,Human Resources and Recruitment,0,Riyadh,0,0
50467583,Human Resources - Colleague Outlet Attendant,Centro Corniche,11/15/2019,Hospitality & Accomodation,Human Resources and Recruitment,0,Khobar,0,0
4177122,IT PMO - Senior Specialist (Saudi nationals only),Michael Page,4/15/2020,Telecommunications,Information Technology,0,Riyadh,0,0
4176900,Network Security Consultant,Flint Consulting Ltd,4/14/2020,IT Services,Information Technology,0,Riyadh,0,0
4176891,Mobile App Developer - React Native,Jobskey,4/14/2020,Software Development,Information Technology,Bachelor's degree / higher diploma,Riyadh,0,0
4150322,IT Helpdesk Supervisor,SRACO,4/13/2020,Construction & Building,Information Technology,Bachelor's degree / higher diploma,Dammam,38,4000
4176606,IT Solution's Architect,Prince Mohammad Bin Salman College,4/13/2020,Primary Prep & Secondary School,Information Technology,Bachelor's degree / higher diploma,NaN,0,0
4071522,MS Dynamic 365 ERP (Functional & Technical),South 0,4/13/2020,Food & Beverage Production,Information Technology,0,0,33,2000
4176591,Software Engineer for a Fast-Paced Disruptive Cyber Security company - Saudi  $200k PA + Equity,Emagine Solutions FZE,4/13/2020,Software Development,Information Technology,0,Riyadh,0,15000
4176038,Graphic Designer (Video editing Photoshop PowerPoint),COMM-IT MIDDLE EAST LLC,4/9/2020,IT Services,Information Technology,0,Riyadh,38,3000
4175974,SAP Core Banking Support Analyst,MRI Worldwide UAE,4/9/2020,Banking,Information Technology,Bachelor's degree / higher diploma,Riyadh,0,8000
4175960,Onsite Solution Designer (Lead),Sundus Recruitment and Outsourcing Services,4/9/2020,IT Services,Information Technology,0,Riyadh,0,0
4175961,Project Onsite Coordinator (IT),Sundus Recruitment and Outsourcing Services,4/9/2020,IT Services,Information Technology,0,Riyadh,0,0
4149185,IT Manager,0,4/8/2020,Industrial Production,Information Technology,Bachelor's degree / higher diploma,Dammam,0,0
4158383,IT Officer,0,4/8/2020,Industrial Production,Information Technology,Bachelor's degree / higher diploma,0,0,0
4136785,it support lead,CC Staffing International Ltd.,4/6/2020,IT Services,Information Technology,0,Riyadh,0,0
4175439,Computer network technician,Middle East Tasks Co. Ltd. (METCO),4/6/2020,Human Resources Outsourcing,Information Technology,Bachelor's degree / higher diploma,Mecca,0,0
4175431,Electronics security systems technician,Middle East Tasks Co. Ltd. (METCO),4/6/2020,Human Resources Outsourcing,Information Technology,Bachelor's degree / higher diploma,Mecca,0,0
4175288,Network Security Engineer,Al Moammar Information Systems Co.,4/5/2020,IT Services,Information Technology,Bachelor's degree / higher diploma,Riyadh,0,0
4175171,Full Stack Developer,alyaum,4/5/2020,Journalism,Information Technology,Bachelor's degree / higher diploma,Dammam,0,0
4174893,IS-OIL SAP Jobs,Progressive GE,4/2/2020,Accounting,Information Technology,0,NaN,0,30000
4174784,System Administrator,Ali Zaid Al Quraishi & Brothers,4/1/2020,Installation & Technical Services,Information Technology,Bachelor's degree / higher diploma,0,0,0
4174691,Senior Operations Associates,I-Talent,4/1/2020,IT Services; Financial Services; Economics & Financial Consulting,Information Technology,Bachelor's degree / higher diploma,Riyadh,0,0
4174656,Oracle EBS Functional Lead,Michael Page,4/1/2020,IT Services,Information Technology,0,Riyadh,0,0
4174516,Senior Quality Engineer,Al Moammar Information Systems Co.,3/31/2020,Software Development,Information Technology,Bachelor's degree / higher diploma,Riyadh,0,0
4174134,Senior System Administrator,Saudi Railway Company (SAR),3/27/2020,Metro & Rail Passenger Transport,Information Technology,Bachelor's degree / higher diploma,Riyadh,0,0
4174128,Network Operations Supervisor,Saudi Railway Company (SAR),3/27/2020,Metro & Rail Passenger Transport,Information Technology,Bachelor's degree / higher diploma,Riyadh,0,0
4174126,Network Operations Engineer,Saudi Railway Company (SAR),3/27/2020,Metro & Rail Passenger Transport,Information Technology,Bachelor's degree / higher diploma,Riyadh,0,0
4174005,Sharepoint Developer,2P Perfect Presentation,3/26/2020,IT Services,Information Technology,Bachelor's degree / higher diploma,Alqasim,0,0
4173818,Junior Citrix Consultant,Michael Page,3/25/2020,IT Services,Information Technology,0,Riyadh,0,0
4173702,›‰Ì  ﬁ‰Ì… «·„⁄·Ê„« ,0,3/24/2020,IT Services,Information Technology,Certification / diploma,0,40,1500
4173629,Hiring fresh graduate @ Cognizant Technology Solutions,Cognizant - 0,3/24/2020,IT Services,Information Technology,Bachelor's degree / higher diploma,Riyadh,0,0
4173453,Senior Marketing Specialist,I-Talent,3/23/2020,Market Research; IT Services; Financial Services,Information Technology,Bachelor's degree / higher diploma,Riyadh,0,0
4173436,Operations Associate - IT,I-Talent,3/23/2020,IT Services; Internet & E-commerce; Administration Support Services,Information Technology,Bachelor's degree / higher diploma,Riyadh,0,0
4173412,Junior IT Business Analyst,I-Talent,3/23/2020,IT Services; Software Development; Administration Support Services,Information Technology,Bachelor's degree / higher diploma,Riyadh,0,0
4173235,Product Manager,Source2Hire,3/22/2020,Other Business Support Services,Information Technology,0,Riyadh,0,0
4173146,Solution Architect,PROVEN,3/21/2020,Business Support Services,Information Technology,0,Riyadh,0,0
4173145,UI Front End Developer,PROVEN,3/21/2020,Business Support Services,Information Technology,0,Riyadh,0,0
4173033,Head of Innovation and Technology Commercialization (Riyadh),Michael Page,3/19/2020,IT Services,Information Technology,0,Riyadh,0,0
4171808,Defence Electronic SME,Huxley Associates,3/18/2020,IT Services,Information Technology,0,Riyadh,0,0
4171033,Information Security Analyst (Saudi National only),Zahid Tractor & Heavy Machinery Co. Ltd.,3/17/2020,IT Services; Automotive Dealership & Distributor; Technical Maintenance & Repair,Information Technology,Bachelor's degree / higher diploma,0,0,0
4171003,Systems / Network Administrator (Saudi National only),Zahid Tractor & Heavy Machinery Co. Ltd.,3/17/2020,IT Services; Automotive Dealership & Distributor; Technical Maintenance & Repair,Information Technology,Bachelor's degree / higher diploma,0,0,0
4170998,Systems / Network Analyst (Saudi National only),Zahid Tractor & Heavy Machinery Co. Ltd.,3/17/2020,IT Services; Automotive Dealership & Distributor; Technical Maintenance & Repair,Information Technology,Bachelor's degree / higher diploma,0,0,0
4005776,CADD Operator - Telecommunication,0,3/15/2020,Oil & Gas,Information Technology,0,Khobar,0,0
4166795,Computer /Electronic Technician,0,3/11/2020,IT Services,Information Technology,0,Riyadh,0,0
4166658,Senior MS SQL Database Administrator,0,3/11/2020,IT Services,Information Technology,Bachelor's degree / higher diploma,Riyadh,0,0
4164642,IT Officer,Cine,3/10/2020,Business Support Services,Information Technology,0,Riyadh,35,0
4164476,ICS OT,Huxley Associates,3/9/2020,IT Services,Information Technology,0,NaN,0,0
4163322,Remedy Service Management Lead,Kellogg Brown & Root Saudi Ltd | KBR,3/8/2020,Project & Construction Planning,Information Technology,Bachelor's degree / higher diploma,Riyadh,0,0
4159624,IT Project Manager,COMM-IT MIDDLE EAST LLC,3/4/2020,IT Services,Information Technology,Bachelor's degree / higher diploma,Riyadh,35,5000
4159621,Communication Engineer,COMM-IT MIDDLE EAST LLC,3/4/2020,IT Services,Information Technology,Bachelor's degree / higher diploma,Riyadh,30,5000
4159620,Change Management Specialist,COMM-IT MIDDLE EAST LLC,3/4/2020,IT Services,Information Technology,0,Riyadh,33,5000
4159619,Full Stack Development Engineer,COMM-IT MIDDLE EAST LLC,3/4/2020,IT Services,Information Technology,0,Jubail,35,4000
4159405,Reporting & Information Management Lead,Kellogg Brown & Root Saudi Ltd | KBR,3/4/2020,IT Services,Information Technology,Bachelor's degree / higher diploma,Riyadh,0,0
4159343,Application  Security Specialist,Cognizant - 0,3/4/2020,IT Services,Information Technology,0,Riyadh,0,0
4143349,„»—„Ã »«ÌÀÊ‰,0,3/4/2020,IT Services,Information Technology,0,Riyadh,0,0
4158633,Business System Officer,Zamil Offshore Services Company,3/3/2020,Oil & Gas,Information Technology,Bachelor's degree / higher diploma,0,0,0
4158629,ERP ADMINISTRATOR,Zamil Offshore Services Company,3/3/2020,Oil & Gas,Information Technology,Bachelor's degree / higher diploma,0,0,0
4158453,Risk Manager,Elite Talents for Recruitment,3/3/2020,Financial Services; Investment Securities & Funds,Information Technology,Bachelor's degree / higher diploma,0,0,0
4158340,Cyber Security Manager,Elite Talents for Recruitment,3/3/2020,Financial Services,Information Technology,Bachelor's degree / higher diploma,0,0,0
4158309,Infrastructure & Security Manager,Ash-Sharafiya,3/3/2020,Medical Clinic; Medical Hospital,Information Technology,Bachelor's degree / higher diploma,0,0,0
4158138,IT Project Manager,Getronics,3/3/2020,IT Services; Banking,Information Technology,Bachelor's degree / higher diploma,Riyadh,0,8000
4158137,Functional Business Analyst,Getronics,3/3/2020,IT Services; Banking,Information Technology,Bachelor's degree / higher diploma,Riyadh,0,8000
4158109,IT Project Manager-Cloud,Getronics,3/3/2020,Software Development; Banking,Information Technology,Bachelor's degree / higher diploma,Riyadh,0,0
4157836,Android/IOS Mobile Developer - KSA Nationals,kaar technologies private limited,3/2/2020,IT Services,Information Technology,Bachelor's degree / higher diploma,Dammam,0,5000
4157461,ArcSDE Geodatabase Administrator,Source2Hire,3/2/2020,IT Services,Information Technology,0,Riyadh,0,0
4157386,Senior Operations Manager,I-Talent,3/2/2020,Internet & E-commerce; IT Services,Information Technology,Bachelor's degree / higher diploma,Riyadh,0,0
4156720,IT Director,0,3/1/2020,Distribution & Logistics,Information Technology,Bachelor's degree / higher diploma,Riyadh,0,0
4155260,Senior Network Manager,0,2/27/2020,Banking,Information Technology,Bachelor's degree / higher diploma,0,40,0
4155149,Java Architect,Getronics,2/27/2020,IT Services; Banking,Information Technology,Bachelor's degree / higher diploma,Riyadh,0,8000
4124219,Data Entry Activities,Ministry of Defence -Medical Services Directorate ,2/27/2020,Medical Hospital,Information Technology,0,Riyadh,0,0
4124208, ORACLE PROGRAMMER,Ministry of Defence -Medical Services Directorate ,2/27/2020,Medical Hospital,Information Technology,0,Riyadh,0,0
4124217, SECURITY SYSTEMS ADMINISTRATOR,Ministry of Defence -Medical Services Directorate ,2/27/2020,Medical Hospital,Information Technology,0,Riyadh,0,0
4124160, SMARTPHONE APPLICATIONS DESIGNER,Ministry of Defence -Medical Services Directorate ,2/27/2020,Medical Hospital,Information Technology,0,Riyadh,0,0
4124164, DESIGNER,Ministry of Defence -Medical Services Directorate ,2/27/2020,Medical Hospital,Information Technology,0,Riyadh,0,0
4124201, SYSTEM OPERATOR,Ministry of Defence -Medical Services Directorate ,2/27/2020,Medical Hospital,Information Technology,0,Riyadh,0,0
4124204, INFORMATION SECURITY STRATEGIST,Ministry of Defence -Medical Services Directorate ,2/27/2020,Medical Hospital,Information Technology,0,Riyadh,0,0
4124144, system engineer,Ministry of Defence -Medical Services Directorate ,2/27/2020,Medical Hospital,Information Technology,0,Riyadh,0,0
4124145, INFORMATION SECURITY ENGINEER,Ministry of Defence -Medical Services Directorate ,2/27/2020,Medical Hospital,Information Technology,0,Riyadh,0,0
4124154, APPLICATION DEVELOPER,Ministry of Defence -Medical Services Directorate ,2/27/2020,Medical Hospital,Information Technology,0,Riyadh,0,0
4155029,Software development / software engineer,National Home Health Care Foundation ,2/27/2020,Non-profit Organization,Information Technology,0,0,50,0
4154788,IT & Computer science Internship 2020,Bupa Arabia,2/27/2020,Insurance & TPA,Information Technology,0,0,0,0
4153329,Testing & IT Support Coordinator - Al Khobar (Female) *March 8 2020 Start Date*,Niagara College KSA - NC KSA,2/25/2020,Primary Prep & Secondary School,Information Technology,Bachelor's degree / higher diploma,Khobar,0,0
4151926,Cyber Forensic Engineer,TrustLink,2/22/2020,IT Services; Installation & Technical Services; Software Development,Information Technology,Bachelor's degree / higher diploma,Riyadh,0,0
4154139,Senior Test Automation Engineer,Linnk Group,2/26/2020,Recruitment & Employee Placement Agency,Information Technology,0,Riyadh,0,0
3808165,Full Stack Web Developer (Saudi Nationality only),Atheeb Intergraph Saudi Company,2/26/2020,Software Development,Information Technology,0,Riyadh,0,0
4153527,Identity & Access Management Lead,Mackenzie Jones,2/25/2020,Recruitment & Employee Placement Agency,Information Technology,Bachelor's degree / higher diploma,Riyadh,0,0
4153480,Cyber Security Governance Risk & Compliance Lead,Mackenzie Jones,2/25/2020,Recruitment & Employee Placement Agency,Information Technology,Bachelor's degree / higher diploma,Riyadh,0,0
4153294,IT Specialist,0,2/25/2020,Corporate Management Office,Information Technology,Bachelor's degree / higher diploma,Khobar,40,0
4152987,Senior IT Audit & Compliance Officer,Ali Zaid Al Quraishi & Brothers,2/24/2020,Investment Securities & Funds,Information Technology,Bachelor's degree / higher diploma,0,0,0
4152789,„Â‰œ” ‘»ﬂ« ,Business Managment Company (BMC),2/24/2020,IT Services,Information Technology,0,Riyadh,0,0
4152730,Software Analyst,Geidea,2/24/2020,IT Services,Information Technology,Bachelor's degree / higher diploma,Riyadh,0,2000
4152724,IT Network Engineer,0,2/24/2020,IT Services,Information Technology,Bachelor's degree / higher diploma,Riyadh,0,0
4152659,IOS Developer,0,2/24/2020,IT Services,Information Technology,Bachelor's degree / higher diploma,Riyadh,0,0
4152095,Database Administrator,Rawaj Co. for Recruitment,2/23/2020,IT Services,Information Technology,0,Riyadh,0,0
4152076,Field Application Engineer,Wisekey,2/23/2020,IT Services,Information Technology,0,Riyadh,0,0
4152071,Audio-Visual Specialist/ System Integrator,0,2/23/2020,Home & Office Furniture,Information Technology,Bachelor's degree / higher diploma,0,0,0
4151992,IT Retail Project Manager,Al Nahdi Medical Co,2/22/2020,Pharmaceutical,Information Technology,0,0,0,0
4151437,„œÌ— √„‰ «·„⁄·Ê„« ,National Finance Company,2/20/2020,Economics & Financial Consulting,Information Technology,0,Riyadh,0,0
4151429,„œÌ— ≈œ«—…  ﬁ‰Ì… «·„⁄·Ê„« ,National Finance Company,2/20/2020,Economics & Financial Consulting,Information Technology,0,Riyadh,0,0
4151402,Business Analyst,Mohammed Al Rashid Co. - MARCO,2/20/2020,Construction & Building,Information Technology,0,Riyadh,0,0
4151218,Splunk Onsite Engineer,Ali Zaid Al Quraishi & Brothers,2/19/2020,IT Services,Information Technology,Bachelor's degree / higher diploma,0,0,5000
1765518,Software Applications Support      ÿØÿπŸÖ ŸÅŸÜŸä ŸÑŸÑÿ£ŸÜÿ∏ŸÖÿ© ÿßŸÑÿ™ÿ¨ÿßÿ±Ÿäÿ©,Injazat Information Technology,2/19/2020,IT Services,Information Technology,Bachelor's degree / higher diploma,0,39,1500
4150985,Business Innovation Analyst,semi-government,2/19/2020,Public Administration,Information Technology,Bachelor's degree / higher diploma,Riyadh,0,0
4150879,Quality Engineer,0,2/18/2020,Recruitment & Employee Placement Agency,Information Technology,Bachelor's degree / higher diploma,Riyadh,0,0
4150878,Pega Developer,0,2/18/2020,Recruitment & Employee Placement Agency,Information Technology,Bachelor's degree / higher diploma,Riyadh,0,0
4150872,Site Core Developer,0,2/18/2020,Installation & Technical Services,Information Technology,Bachelor's degree / higher diploma,Riyadh,0,0
4150871,Senior SharePoint Administrator,0,2/18/2020,Installation & Technical Services,Information Technology,Bachelor's degree / higher diploma,Riyadh,0,0
4150847,JUN. System Analyst,0,2/18/2020,Installation & Technical Services,Information Technology,Bachelor's degree / higher diploma,Riyadh,0,0
4150837,Senior System Analyst,0,2/18/2020,Installation & Technical Services,Information Technology,Bachelor's degree / higher diploma,Riyadh,0,0
4150835,Junior Software Development,0,2/18/2020,Installation & Technical Services,Information Technology,Bachelor's degree / higher diploma,Riyadh,0,0
4150829,Senior SharePoint Developer,0,2/18/2020,Installation & Technical Services,Information Technology,Bachelor's degree / higher diploma,Riyadh,0,0
4150815,Senior Software Developer,0,2/18/2020,Installation & Technical Services,Information Technology,Bachelor's degree / higher diploma,Riyadh,0,0
4150617,ISMS ISO 27001 Implementer,Huxley Associates,2/17/2020,IT Services,Information Technology,0,Riyadh,0,0
4150618,Solutions Architect,Huxley Associates,2/17/2020,IT Services,Information Technology,0,Riyadh,0,0
4150615,IT Strategy Development,Huxley Associates,2/17/2020,Accounting,Information Technology,0,Riyadh,0,0
4150283,IT Freshers,Cognizant - 0,2/17/2020,IT Services,Information Technology,0,Riyadh,0,0
4150119,Cybert Technician Information Security Engineer,Œ»—«¡ «·√⁄„«· ··« ’«·«  Ê ﬁ‰Ì… «·„⁄·Ê„« ,2/16/2020,Administration Support Services,Information Technology,Certification / diploma,0,49,5000
4148872,Network Technician,Saudi Petroleum Services Polytechnic,2/11/2020,Oil & Gas,Information Technology,Certification / diploma,Dammam,0,0
3869664,Saudi Fresh Graduates Information Technology Program,0,1/7/2020,Other Business Support Services,Information Technology,Bachelor's degree / higher diploma,Riyadh,0,0
3820945,IT,0,7/24/2019,Public Administration,Information Technology,0,Riyadh,0,0
3738485, Systems Analyst,0,10/23/2019,IT Services,Information Technology,Bachelor's degree / higher diploma,Riyadh,0,0
3617079,Senior Business Analyst,Al Rajhi Takaful,12/24/2019,IT Services; Insurance & TPA; Banking,Information Technology,Bachelor's degree / higher diploma,Riyadh,0,0
3617102,Senior Developer,Al Rajhi Takaful,12/24/2019,Insurance & TPA; IT Services; Banking,Information Technology,Bachelor's degree / higher diploma,Riyadh,0,0
55077710,Presales Engineer (Security and Safety Solutions),Merge,4/16/2020,Other Business Support Services,Information Technology,0,Riyadh,0,0
55077720,Technical Office Manager,Merge,4/16/2020,Other Business Support Services,Information Technology,0,NaN,0,0
55077747,Inventory Purchasing-Procurement Transportation Warehouse,Merge,4/16/2020,Other Business Support Services,Information Technology,0,Riyadh,0,0
55070023,Oracle SOA Suite-Lead,Wipro,4/15/2020,IT Services,Information Technology,0,Riyadh,0,0
55073033,ENTERPRISE INTELLIGENCE ANALYST,King Faisal Specialist Hospital & Research Centre,4/15/2020,Other Business Support Services,Information Technology,0,Riyadh,0,0
55054053,Technical Support Specialist,Baker Hughes,4/14/2020,Other Business Support Services,Information Technology,0,Khobar,0,0
55054071,Technical Specialist - Coiled Tubing,Baker Hughes,4/14/2020,Other Business Support Services,Information Technology,0,NaN,0,0
55058072,McAfee Antivirus Endpoint Protection Solution - EPS-Engineer,Wipro,4/14/2020,IT Services,Information Technology,0,Jubail,0,0
55059972,DATA CENTER ANALYST,King Faisal Specialist Hospital & Research Centre,4/14/2020,Other Business Support Services,Information Technology,0,Riyadh,0,0
55060732,Senior Database Administrator (LINUX),MPH Consulting Services,4/14/2020,General Engineering Consultancy,Information Technology,0,Riyadh,0,0
55031722,Field Service and Technical Advising Specialist,GE Energy UK,4/11/2020,Other Business Support Services,Information Technology,0,Khobar,0,0
55031728,Security Intelligence Analyst,Saudi Aramco Shell Refining - SASREF,4/11/2020,Other Business Support Services,Information Technology,0,NaN,0,0
55031861,Technical Architect,Saudi Aramco Shell Refining - SASREF,4/11/2020,Other Business Support Services,Information Technology,0,NaN,0,0
55031939,Petrochemical Market Analysis Specialist,Saudi Aramco Shell Refining - SASREF,4/11/2020,Other Business Support Services,Information Technology,0,NaN,0,0
55015121,Field Service and Technical Advising Specialist,General Electric,4/10/2020,Other Business Support Services,Information Technology,0,NaN,0,0
55021286,Technical Assistant MRO Radio PR4G,MPH Consulting Services,4/10/2020,General Engineering Consultancy,Information Technology,0,Riyadh,0,0
55022120,END-USER COMPUTING ANALYST,King Faisal Specialist Hospital & Research Centre,4/10/2020,Other Business Support Services,Information Technology,0,Riyadh,0,0
54994055,National Professional Officer (Senior Land Desertification Monitoring Expert),Food and Agriculture Organization,4/8/2020,Recruitment & Employee Placement Agency,Information Technology,0,Riyadh,0,0
54977651,DATA ANALYTICS ANALYST,King Faisal Specialist Hospital & Research Centre,4/7/2020,Other Business Support Services,Information Technology,0,Riyadh,0,0
54929473,Personal Trainer | Ultra Luxury Exclusive Wellness Club¬†| 0 & RIYADH LOCATIONS¬†E160-20A,Spa Elite,4/4/2020,Other Business Support Services,Information Technology,0,Riyadh,0,0
54938034,Personal Trainer - Ultra Exclusive Wellness Club,Spa Elite,4/4/2020,Other Business Support Services,Information Technology,0,Riyadh,0,0
54920913,Network Voice Admin-Administrator,Wipro,4/3/2020,IT Services,Information Technology,0,Dammam,0,0
54871329,Electricity Technician (Navigation),Testing Profile,3/31/2020,Other Business Support Services,Information Technology,0,NaN,0,0
54880448,Business Analyst - Risk & Finance,Two95 International Inc.,3/31/2020,Other Business Support Services,Information Technology,0,Riyadh,0,0
54880518,Business Analyst - Payments,Two95 International Inc.,3/31/2020,Other Business Support Services,Information Technology,0,Riyadh,0,0
54865932,Senior Database Administrator (LINUX),Mph Consulting Services Dmcc,3/30/2020,Oil & Gas,Information Technology,0,Riyadh,0,0
54856961,Security Intelligence Analyst,Aramco Services Company,3/29/2020,Oil & Gas,Information Technology,0,NaN,0,0
54842542,Information Security Analyst,Aramco Services Company,3/28/2020,Oil & Gas,Information Technology,0,NaN,0,0
54881071,UR Exploration System Analyst,Aramco Services Company,3/28/2020,Oil & Gas,Information Technology,0,NaN,0,0
54881098,UR Exploration System Analyst ‚Äì Unconventional Resources IT,Aramco Services Company,3/28/2020,Oil & Gas,Information Technology,0,NaN,0,0
54881105,IT Systems Analyst ‚Äì (Cloud solution Architect),Aramco Services Company,3/28/2020,Oil & Gas,Information Technology,0,NaN,0,0
54881307,Olefins Technology Specialist - Steam Cracker,Aramco Services Company,3/28/2020,Oil & Gas,Information Technology,0,NaN,0,0
54881933,Data Scientist,Aramco Services Company,3/28/2020,Oil & Gas,Information Technology,0,NaN,0,0
54885940,Prospect Generator,Aramco Services Company,3/28/2020,Oil & Gas,Information Technology,0,NaN,0,0
54816584,Senior Data center Engineer,Giza Systems,3/26/2020,Higher Education,Information Technology,Bachelor's degree / higher diploma,Riyadh,0,0
54795146,Systems Administrator,johnsoncontrols,3/25/2020,Other Business Support Services,Information Technology,0,NaN,0,0
54728028,IT Manager,MOVENPICK,3/20/2020,Other Business Support Services,Information Technology,0,Riyadh,0,0
54728610,Proposal Support Specialist / Admin - Entry to Mid-Level,johnsoncontrols,3/20/2020,Other Business Support Services,Information Technology,0,NaN,0,0
54701112,ETL Technical Specialist,Talal Abu-Ghazaleh Organization (TAGORG),3/19/2020,Other Business Support Services,Information Technology,0,Riyadh,0,0
54705415,Chairman Pathology & Laboratory Medicine,King Faisal Specialist Hospital - Madinah,3/19/2020,Medical Hospital,Information Technology,0,Medina,0,0
54713946,Sr. Officer ‚Äì Financial & Business  Analysis,Bupa Arabia,3/19/2020,Insurance & TPA,Information Technology,0,0,0,0
54670675,TIS Service Desk-Engineer,Wipro,3/17/2020,IT Services,Information Technology,0,Riyadh,0,0
54671039,DAM - Database Activity Monitoring-Consultant,Wipro,3/17/2020,IT Services,Information Technology,0,Riyadh,0,0
54671087,VAPT - VULNERABILITY ASSESSMENT AND PENETRATION TESTING-Test,Wipro,3/17/2020,IT Services,Information Technology,0,Riyadh,0,0
54671088,Security Incident Response-Lead,Wipro,3/17/2020,IT Services,Information Technology,0,Riyadh,0,0
54674769,Senior Project Manager,Giza Systems,3/17/2020,IT Services,Information Technology,0,0,0,0
54687363,Front Office Manager ( Saudi National),Fairmont Dubai,3/17/2020,Other Business Support Services,Information Technology,0,Riyadh,0,0
54655357,Specialist - .net,Bupa Arabia,3/16/2020,Insurance & TPA,Information Technology,0,0,0,0
54640412,Information System Coordinator,Grand Hyatt Al 0,3/15/2020,Other Business Support Services,Information Technology,0,0,0,0
54640692,Security Manager (Saudi National),Grand Hyatt Al 0,3/15/2020,Private Security Services,Information Technology,0,0,0,0
54592915,Sr. Officer ‚Äì Service Desk,Bupa Arabia,3/12/2020,Insurance & TPA,Information Technology,Bachelor's degree / higher diploma,0,0,0
54627661,IT DEVELOPMENT ANALYST,King Faisal Specialist Hospital & Research Centre,3/11/2020,Other Business Support Services,Information Technology,0,Riyadh,0,0
54537131,Business Analysis-Domain Business Analyst,Wipro,3/10/2020,IT Services,Information Technology,0,Riyadh,0,0
54514969,Specialist ‚Äì CRM Development,Bupa Arabia,3/8/2020,Insurance & TPA,Information Technology,0,0,0,0
54409154,Asst Mgr-Front Office,Marriott International Inc & Ritz Carlton Hotel Company L.L.C.,3/4/2020,Other Business Support Services,Information Technology,0,Riyadh,0,0
54424579,ENGINEERING / TECHNICAL MANAGER (CONSTRUCTION),Zamil Group Holding Company,3/4/2020,Construction & Building,Information Technology,0,Khobar,0,0
54428119,IT Strategy Development,Huxley,3/4/2020,Other Business Support Services,Information Technology,0,Riyadh,0,0
54432429,System Administrator,Awtad,3/4/2020,Other Business Support Services,Information Technology,0,Riyadh,0,0
54758733,IT Audit,Huxley,3/4/2020,Other Business Support Services,Information Technology,0,Riyadh,0,0
54378095,Front Desk Agent,Marriott International Inc & Ritz Carlton Hotel Company L.L.C.,3/2/2020,Other Business Support Services,Information Technology,0,0,0,0
54379518,IT Engineer,Afaq Q Tech General Trading,3/2/2020,Other Business Support Services,Information Technology,0,Riyadh,0,0
54338576,Lifeguard | Ultra Exclusive Wellness Club | E169-20,Spa Elite,3/1/2020,Other Business Support Services,Information Technology,0,0,0,0
54347458,Lifeguard - Ultra Exclusive Wellness Club,Spa Elite,3/1/2020,Other Business Support Services,Information Technology,0,NaN,0,0
54289791,Cryotherapy Consultant - Ultra Exclusive Wellness Club,Spa Elite,2/27/2020,Other Business Support Services,Information Technology,0,0,0,0
54307476,IT Finance Specialist,National Water Company,2/27/2020,Utilities,Information Technology,0,Riyadh,0,0
54287958,IT Finance Senior Specialist,National Water Company,2/26/2020,Utilities,Information Technology,Bachelor's degree / higher diploma,Riyadh,0,0
54253183,(IT) Communications Specialist,SmartRecruiters Jobs,2/25/2020,Other Business Support Services,Information Technology,0,0,0,0
54253400,PHP-Developer,Wipro,2/25/2020,IT Services,Information Technology,0,Riyadh,0,0
54253768,.NET-Developer,Wipro,2/25/2020,IT Services,Information Technology,0,Jubail,0,0
54243510,Robotic Process Automation (RPA) Developers,Bupa Arabia,2/24/2020,Insurance & TPA,Information Technology,0,0,0,0
54180951,Front Desk Supervisor,Marriott International Inc & Ritz Carlton Hotel Company L.L.C.,2/21/2020,Other Business Support Services,Information Technology,0,0,0,0
54121516,IT Planning Senior Specialist,National Water Company,2/18/2020,Utilities,Information Technology,0,Riyadh,0,0
54068653,"Front Desk Agent "" Saudi National""",Marriott International Inc & Ritz Carlton Hotel Company L.L.C.,2/16/2020,Other Business Support Services,Information Technology,0,Riyadh,0,0
54018092,Front Office Shift Leader,Marriott International Inc & Ritz Carlton Hotel Company L.L.C.,2/14/2020,Other Business Support Services,Information Technology,0,Riyadh,0,0
53863988,Front Office Manager,InterContinental Hotels Group,2/7/2020,Hospitality & Accomodation,Information Technology,0,NaN,0,0
53863989,Front Desk Agent,InterContinental Hotels Group,2/7/2020,Hospitality & Accomodation,Information Technology,0,NaN,0,0
53863583,Sr. Officer - System Admin,Bupa Arabia,2/6/2020,Insurance & TPA,Information Technology,0,0,0,0
53863803,Assistant / Associate / Full Professor - Information Systems and Operations Management,King Fahd University of Petroleum and Minerals,2/5/2020,Other Business Support Services,Information Technology,0,NaN,0,0
54649732,Front Desk Agent,Marriott International Inc & Ritz Carlton Hotel Company L.L.C.,2/5/2020,Other Business Support Services,Information Technology,0,NaN,0,0
53839201,UI/UX Front End Developer and Designer,CC Staffing International,2/1/2020,IT Services,Information Technology,0,NaN,0,0
53812522,Front Desk Agent,InterContinental Hotels Group,1/29/2020,Hospitality & Accomodation,Information Technology,0,Riyadh,0,0
53812567,Front Office Manager,InterContinental Hotels Group,1/29/2020,Hospitality & Accomodation,Information Technology,0,Riyadh,0,0
53813918,Senior Database Admin,Modern Bus Company Ltd,1/29/2020,Motor Vehicle Passenger Transport,Information Technology,0,Mecca,0,0
53796253,Security Manager (Saudi) Crowne Plaza RDC Riyadh,InterContinental Hotels Group,1/25/2020,Hospitality & Accomodation,Information Technology,0,NaN,0,0
53794091,PHP Programmer,reeqwest,1/23/2020,Other Business Support Services,Information Technology,0,NaN,0,0
53793059,Web / Web devalopar,Modern Bus Company Ltd,1/22/2020,Other Business Support Services,Information Technology,0,Mecca,0,0
53793062,ITS Hardware Engineer - ITS Supervisor,Modern Bus Company Ltd,1/22/2020,Other Business Support Services,Information Technology,0,Mecca,0,0
53793063,ITS Software Supervisor - ITS Site Engineer,Modern Bus Company Ltd,1/22/2020,Other Business Support Services,Information Technology,0,Mecca,0,0
53774384,ASP.NET-Developer,Wipro,1/17/2020,IT Services,Information Technology,0,0,0,0
53747541,Client Technical Specialist - zAnalytics,Gulf Business Machines PND,1/15/2020,IT Services,Information Technology,0,NaN,0,0
53635608,IT Governance,CC Staffing International,1/4/2020,IT Services,Information Technology,0,NaN,0,0
53635759,IT Support Lead,CC Staffing International,1/4/2020,IT Services,Information Technology,0,NaN,0,0
53594454,Cisco ASA - Adaptive Security Appliance-Lead,Wipro,12/31/2019,IT Services,Information Technology,0,Jubail,0,0
53500096,SENIOR BUSINESS ANALYST M/F,SPIE,12/23/2019,General Engineering Consultancy,Information Technology,0,NaN,0,0
53484604,Oracle Application Developer (Oracle Apex),Haji Husein Alireza & Co. Ltd.,12/22/2019,Automotive Dealership & Distributor,Information Technology,Bachelor's degree / higher diploma,0,0,0
53484605,Oracle Financial Functional Consultant,Haji Husein Alireza & Co. Ltd.,12/22/2019,Automotive Dealership & Distributor,Information Technology,Bachelor's degree / higher diploma,0,0,0
53464831,Front Office Supervisor,Marriott International Inc & Ritz Carlton Hotel Company L.L.C.,12/17/2019,Other Business Support Services,Information Technology,0,Riyadh,0,0
54363723,Front Desk Agent,Marriott International Inc & Ritz Carlton Hotel Company L.L.C.,12/13/2019,Other Business Support Services,Information Technology,0,Riyadh,0,0
53221140,VMWare Technical Support,CC Staffing International,11/27/2019,IT Services,Information Technology,0,NaN,0,0
53209082,IT Engineer,Afaq Q Tech General Trading,11/25/2019,Other Business Support Services,Information Technology,0,0,0,0
53146933,Service Desk Administrator-IT support Specialist,CC Staffing International,11/20/2019,IT Services,Information Technology,0,NaN,0,0
53147072,Senior IT Support,CC Staffing International,11/20/2019,IT Services,Information Technology,0,NaN,0,0
53147085,Network Specialist,CC Staffing International,11/20/2019,IT Services,Information Technology,0,NaN,0,0
53085886,Senior Database Administrator (Oracle DB2 & MSSQL),CC Staffing International,11/15/2019,IT Services,Information Technology,0,NaN,0,0
53085893,Oracle Database Administrator,CC Staffing International,11/15/2019,IT Services,Information Technology,0,NaN,0,0
53086305,MS Windows Security Administrator,CC Staffing International,11/15/2019,IT Services,Information Technology,0,NaN,0,0
53036804,Specialist IT security GRC Job,Tasnee,11/12/2019,Industrial Production,Information Technology,0,Riyadh,0,0
53033777,Cyber Defense Security Consultant,Accenture,11/11/2019,Other Business Support Services,Information Technology,0,Riyadh,0,0
52972151,Executive Director of Medical and Clinical Affairs,King Faisal Specialist Hospital - Madinah,11/7/2019,Medical Hospital,Information Technology,0,Medina,0,0
52972203,Deputy Executive Director of Medical & Clinical Affairs,King Faisal Specialist Hospital - Madinah,11/7/2019,Medical Hospital,Information Technology,0,Medina,0,0
53221906,Front Desk Agent,Marriott International Inc & Ritz Carlton Hotel Company L.L.C.,11/4/2019,Other Business Support Services,Information Technology,0,Riyadh,0,0
52903305,Graduate Assistant in Information Systems and Operations Management. (Saudi nationals only),King Fahd University of Petroleum and Minerals,11/1/2019,Other Business Support Services,Information Technology,0,NaN,0,0
51216432,Information Security Architect,CC Staffing International,9/6/2019,IT Services,Information Technology,0,NaN,0,0
51210978,Technical Manager DS - Distributed Environment,CC Staffing International,9/3/2019,IT Services,Information Technology,0,NaN,0,0
51210207,Cypersecurity Supurvisour,Modern Bus Company Ltd,9/2/2019,Other Business Support Services,Information Technology,0,Mecca,0,0
51210208,Electronic Systems Technician,Modern Bus Company Ltd,9/2/2019,Motor Vehicle Passenger Transport,Information Technology,0,Mecca,0,0
51210209,Electronic Systems Technician Supervisor,Modern Bus Company Ltd,9/2/2019,Motor Vehicle Passenger Transport,Information Technology,0,Mecca,0,0
51210211,Help Desk Technician,Modern Bus Company Ltd,9/2/2019,Other Business Support Services,Information Technology,0,Mecca,0,0
51210213,Electronic Site Engineer,Modern Bus Company Ltd,9/2/2019,Other Business Support Services,Information Technology,0,Mecca,0,0
51210214,Web Developer,Modern Bus Company Ltd,9/2/2019,Motor Vehicle Passenger Transport,Information Technology,0,Mecca,0,0
51073500,Manager - Non Invasive Cardiology Laboratory,King Faisal Specialist Hospital - Madinah,7/3/2019,Medical Hospital,Information Technology,0,Medina,0,0
50895896,CRM Data Scientist,SmartRecruiters Jobs,4/5/2020,Automotive Dealership & Distributor,Information Technology,0,0,0,0
50854238,Mainframe ADABAS DBA,CC Staffing International,3/21/2020,IT Services,Information Technology,0,NaN,0,0
50729430,Sr. IBM BPM Integration Consultant,CC Staffing International,2/18/2020,IT Services,Information Technology,0,NaN,0,0
50729650,CA & BMC Systems Programmer,CC Staffing International,2/18/2020,IT Services,Information Technology,0,NaN,0,0
50563572,Information Technology Coordinator (Saudi Nationals Only),Hyatt Regency Makkah Jabal Omar,1/8/2020,Other Business Support Services,Information Technology,0,Mecca,0,0
50519553,Assistant Chief Nursing Affairs - Pediatrics,King Faisal Specialist Hospital - 0,1/7/2020,Medical Hospital,Information Technology,0,Riyadh,0,0
50548166,Assistant Chief Nursing Affairs - Oncology & Organ Transplant,King Faisal Specialist Hospital - 0,1/7/2020,Medical Hospital,Information Technology,0,Riyadh,0,0
50466114,Information Technology - Information Technology Supervisor ( Saudi National ),Centro Shaheen,11/15/2019,Hospitality & Accomodation,Information Technology,0,0,0,0
4177088,Batch Plant Internal Lab Technician,Al Khinji Recruitment,4/15/2020,Recruitment & Employee Placement Agency,Maintenance Repair and Technician,Bachelor's degree / higher diploma,Ras Al Khair,0,0
4176866,Service Technician for Conveying & Loading / Packaging & Palletizing (Saudi nationals preferred),BEUMER Group,4/14/2020,Aviation Support Services,Maintenance Repair and Technician,0,Riyadh,0,0
3903916,Facilities Manager,0,4/13/2020,Facilities & Property Management,Maintenance Repair and Technician,Bachelor's degree / higher diploma,0,45,6000
4176129,IT,0,4/12/2020,Construction & Building; General Engineering Consultancy,Maintenance Repair and Technician,Bachelor's degree / higher diploma,Western Province,0,0
4175557,Cables Welding Technician,Middle East Tasks Co. Ltd. (METCO),4/7/2020,Human Resources Outsourcing,Maintenance Repair and Technician,Certification / diploma,Mecca,0,0
4175556,High voltage Technician,Middle East Tasks Co. Ltd. (METCO),4/7/2020,Human Resources Outsourcing,Maintenance Repair and Technician,Bachelor's degree / higher diploma,Mecca,0,0
4175550,Pump Technician,Middle East Tasks Co. Ltd. (METCO),4/7/2020,Human Resources Outsourcing,Maintenance Repair and Technician,Certification / diploma,Mecca,0,0
4175547,Plumbing Technician,Middle East Tasks Co. Ltd. (METCO),4/7/2020,Human Resources Outsourcing,Maintenance Repair and Technician,Certification / diploma,Mecca,0,0
4175544,Mechanical Technician,Middle East Tasks Co. Ltd. (METCO),4/7/2020,Human Resources Outsourcing,Maintenance Repair and Technician,Certification / diploma,Mecca,0,0
4175542,Generator Technician,Middle East Tasks Co. Ltd. (METCO),4/7/2020,Human Resources Outsourcing,Maintenance Repair and Technician,Certification / diploma,Mecca,0,0
4175540,Tile and Marble Technician,Middle East Tasks Co. Ltd. (METCO),4/7/2020,Human Resources Outsourcing,Maintenance Repair and Technician,0,Mecca,0,0
4175538,Finishing and Restoration Technician,Middle East Tasks Co. Ltd. (METCO),4/7/2020,Human Resources Outsourcing,Maintenance Repair and Technician,0,Mecca,0,0
4175480,Material Handling System (MHS) Manager,Al Nahdi Medical Co,4/6/2020,Pharmaceutical,Maintenance Repair and Technician,Bachelor's degree / higher diploma,0,0,0
4175448,Office equipment technician,Middle East Tasks Co. Ltd. (METCO),4/6/2020,Human Resources Outsourcing,Maintenance Repair and Technician,Bachelor's degree / higher diploma,Mecca,0,0
4175440,Electrical technician (BMS),Middle East Tasks Co. Ltd. (METCO),4/6/2020,Human Resources Outsourcing,Maintenance Repair and Technician,Bachelor's degree / higher diploma,Mecca,0,0
4174696,Automotive- Installation & Service Electric Technician,IDrive KSA,4/1/2020,Motor Vehicle Passenger Transport,Maintenance Repair and Technician,0,Riyadh,0,0
4174358,Telecom Maintenance Supervisor,Telecommunications Consultants India Ltd,3/30/2020,Telecommunications,Maintenance Repair and Technician,Bachelor's degree / higher diploma,Dammam,0,2000
4174141,Infrastructure Network Planning Technician,Saudi Railway Company (SAR),3/27/2020,Metro & Rail Passenger Transport,Maintenance Repair and Technician,Certification / diploma,Riyadh,0,0
4174140,Infrastructure Network Planning Technician,Saudi Railway Company (SAR),3/27/2020,Metro & Rail Passenger Transport,Maintenance Repair and Technician,Certification / diploma,Riyadh,0,0
4174104,Principle Technical Specialist - Track,Saudi Railway Company (SAR),3/27/2020,Metro & Rail Passenger Transport,Maintenance Repair and Technician,Bachelor's degree / higher diploma,Riyadh,0,0
4173697,Maintenance plant technician,M.A Steel Fabrication,3/24/2020,Industrial Production,Maintenance Repair and Technician,0,0,0,0
4173312,Car Painter,Al Aqsa Company,3/24/2020,Automotive Repair Spare Parts & Support Services,Maintenance Repair and Technician,0,Khobar,0,1000
4173670,Golf and Turf Service Technician,Future Tense,3/24/2020,Sports & Outdoor Activities,Maintenance Repair and Technician,0,Riyadh,0,0
4173406,›‰Ì  —ﬂÌ»  „ÿ«»Œ,0,3/23/2020,Real Estate,Maintenance Repair and Technician,0,Jizan,40,0
4173434,Technical Support Manager,Industrial Area-Kharj Road,3/23/2020,Heavy Industry & Metallurgy; Manufacturing; Industrial Production,Maintenance Repair and Technician,Bachelor's degree / higher diploma,Riyadh,50,0
4173388,Golf & Turf Service Technician,Future Tense,3/23/2020,Technical Maintenance & Repair,Maintenance Repair and Technician,0,Riyadh,0,0
4173259,Millwright Technician,Massadr HR Services ,3/22/2020,Installation & Technical Services,Maintenance Repair and Technician,Certification / diploma,Jubail,0,0
4172936,Heavy Vehicle Operator,0,3/19/2020,Oil & Gas,Maintenance Repair and Technician,High school or equivalent,0,0,0
4172871,HVAC Technician,0,3/19/2020,Oil & Gas,Maintenance Repair and Technician,Certification / diploma,0,0,0
4171930,FTTx Technician  (Saudi National Freshers can Apply)  Riyadh and 0,0,3/18/2020,Telecommunications,Maintenance Repair and Technician,0,Riyadh,0,1500
4145234,Senior Technician - Heavy Equipment / Cranes - Kanoo Machinery,Yusuf Bin Ahmed Kanoo Group Of Companies - 0,3/15/2020,Technical Maintenance & Repair,Maintenance Repair and Technician,0,Dammam,0,0
4168463,œÌ— «·„‘«—Ì⁄ «·„ Œ’’Â,‘—ﬂ… ‘·›« «·⁄«·„Ì… ·· Ã«—… Ê«·„ﬁ«Ê·« ,3/13/2020,Technical Maintenance & Repair,Maintenance Repair and Technician,Bachelor's degree / higher diploma,Riyadh,0,0
3841324,Maintenance Supervisor,0,3/10/2020,Primary Prep & Secondary School; Installation & Technical Services; Industrial Production,Maintenance Repair and Technician,Certification / diploma,Alkharj,40,0
4164568,Heavy Equipment‚Äôs Electrician,Hail,3/9/2020,Agriculture & Crop Production,Maintenance Repair and Technician,Certification / diploma,Hail,32,0
4164487,Area Maintenance Manager,Forefront Middle East,3/9/2020,Technical Maintenance & Repair,Maintenance Repair and Technician,0,Riyadh,0,0
4159456,Plant Maintenance Manager,0,3/4/2020,Food & Beverage Production,Maintenance Repair and Technician,Bachelor's degree / higher diploma,0,0,0
4159279,Technical Electronic Engineer, ﬁ‰Ì«  «·⁄‰«Ì… «· Ã«—Ì…,3/4/2020,Medical & Healthcare Equipment,Maintenance Repair and Technician,Bachelor's degree / higher diploma,Riyadh,32,0
4024878,Mechanic maintenance technician (Steel Factory),Mena Business Investment Group,3/2/2020,Installation & Technical Services,Maintenance Repair and Technician,Certification / diploma,0,0,0
4157663,Gas Turbine Assembler,GESAT,3/2/2020,Heavy Industry & Metallurgy,Maintenance Repair and Technician,High school or equivalent,Dammam,0,0
4155084,Maintenance Manager,Jazeera Paints Co,2/27/2020,Manufacturing,Maintenance Repair and Technician,Bachelor's degree / higher diploma,Khamis Mushait,0,0
4138965,AC/Technician,Le Meridien Al0,2/27/2020,Hospitality & Accomodation,Maintenance Repair and Technician,Bachelor's degree / higher diploma,Khobar,0,0
4124210, NETWORK TECHNICIAN,Ministry of Defence -Medical Services Directorate ,2/27/2020,Medical Hospital,Maintenance Repair and Technician,0,Riyadh,0,0
4154071,Machine tool operator ( MTO ) - ŸÅŸÜŸä ÿÆÿ±ÿßÿ∑Ÿá,0Cement Company,2/26/2020,Industrial Production,Maintenance Repair and Technician,Certification / diploma,Yanbu,0,0
4154046,Welder - Technician,0Cement Company,2/26/2020,Industrial Production,Maintenance Repair and Technician,Certification / diploma,Yanbu,0,0
4006688,FOC Technician,TCIL Saudi Co. Ltd.,2/22/2020,Telecommunications,Maintenance Repair and Technician,Certification / diploma,Riyadh,40,1000
4151432,Chiller Technician,SETE Energy Saudia For Industrial Projects Ltd.,2/20/2020,Facilities & Property Management,Maintenance Repair and Technician,0,Riyadh,40,0
4150724,TSM Management Assistant (Transit System Maintenance) - Riyadh Metro Project,Mena Business Investment Group,2/18/2020,Metro & Rail Passenger Transport,Maintenance Repair and Technician,Bachelor's degree / higher diploma,Riyadh,0,4000
4150351,Operation In charge,M. M. Al Harbi & Partner Co. Ltd  ,2/17/2020,Civil Engineering,Maintenance Repair and Technician,0,Dammam,0,0
4150280,cyber security engineer,Jazeera Paints Co,2/17/2020,Manufacturing,Maintenance Repair and Technician,Bachelor's degree / higher diploma,Khamis Mushait,0,0
55075397,Data Governance Manager,Accenture,4/16/2020,Other Business Support Services,Maintenance Repair and Technician,0,Riyadh,0,0
55075398,Service Desk Analyst,Accenture,4/16/2020,Other Business Support Services,Maintenance Repair and Technician,0,Riyadh,0,0
55076080,Field Service Coordinator ‚Äì Artificial Lift,Baker Hughes,4/16/2020,Other Business Support Services,Maintenance Repair and Technician,0,Dammam,0,0
55076594,Field Specialist ‚Äì Artificial Lift,Baker Hughes,4/16/2020,Other Business Support Services,Maintenance Repair and Technician,0,Dammam,0,0
55076608,Artificial Lift Systems Crew Leader,Baker Hughes,4/16/2020,Other Business Support Services,Maintenance Repair and Technician,0,Dammam,0,0
55077709,Analyzer Engineer (19050),Sadara Chemical Company,4/16/2020,Petrochemicals & Refined Petroleum Products Manufacture,Maintenance Repair and Technician,0,NaN,0,0
55077715,Area Sales Manager - KSA,Merge,4/16/2020,Other Business Support Services,Maintenance Repair and Technician,0,NaN,0,0
55077735,Motor Rewinding Technician,Merge,4/16/2020,Other Business Support Services,Maintenance Repair and Technician,0,Dammam,0,0
55077748,Manager of Electrical Engineering Section,Merge,4/16/2020,Other Business Support Services,Maintenance Repair and Technician,0,0,0,0
55077751,Piping Engineer (19041),Sadara Chemical Company,4/16/2020,Petrochemicals & Refined Petroleum Products Manufacture,Maintenance Repair and Technician,0,NaN,0,0
55078392,TELOPS Support,KBR Inc.,4/16/2020,Other Business Support Services,Maintenance Repair and Technician,0,Riyadh,0,0
55081257,Datacenter Implementation-Engineer,Wipro,4/16/2020,IT Services,Maintenance Repair and Technician,0,Riyadh,0,0
55082876,SENIOR PERFORMANCE MONITORING ANALYST,King Faisal Specialist Hospital & Research Centre,4/16/2020,Other Business Support Services,Maintenance Repair and Technician,0,Riyadh,0,0
55082942,Cybersecurity Principal Consultant,SSR G&M LTD,4/16/2020,Other Business Support Services,Maintenance Repair and Technician,0,NaN,0,0
55083341,Customer Engineer,NCR,4/16/2020,Other Business Support Services,Maintenance Repair and Technician,0,NaN,0,0
55083563,Data Engineer,Saudi Aramco Shell Refining - SASREF,4/16/2020,Other Business Support Services,Maintenance Repair and Technician,0,NaN,0,0
55066217,3D graphic Designer,Merge,4/15/2020,Other Business Support Services,Maintenance Repair and Technician,0,NaN,0,0
55066218,Event Manager,Merge,4/15/2020,Other Business Support Services,Maintenance Repair and Technician,0,NaN,0,0
55068144,PRICING STRATEGY ANALYST,Medtronic,4/15/2020,Other Business Support Services,Maintenance Repair and Technician,0,Riyadh,0,0
55071848,PERFORMANCE MONITORING SPECIALIST,King Faisal Specialist Hospital & Research Centre,4/15/2020,Other Business Support Services,Maintenance Repair and Technician,0,Riyadh,0,0
55071873,Road Engineer,Mph Consulting Services Dmcc,4/15/2020,Oil & Gas,Maintenance Repair and Technician,0,NaN,0,0
55071903,ENTERPRISE PLANNING ANALYST,King Faisal Specialist Hospital & Research Centre,4/15/2020,Other Business Support Services,Maintenance Repair and Technician,0,Riyadh,0,0
55072045,Drilling Engineering - Upstream JV Management,Saudi Aramco Shell Refining - SASREF,4/15/2020,Other Business Support Services,Maintenance Repair and Technician,0,NaN,0,0
55072057,ENTERPRISE INTELLIGENCE SPECIALIST,King Faisal Specialist Hospital & Research Centre,4/15/2020,Other Business Support Services,Maintenance Repair and Technician,0,Riyadh,0,0
55072071,SENIOR PERFORMANCE MONITORING ANALYST,King Faisal Specialist Hospital & Research Centre,4/15/2020,Other Business Support Services,Maintenance Repair and Technician,0,Riyadh,0,0
55072075,Road Designer,Mph Consulting Services Dmcc,4/15/2020,Oil & Gas,Maintenance Repair and Technician,0,Riyadh,0,0
55072087,Coil Tubing Equipment Operator,Schlumberger,4/15/2020,Other Business Support Services,Maintenance Repair and Technician,0,Khobar,0,0
55072633,Laundry - Shift Leader,Marriott International Inc & Ritz Carlton Hotel Company L.L.C.,4/15/2020,Other Business Support Services,Maintenance Repair and Technician,0,Riyadh,0,0
55072649,Superintendent,Saudi Aramco Shell Refining - SASREF,4/15/2020,Other Business Support Services,Maintenance Repair and Technician,0,NaN,0,0
55072663,Road Engineer,MPH Consulting Services,4/15/2020,General Engineering Consultancy,Maintenance Repair and Technician,0,NaN,0,0
55072704,Petroleum Engineering (Gas Reservoir Management),Saudi Aramco Shell Refining - SASREF,4/15/2020,Other Business Support Services,Maintenance Repair and Technician,0,NaN,0,0
55072726,Operational Excellance Specialist,Worley,4/15/2020,Oil & Gas,Maintenance Repair and Technician,0,Khobar,0,0
55073029,AMBULATORY CARE REPRESENTATIVE II,King Faisal Specialist Hospital & Research Centre,4/15/2020,Other Business Support Services,Maintenance Repair and Technician,0,0,0,0
55073030,SENIOR ENTERPRISE PLANNING ANALYST,King Faisal Specialist Hospital & Research Centre,4/15/2020,Other Business Support Services,Maintenance Repair and Technician,0,Riyadh,0,0
55077902,Traffic & Transportation Engineer,Merge,4/15/2020,Other Business Support Services,Maintenance Repair and Technician,0,NaN,0,0
55077903,Senior QS Engineer,Merge,4/15/2020,Other Business Support Services,Maintenance Repair and Technician,0,Riyadh,0,0
55053509,Artificial Lift Systems Crew Leader,Baker Hughes,4/14/2020,Other Business Support Services,Maintenance Repair and Technician,0,NaN,0,0
55053514,Senior Field Technicians,Baker Hughes,4/14/2020,Other Business Support Services,Maintenance Repair and Technician,0,NaN,0,0
55054062,Senior Field Operator- Coiled Tubing,Baker Hughes,4/14/2020,Other Business Support Services,Maintenance Repair and Technician,0,NaN,0,0
55054628,Scheduling Engineer,SNC Lavalin,4/14/2020,Other Business Support Services,Maintenance Repair and Technician,0,Khobar,0,0
55057900,FireEye-Lead,Wipro,4/14/2020,IT Services,Maintenance Repair and Technician,0,Jubail,0,0
55057916,E-Mobility-Consultant,Wipro,4/14/2020,IT Services,Maintenance Repair and Technician,0,Jubail,0,0
55057923,Industrial Skills Trainer,Nes Global Talent Holdings Ltd,4/14/2020,Oil & Gas,Maintenance Repair and Technician,0,NaN,0,0
55058334,Cisco Firewalls and VPN-Lead,Wipro,4/14/2020,IT Services,Maintenance Repair and Technician,0,Jubail,0,0
55059419,Graduate Area Manager 2020,Afaq - Warehouse Branch,4/14/2020,Other Business Support Services,Maintenance Repair and Technician,0,0,0,0
55059434,Graduate Area Manager 2020,Afaq - Warehouse Branch,4/14/2020,Other Business Support Services,Maintenance Repair and Technician,0,Riyadh,0,0
55059981,Hospital Manager,reeqwest,4/14/2020,Other Business Support Services,Maintenance Repair and Technician,0,NaN,0,0
55060538,Product Marketing Manager,Foodics,4/14/2020,Marketing,Maintenance Repair and Technician,0,Riyadh,0,0
55060551,Risk Manager,Worley ECR,4/14/2020,Other Business Support Services,Maintenance Repair and Technician,0,Riyadh,0,0
55060590,Risk Manager,Worley,4/14/2020,Oil & Gas,Maintenance Repair and Technician,0,Riyadh,0,0
55060605,Operational Excellance Specialist,Worley ECR,4/14/2020,Other Business Support Services,Maintenance Repair and Technician,0,Khobar,0,0
55060609,Development Geologist,Saudi Aramco Shell Refining - SASREF,4/14/2020,Other Business Support Services,Maintenance Repair and Technician,0,NaN,0,0
55060714,Budgeting Reporting and Planing Director,HungerStation.com,4/14/2020,Other Business Support Services,Maintenance Repair and Technician,0,Riyadh,0,0
55060731,Development Geophysicist,Saudi Aramco Shell Refining - SASREF,4/14/2020,Other Business Support Services,Maintenance Repair and Technician,0,NaN,0,0
55071311,SPECIALIST PHYSICIAN,King Faisal Specialist Hospital & Research Centre,4/14/2020,Other Business Support Services,Maintenance Repair and Technician,0,0,0,0
55047356,Digital Innovation Lead,AWS EMEA SARL (0),4/13/2020,Sales Outsourcing,Maintenance Repair and Technician,0,Riyadh,0,0
55047358,DATABASE ADMINISTRATION SPECIALIST,King Faisal Specialist Hospital & Research Centre,4/13/2020,Other Business Support Services,Maintenance Repair and Technician,0,Riyadh,0,0
55047916,CONSULTANT PULMONARY MEDICINE,King Faisal Specialist Hospital & Research Centre,4/13/2020,Other Business Support Services,Maintenance Repair and Technician,0,0,0,0
55048460,Brand Specialist,Durrah Advanced Development Co,4/13/2020,Other Business Support Services,Maintenance Repair and Technician,0,Yanbu,0,0
55048485,Computational Fluid Dynamics Modeling Engineer,Saudi Aramco Shell Refining - SASREF,4/13/2020,Other Business Support Services,Maintenance Repair and Technician,0,NaN,0,0
55048486,Downstream Market and Strategy Analyst,Saudi Aramco Shell Refining - SASREF,4/13/2020,Other Business Support Services,Maintenance Repair and Technician,0,NaN,0,0
55060113,MATERIAL ASSISTANT,King Faisal Specialist Hospital & Research Centre,4/13/2020,Other Business Support Services,Maintenance Repair and Technician,0,Riyadh,0,0
55086141,Joint Venture Asset Manager,Saudi Aramco Shell Refining - SASREF,4/13/2020,Other Business Support Services,Maintenance Repair and Technician,0,NaN,0,0
55044902,Ad Sales Manager,Afaq Q Tech General Trading,4/12/2020,Sales Outsourcing,Maintenance Repair and Technician,0,Riyadh,0,0
55044909,Senior Field Service Technician,TechnipFMC,4/12/2020,Other Business Support Services,Maintenance Repair and Technician,0,Dammam,0,0
55044910,Field Service Technician,TechnipFMC,4/12/2020,Other Business Support Services,Maintenance Repair and Technician,0,Dammam,0,0
55044933,Finops Manager,Afaq Q Tech General Trading,4/12/2020,Other Business Support Services,Maintenance Repair and Technician,0,Riyadh,0,0
55046284,Staff Housing attendant,Marriott International Inc & Ritz Carlton Hotel Company L.L.C.,4/12/2020,Other Business Support Services,Maintenance Repair and Technician,0,Riyadh,0,0
55046305,Security Manager,Marriott International Inc & Ritz Carlton Hotel Company L.L.C.,4/12/2020,Other Business Support Services,Maintenance Repair and Technician,0,Riyadh,0,0
55029046,OT SECURITY-Lead,Wipro,4/11/2020,IT Services,Maintenance Repair and Technician,0,Riyadh,0,0
55029058,C++ Application Programming-Lead,Wipro,4/11/2020,IT Services,Maintenance Repair and Technician,0,Riyadh,0,0
55031506,SPECIALIST PHYSICIAN,King Faisal Specialist Hospital & Research Centre,4/11/2020,Other Business Support Services,Maintenance Repair and Technician,0,0,0,0
55031725,Security Vetting Analyst,Saudi Aramco Shell Refining - SASREF,4/11/2020,Other Business Support Services,Maintenance Repair and Technician,0,NaN,0,0
55031726,Forensic Scientist,Saudi Aramco Shell Refining - SASREF,4/11/2020,Other Business Support Services,Maintenance Repair and Technician,0,NaN,0,0
55031727,Capital Programs Analyst,Saudi Aramco Shell Refining - SASREF,4/11/2020,Other Business Support Services,Maintenance Repair and Technician,0,NaN,0,0
55031729,Fertilizers Specialist,Saudi Aramco Shell Refining - SASREF,4/11/2020,Other Business Support Services,Maintenance Repair and Technician,0,NaN,0,0
55034678,Chemicals Specialist,Saudi Aramco Shell Refining - SASREF,4/11/2020,Other Business Support Services,Maintenance Repair and Technician,0,NaN,0,0
55014498,Specialist SAP Basis Job,Tasnee,4/10/2020,Other Business Support Services,Maintenance Repair and Technician,0,Jubail,0,0
55015758,TELOPS Support (East),KBR Inc.,4/10/2020,Other Business Support Services,Maintenance Repair and Technician,0,Riyadh,0,0
55016426,Principal Logistics Specialist,Raytheon ,4/10/2020,Other Business Support Services,Maintenance Repair and Technician,0,0,0,0
55016469,Contracts Administrator,Raytheon ,4/10/2020,Other Business Support Services,Maintenance Repair and Technician,0,0,0,0
55016472,Sr Field Engineer II,Raytheon ,4/10/2020,Other Business Support Services,Maintenance Repair and Technician,0,0,0,0
55016473,Sr Quality Assurance Eng II,Raytheon ,4/10/2020,Other Business Support Services,Maintenance Repair and Technician,0,0,0,0
55021260,MEDICAL PHYSICS TECHNICIAN I,King Faisal Specialist Hospital & Research Centre,4/10/2020,Other Business Support Services,Maintenance Repair and Technician,0,Riyadh,0,0
55021303,MATERIAL ASSISTANT,King Faisal Specialist Hospital & Research Centre,4/10/2020,Other Business Support Services,Maintenance Repair and Technician,0,Riyadh,0,0
55021463,Marketing Specialist,Foodics,4/10/2020,Marketing,Maintenance Repair and Technician,0,Riyadh,0,0
55022116,SENIOR NETWORK ANALYST,King Faisal Specialist Hospital & Research Centre,4/10/2020,Other Business Support Services,Maintenance Repair and Technician,0,Riyadh,0,0
55022119,NETWORK ANALYST,King Faisal Specialist Hospital & Research Centre,4/10/2020,Other Business Support Services,Maintenance Repair and Technician,0,Riyadh,0,0
55022121,COMMUNICATIONS ANALYST,King Faisal Specialist Hospital & Research Centre,4/10/2020,Other Business Support Services,Maintenance Repair and Technician,0,NaN,0,0
55033226,SERVERS AND STORAGE ANALYST,King Faisal Specialist Hospital & Research Centre,4/10/2020,Other Business Support Services,Maintenance Repair and Technician,0,Riyadh,0,0
54998137,AC Technician (Local Hire),SNC Lavalin,4/9/2020,Other Business Support Services,Maintenance Repair and Technician,0,Riyadh,0,0
54998675,Carpenter (Local Hire),SNC Lavalin,4/9/2020,Other Business Support Services,Maintenance Repair and Technician,0,Riyadh,0,0
55000325,Stock Controller,Zamil Group Holding Company,4/9/2020,Other Business Support Services,Maintenance Repair and Technician,0,Dammam,0,0
55000341,WAREHOUSE FORKLIFT OPERATOR,Zamil Group Holding Company,4/9/2020,Other Business Support Services,Maintenance Repair and Technician,0,Dammam,0,0
55002381,Medical Representative,Antal International,4/9/2020,Other Business Support Services,Maintenance Repair and Technician,0,NaN,0,0
55002540,Field Engineer II,Raytheon ,4/9/2020,Other Business Support Services,Maintenance Repair and Technician,0,0,0,0
55004296,Director Sales,Wipro,4/9/2020,IT Services,Maintenance Repair and Technician,0,Riyadh,0,0
55006783,COM Senior Installation Expert - Riyadh Metro Project,Siemens,4/9/2020,General Engineering Consultancy,Maintenance Repair and Technician,0,Riyadh,0,0
55006807,Chemist (4147),Saudi Aramco Total Refining And Petrochemical Co. (SATORP),4/9/2020,Oil & Gas,Maintenance Repair and Technician,0,NaN,0,0
55007158,Operations Manager,Afaq - Warehouse Branch,4/9/2020,Other Business Support Services,Maintenance Repair and Technician,0,Riyadh,0,0
55007177,National Professional Officer (Senior Rangeland Management Expert),Food and Agriculture Organization,4/9/2020,Recruitment & Employee Placement Agency,Maintenance Repair and Technician,0,Riyadh,0,0
55007187,Maintenance Tech Apprentice,johnsoncontrols,4/9/2020,Other Business Support Services,Maintenance Repair and Technician,0,NaN,0,0
55007240,Road Designer,MPH Consulting Services,4/9/2020,General Engineering Consultancy,Maintenance Repair and Technician,0,NaN,0,0
55007249,Typhoon Mechanical Supervisor,BAE SYSTEMS,4/9/2020,Management Consulting,Maintenance Repair and Technician,0,NaN,0,0
55007355,Road Designer,Mph Consulting Services Dmcc,4/9/2020,Oil & Gas,Maintenance Repair and Technician,0,Yanbu,0,0
54982168,.NET Release Management Consultant,Accenture,4/8/2020,Other Business Support Services,Maintenance Repair and Technician,0,Riyadh,0,0
54982172,IBM MQ Support Senior Analyst,Accenture,4/8/2020,Other Business Support Services,Maintenance Repair and Technician,0,Riyadh,0,0
54982173,Datacenter Hosting & Hardware Analyst,Accenture,4/8/2020,Other Business Support Services,Maintenance Repair and Technician,0,Riyadh,0,0
54982772,Sonar Technician,Testing Profile,4/8/2020,Other Business Support Services,Maintenance Repair and Technician,0,NaN,0,0
54983902,Operations Manager,Baker Hughes,4/8/2020,Other Business Support Services,Maintenance Repair and Technician,0,NaN,0,0
54988047,Sr Cost Estimating Engineer,Air Products Emea Asia,4/8/2020,Oil & Gas,Maintenance Repair and Technician,0,Khobar,0,0
54991797,Area Sales and Bid Manager - Siemens Mobility,Siemens,4/8/2020,General Engineering Consultancy,Maintenance Repair and Technician,0,Riyadh,0,0
54993632,National Professional Officer (Honeybee Breeder),Food and Agriculture Organization,4/8/2020,Recruitment & Employee Placement Agency,Maintenance Repair and Technician,0,Riyadh,0,0
54993644,National Professional Officer (Coffee Breeder),Food and Agriculture Organization,4/8/2020,Recruitment & Employee Placement Agency,Maintenance Repair and Technician,0,Riyadh,0,0
54993705,National Professional Officer (Animal Husbandry Expert),Food and Agriculture Organization,4/8/2020,Recruitment & Employee Placement Agency,Maintenance Repair and Technician,0,Riyadh,0,0
54993708,National Professional Officer (Senior Forest Management Expert),Food and Agriculture Organization,4/8/2020,Recruitment & Employee Placement Agency,Maintenance Repair and Technician,0,Riyadh,0,0
54993837,National Professional Officer (Value Chain Development Expert),Food and Agriculture Organization,4/8/2020,Recruitment & Employee Placement Agency,Maintenance Repair and Technician,0,Riyadh,0,0
54994021,National Professional Officer (Aromatic Plants Expert),Food and Agriculture Organization,4/8/2020,Recruitment & Employee Placement Agency,Maintenance Repair and Technician,0,Riyadh,0,0
54994692,National Professional Officer (Cereals Breeder),Food and Agriculture Organization,4/8/2020,Recruitment & Employee Placement Agency,Maintenance Repair and Technician,0,Riyadh,0,0
54994693,National Professional Officer (Fisheries Management Expert),Food and Agriculture Organization,4/8/2020,Recruitment & Employee Placement Agency,Maintenance Repair and Technician,0,Riyadh,0,0
54967395,Mission System Modification Maintenance Advisor,Harris Corp,4/7/2020,Other Business Support Services,Maintenance Repair and Technician,0,Riyadh,0,0
54969043,Slickline Field Supervisor,Zamil Group Holding Company,4/7/2020,Other Business Support Services,Maintenance Repair and Technician,0,Khobar,0,0
54973135,Solution Selling Specialist,Nokia,4/7/2020,Other Business Support Services,Maintenance Repair and Technician,0,NaN,0,0
54973191,Strategic Relations Manager (KSA),Nokia,4/7/2020,Other Business Support Services,Maintenance Repair and Technician,0,NaN,0,0
54974697,Floatover Engineer,Ips Personnel,4/7/2020,Oil & Gas,Maintenance Repair and Technician,0,NaN,0,0
54975441,Networking Admin-Engineer,Wipro,4/7/2020,IT Services,Maintenance Repair and Technician,0,Riyadh,0,0
54975885,Guest Relations Supervisor,Marriott International Inc & Ritz Carlton Hotel Company L.L.C.,4/7/2020,Other Business Support Services,Maintenance Repair and Technician,0,Riyadh,0,0
54976108,SPA Attendant - Male,Marriott International Inc & Ritz Carlton Hotel Company L.L.C.,4/7/2020,Other Business Support Services,Maintenance Repair and Technician,0,Riyadh,0,0
54976288,Guest Relations Manager,Marriott International Inc & Ritz Carlton Hotel Company L.L.C.,4/7/2020,Other Business Support Services,Maintenance Repair and Technician,0,Riyadh,0,0
54976431,VP Product Development - Tourism industry / Riyadh,Carter Murray,4/7/2020,Other Business Support Services,Maintenance Repair and Technician,0,Riyadh,0,0
54976851,Senior Data Science Engineer,Air Products Emea Asia,4/7/2020,Oil & Gas,Maintenance Repair and Technician,0,0,0,0
54976858,WHS Specialist,Afaq Q Tech General Trading,4/7/2020,Other Business Support Services,Maintenance Repair and Technician,0,Riyadh,0,0
54977044,SPA Attendant - Female,Marriott International Inc & Ritz Carlton Hotel Company L.L.C.,4/7/2020,Other Business Support Services,Maintenance Repair and Technician,0,Riyadh,0,0
54977045,Assistant Executive Housekeeper,Marriott International Inc & Ritz Carlton Hotel Company L.L.C.,4/7/2020,Other Business Support Services,Maintenance Repair and Technician,0,Riyadh,0,0
54978285,Laboratory Supervisor,Durrah Advanced Development Co,4/7/2020,Other Business Support Services,Maintenance Repair and Technician,0,Yanbu,0,0
54978315,Talent Acquisition Manager,Mega Project,4/7/2020,Other Business Support Services,Maintenance Repair and Technician,0,Riyadh,0,0
55059456,Typhoon Mechanical Supervisor,BAE SYSTEMS,4/7/2020,Other Business Support Services,Maintenance Repair and Technician,0,NaN,0,0
54955855,Railway Systems Manager,SNC Lavalin,4/6/2020,Motor Vehicle Passenger Transport,Maintenance Repair and Technician,0,Riyadh,0,0
54950179,Digital Director Sales,Wipro,4/5/2020,IT Services,Maintenance Repair and Technician,0,Riyadh,0,0
54930030,Material Planning,Baker Hughes,4/4/2020,Other Business Support Services,Maintenance Repair and Technician,0,NaN,0,0
54932476,Patriot Battery Systems Technician,Raytheon ,4/4/2020,Other Business Support Services,Maintenance Repair and Technician,0,0,0,0
54934953,Patriot SMP Systems Technician,Raytheon ,4/4/2020,Other Business Support Services,Maintenance Repair and Technician,0,Khamis Mushait,0,0
54935107,MIR Sr Field Engineer I,Raytheon ,4/4/2020,Other Business Support Services,Maintenance Repair and Technician,0,0,0,0
54937840,Courseware Design Specialist,BAE SYSTEMS,4/4/2020,Management Consulting,Maintenance Repair and Technician,0,Riyadh,0,0
54937958,Typhoon Armament Technician Supervisor,BAE SYSTEMS,4/4/2020,Management Consulting,Maintenance Repair and Technician,0,NaN,0,0
54946859,Sr Field Engineer I,Raytheon ,4/4/2020,Other Business Support Services,Maintenance Repair and Technician,0,0,0,0
54946878,Patriot SMP Systems Technician,Raytheon ,4/4/2020,Other Business Support Services,Maintenance Repair and Technician,0,Riyadh,0,0
54946879,Interactive Learning Specialist Sr Field Engineer I,Raytheon ,4/4/2020,Other Business Support Services,Maintenance Repair and Technician,0,0,0,0
54946880,DTE Technician.,Raytheon ,4/4/2020,Other Business Support Services,Maintenance Repair and Technician,0,0,0,0
54946881,Patriot SMP Systems Technician Sr Field Engineer I,Raytheon ,4/4/2020,Other Business Support Services,Maintenance Repair and Technician,0,Riyadh,0,0
54946886,HAWK Equipment Field Maintenance Technician Sr Field Engineer I,Raytheon ,4/4/2020,Other Business Support Services,Maintenance Repair and Technician,0,0,0,0
54946887,Frequency Converter Maintenance Technician Sr Field Engineer I,Raytheon ,4/4/2020,Other Business Support Services,Maintenance Repair and Technician,0,0,0,0
54946889,CARC Paint and BlastTechnician Field Engineer II,Raytheon ,4/4/2020,Other Business Support Services,Maintenance Repair and Technician,0,0,0,0
54946890,Machine & Electric Equipment Winding Technician Field Engineer II,Raytheon ,4/4/2020,Other Business Support Services,Maintenance Repair and Technician,0,0,0,0
54946912,Patriot SMP Systems Technician Sr Field Engineer I,Raytheon ,4/4/2020,Other Business Support Services,Maintenance Repair and Technician,0,0,0,0
54946913,Patriot SMP Systems Technician,Raytheon ,4/4/2020,Other Business Support Services,Maintenance Repair and Technician,0,0,0,0
54946914,DTE Technician,Raytheon ,4/4/2020,Other Business Support Services,Maintenance Repair and Technician,0,0,0,0
54946915,Patriot SMP systems Technician Sr Field Engineer I,Raytheon ,4/4/2020,Other Business Support Services,Maintenance Repair and Technician,0,0,0,0
54950573,Sr Info Sys Technologist I,Raytheon ,4/4/2020,Other Business Support Services,Maintenance Repair and Technician,0,0,0,0
54956877,Quality Professional,BAE SYSTEMS,4/4/2020,Other Business Support Services,Maintenance Repair and Technician,0,NaN,0,0
54914892,QHSE Officer,SNC Lavalin,4/3/2020,Other Business Support Services,Maintenance Repair and Technician,0,Riyadh,0,0
54920645,Lead Mud Engineer,Engineering Technical Services S P A,4/3/2020,Oil & Gas,Maintenance Repair and Technician,0,NaN,0,0
54921102,Mud Plant Supervisor,Engineering Technical Services S P A,4/3/2020,Oil & Gas,Maintenance Repair and Technician,0,NaN,0,0
54924106,Solids Control Technician,Engineering Technical Services S P A,4/3/2020,Oil & Gas,Maintenance Repair and Technician,0,NaN,0,0
54924544,Organization Performance Advisor Saudi Arabia,Spring Technology,4/3/2020,Other Business Support Services,Maintenance Repair and Technician,0,NaN,0,0
54925570,Regional EHSS&QS Manager - MEET Region,Air Products Emea Asia,4/3/2020,Oil & Gas,Maintenance Repair and Technician,0,Khobar,0,0
54925573,SUPERVISOR MEDICAL LABORATORY,King Faisal Specialist Hospital & Research Centre,4/3/2020,Other Business Support Services,Maintenance Repair and Technician,0,Riyadh,0,0
54942924,SPECIALIST CONTRACTS SERVICES,King Faisal Specialist Hospital & Research Centre,4/3/2020,Other Business Support Services,Maintenance Repair and Technician,0,Riyadh,0,0
54901941,Windows & Hypervisor Senior Analyst,Accenture,4/2/2020,Other Business Support Services,Maintenance Repair and Technician,0,Riyadh,0,0
54901946,SAP Fiori Analyst,Accenture,4/2/2020,Other Business Support Services,Maintenance Repair and Technician,0,Riyadh,0,0
54901947,Deskside Support Engineer,Accenture,4/2/2020,Other Business Support Services,Maintenance Repair and Technician,0,Riyadh,0,0
54905539,Sales Development Representative Intern Job,SAP - Germany,4/2/2020,Other Business Support Services,Maintenance Repair and Technician,0,Riyadh,0,0
54905988,Credit Manager,Antal International,4/2/2020,Other Business Support Services,Maintenance Repair and Technician,0,0,0,0
54907261,Operation & Maintenance Technician,bombardier,4/2/2020,Ground Fleet Aviation & Marine Refuelling,Maintenance Repair and Technician,0,Riyadh,0,0
54907262,PI Technician,bombardier,4/2/2020,Ground Fleet Aviation & Marine Refuelling,Maintenance Repair and Technician,0,Riyadh,0,0
54909295,Digital Content Editor - Saudi Arabia,Spring Technology,4/2/2020,Other Business Support Services,Maintenance Repair and Technician,0,NaN,0,0
54910871,SPECIALIST CONTRACTS SERVICES,King Faisal Specialist Hospital & Research Centre,4/2/2020,Other Business Support Services,Maintenance Repair and Technician,0,Riyadh,0,0
54910872,PLANT OPERATOR I,King Faisal Specialist Hospital & Research Centre,4/2/2020,Other Business Support Services,Maintenance Repair and Technician,0,Riyadh,0,0
54911041,Distribution Supervisor,Universal Group,4/2/2020,Other Business Support Services,Maintenance Repair and Technician,0,0,0,0
54886269,Service Desk Lead,Accenture,4/1/2020,Other Business Support Services,Maintenance Repair and Technician,0,Riyadh,0,0
54886275,Calypso Senior Analyst,Accenture,4/1/2020,Other Business Support Services,Maintenance Repair and Technician,0,Riyadh,0,0
54886282,IBM BPM Support Lead,Accenture,4/1/2020,Other Business Support Services,Maintenance Repair and Technician,0,Riyadh,0,0
54886284,UNIX & Linux Support lead,Accenture,4/1/2020,Other Business Support Services,Maintenance Repair and Technician,0,Riyadh,0,0
54886404,Catering Operations Manager - Offshore KSA!,COREcruitment,4/1/2020,Other Business Support Services,Maintenance Repair and Technician,0,NaN,0,0
54893763,Quality Professional,BAE SYSTEMS,4/1/2020,Management Consulting,Maintenance Repair and Technician,0,Riyadh,0,0
54894519,SENIOR SPECIALIST CONTRACTS SERVICES,King Faisal Specialist Hospital & Research Centre,4/1/2020,Other Business Support Services,Maintenance Repair and Technician,0,Riyadh,0,0
54870250,.Net Analyst/Senior Analyst,Accenture,3/31/2020,Other Business Support Services,Maintenance Repair and Technician,0,Riyadh,0,0
54870273,Planning Engineer (PMC - O&G),SNC Lavalin,3/31/2020,Other Business Support Services,Maintenance Repair and Technician,0,Khobar,0,0
54872282,Lean Manufacturing Lead,Baker Hughes,3/31/2020,Manufacturing,Maintenance Repair and Technician,0,NaN,0,0
54874104,Claims Specialist (O&G),SNC Lavalin,3/31/2020,Other Business Support Services,Maintenance Repair and Technician,0,Khobar,0,0
54876993,Government-Engineer,Wipro,3/31/2020,IT Services,Maintenance Repair and Technician,0,Jubail,0,0
54879851,ADMINISTRATIVE COORDINATOR II,King Faisal Specialist Hospital & Research Centre,3/31/2020,Other Business Support Services,Maintenance Repair and Technician,0,0,0,0
54880746,Procurement Supervisor (4342),Saudi Aramco Total Refining And Petrochemical Co. (SATORP),3/31/2020,Oil & Gas,Maintenance Repair and Technician,0,NaN,0,0
54880910,Solutions Architect,AWS EMEA SARL (0),3/31/2020,Other Business Support Services,Maintenance Repair and Technician,0,Riyadh,0,0
54880914,Senior Subcontracts Manager,Air Products Emea Asia,3/31/2020,Oil & Gas,Maintenance Repair and Technician,0,Khobar,0,0
54880936,CONSULTANT OPHTHALMOLOGY,King Faisal Specialist Hospital & Research Centre,3/31/2020,Other Business Support Services,Maintenance Repair and Technician,0,Riyadh,0,0
54898224,Web Content Manager (English),Aramco Services Company,3/31/2020,Oil & Gas,Maintenance Repair and Technician,0,NaN,0,0
54866108,Trade Marketing Manager - 0,Chalhoub Group,3/30/2020,Other Business Support Services,Maintenance Repair and Technician,0,NaN,0,0
54868755,Procurement specialist,Islamic Development Bank,3/30/2020,Other Business Support Services,Maintenance Repair and Technician,0,0,0,0
54851848,Learning Coordinator (Saudi Nationals),Grand Hyatt Al 0,3/29/2020,Other Business Support Services,Maintenance Repair and Technician,0,0,0,0
54857005,Pipelines Project Engineer,Aramco Services Company,3/29/2020,Oil & Gas,Maintenance Repair and Technician,0,NaN,0,0
54857547,Contracts Advisor,Aramco Services Company,3/29/2020,Oil & Gas,Maintenance Repair and Technician,0,NaN,0,0
54866583,Senior Inspector Engineer,Aramco Services Company,3/29/2020,Oil & Gas,Maintenance Repair and Technician,0,NaN,0,0
54866584,Robotics & UAV Engineer,Aramco Services Company,3/29/2020,Oil & Gas,Maintenance Repair and Technician,0,NaN,0,0
54866585,Sustainability Reporting Analyst,Aramco Services Company,3/29/2020,Oil & Gas,Maintenance Repair and Technician,0,NaN,0,0
54880271,Foreman / Liasonman - Unconventional Rig-less Completion,Aramco Services Company,3/29/2020,Oil & Gas,Maintenance Repair and Technician,0,NaN,0,0
54880280,IP Specialist,Aramco Services Company,3/29/2020,Oil & Gas,Maintenance Repair and Technician,0,NaN,0,0
54881252,Volunteerism Specialist,Aramco Services Company,3/29/2020,Oil & Gas,Maintenance Repair and Technician,0,NaN,0,0
54881256,Senior UX Designer,Aramco Services Company,3/29/2020,Oil & Gas,Maintenance Repair and Technician,0,NaN,0,0
54881259,Rotating Equipment Engineer - Refinery,Aramco Services Company,3/29/2020,Oil & Gas,Maintenance Repair and Technician,0,NaN,0,0
54881264,Senior Planning & Performance Management Analyst,Aramco Services Company,3/29/2020,Oil & Gas,Maintenance Repair and Technician,0,NaN,0,0
54881268,Corporate Governance Coordinator,Aramco Services Company,3/29/2020,Oil & Gas,Maintenance Repair and Technician,0,NaN,0,0
54881270,Rotating Equipment Specialist (Gas Turbines),Aramco Services Company,3/29/2020,Oil & Gas,Maintenance Repair and Technician,0,NaN,0,0
54881271,Media Relations Specialist,Aramco Services Company,3/29/2020,Oil & Gas,Maintenance Repair and Technician,0,NaN,0,0
54881272,Development Geologist,Aramco Services Company,3/29/2020,Oil & Gas,Maintenance Repair and Technician,0,NaN,0,0
54881277,Quality Assurance Captain,Aramco Services Company,3/29/2020,Oil & Gas,Maintenance Repair and Technician,0,NaN,0,0
54881278,Wellhead Engineering Specialist,Aramco Services Company,3/29/2020,Oil & Gas,Maintenance Repair and Technician,0,NaN,0,0
54881281,Facilities Planning Specialist - Gas,Aramco Services Company,3/29/2020,Oil & Gas,Maintenance Repair and Technician,0,NaN,0,0
54881282,Rotating Equipment Engineer,Aramco Services Company,3/29/2020,Oil & Gas,Maintenance Repair and Technician,0,NaN,0,0
54885941,Chemical Engineer,Aramco Services Company,3/29/2020,Oil & Gas,Maintenance Repair and Technician,0,NaN,0,0
54839026,Consultant,Dell,3/28/2020,IT Services,Maintenance Repair and Technician,0,Riyadh,0,0
54842293,Knowledge Management Officer,Aramco Services Company,3/28/2020,Oil & Gas,Maintenance Repair and Technician,0,NaN,0,0
54842297,Data Science & Machine Learning Expert,Aramco Services Company,3/28/2020,Oil & Gas,Maintenance Repair and Technician,0,NaN,0,0
54842340,Membrane Separation Expert,Aramco Services Company,3/28/2020,Oil & Gas,Maintenance Repair and Technician,0,NaN,0,0
54842687,Analyzer Engineer,Aramco Services Company,3/28/2020,Oil & Gas,Maintenance Repair and Technician,0,NaN,0,0
54842737,Marine Technical Advisor,Aramco Services Company,3/28/2020,Oil & Gas,Maintenance Repair and Technician,0,NaN,0,0
54842738,Reactor Design and Engineering Expert,Aramco Services Company,3/28/2020,Oil & Gas,Maintenance Repair and Technician,0,NaN,0,0
54856945,ROTATING EQUIPMENT ENGINEER,Aramco Services Company,3/28/2020,Oil & Gas,Maintenance Repair and Technician,0,NaN,0,0
54856969,Digital Content Strategist,Aramco Services Company,3/28/2020,Oil & Gas,Maintenance Repair and Technician,0,NaN,0,0
54856986,INSTRUMENT ENGINEER,Aramco Services Company,3/28/2020,Oil & Gas,Maintenance Repair and Technician,0,NaN,0,0
54856988,Knowledge Management Specialist,Aramco Services Company,3/28/2020,Oil & Gas,Maintenance Repair and Technician,0,NaN,0,0
54856991,Nonmetallic Engineer,Aramco Services Company,3/28/2020,Oil & Gas,Maintenance Repair and Technician,0,NaN,0,0
54856992,Marine Pollution Control Coordinator,Aramco Services Company,3/28/2020,Oil & Gas,Maintenance Repair and Technician,0,NaN,0,0
54856995,Industrial Skills Trainer,Aramco Services Company,3/28/2020,Oil & Gas,Maintenance Repair and Technician,0,NaN,0,0
54866541,OCTG Engineering Specialist,Aramco Services Company,3/28/2020,Oil & Gas,Maintenance Repair and Technician,0,NaN,0,0
54866550,Strategic Finance Analyst,Aramco Services Company,3/28/2020,Oil & Gas,Maintenance Repair and Technician,0,NaN,0,0
54866562,Instructional Designer,Aramco Services Company,3/28/2020,Oil & Gas,Maintenance Repair and Technician,0,NaN,0,0
54866563,PROCESS ENGINEER,Aramco Services Company,3/28/2020,Oil & Gas,Maintenance Repair and Technician,0,NaN,0,0
54866566,Planning & Performance Management (P&PM) Analyst,Aramco Services Company,3/28/2020,Oil & Gas,Maintenance Repair and Technician,0,NaN,0,0
54866567,Industrial Skill Trainer (Electrical Background),Aramco Services Company,3/28/2020,Oil & Gas,Maintenance Repair and Technician,0,NaN,0,0
54866568,CORROSION ENGINEER,Aramco Services Company,3/28/2020,Oil & Gas,Maintenance Repair and Technician,0,NaN,0,0
54866569,Public Relations Specialist,Aramco Services Company,3/28/2020,Oil & Gas,Maintenance Repair and Technician,0,NaN,0,0
54866570,Senior Strategic Performance Consultant,Aramco Services Company,3/28/2020,Oil & Gas,Maintenance Repair and Technician,0,NaN,0,0
54866578,Environmental Scientist - Marine,Aramco Services Company,3/28/2020,Oil & Gas,Maintenance Repair and Technician,0,NaN,0,0
54867169,LINEAR PROGRAMMING (LP) MODELING ENGINEER,Aramco Services Company,3/28/2020,Oil & Gas,Maintenance Repair and Technician,0,NaN,0,0
54879857,Marketing Consultant,Aramco Services Company,3/28/2020,Oil & Gas,Maintenance Repair and Technician,0,NaN,0,0
54879887,Planning & Performance Professional,Aramco Services Company,3/28/2020,Oil & Gas,Maintenance Repair and Technician,0,NaN,0,0
54879896,Machine Learning and Computing Specialist,Aramco Services Company,3/28/2020,Oil & Gas,Maintenance Repair and Technician,0,NaN,0,0
54879924,Senior Project Engineer,Aramco Services Company,3/28/2020,Oil & Gas,Maintenance Repair and Technician,0,NaN,0,0
54880083,Senior Optimization and Logistics Specialist,Aramco Services Company,3/28/2020,Oil & Gas,Maintenance Repair and Technician,0,NaN,0,0
54880110,Public Relations Consultant,Aramco Services Company,3/28/2020,Oil & Gas,Maintenance Repair and Technician,0,NaN,0,0
54880130,Refining Technology Expert,Aramco Services Company,3/28/2020,Oil & Gas,Maintenance Repair and Technician,0,NaN,0,0
54880260,Drilling & Workover Safety Engineer,Aramco Services Company,3/28/2020,Oil & Gas,Maintenance Repair and Technician,0,NaN,0,0
54880267,Data Quality Control Specialist,Aramco Services Company,3/28/2020,Oil & Gas,Maintenance Repair and Technician,0,NaN,0,0
54880312,Diversity Program Lead,Aramco Services Company,3/28/2020,Oil & Gas,Maintenance Repair and Technician,0,NaN,0,0
54880330,Management and Professional Trainer,Aramco Services Company,3/28/2020,Oil & Gas,Maintenance Repair and Technician,0,NaN,0,0
54880455,Joint Venture Asset Manager,Aramco Services Company,3/28/2020,Oil & Gas,Maintenance Repair and Technician,0,NaN,0,0
54880457,Technical Writer/Editor,Aramco Services Company,3/28/2020,Oil & Gas,Maintenance Repair and Technician,0,NaN,0,0
54881047,Senior Marketing Specialist,Aramco Services Company,3/28/2020,Oil & Gas,Maintenance Repair and Technician,0,NaN,0,0
54881048,Development Geophysicist,Aramco Services Company,3/28/2020,Oil & Gas,Maintenance Repair and Technician,0,NaN,0,0
54881049,Fertilizers Specialist,Aramco Services Company,3/28/2020,Oil & Gas,Maintenance Repair and Technician,0,NaN,0,0
54881050,Chemical Process Engineer,Aramco Services Company,3/28/2020,Oil & Gas,Maintenance Repair and Technician,0,NaN,0,0
54881052,Exploration Technical Advisor,Aramco Services Company,3/28/2020,Oil & Gas,Maintenance Repair and Technician,0,NaN,0,0
54881055,Security Vetting Analyst,Aramco Services Company,3/28/2020,Oil & Gas,Maintenance Repair and Technician,0,NaN,0,0
54881057,Regional Studies and Mapping Specialist,Aramco Services Company,3/28/2020,Oil & Gas,Maintenance Repair and Technician,0,NaN,0,0
54881059,Asset Maintenance Engineer,Aramco Services Company,3/28/2020,Oil & Gas,Maintenance Repair and Technician,0,NaN,0,0
54881061,Facilities Planning Specialist - Utilities,Aramco Services Company,3/28/2020,Oil & Gas,Maintenance Repair and Technician,0,NaN,0,0
54881062,Substation Equipment Engineering Specialist,Aramco Services Company,3/28/2020,Oil & Gas,Maintenance Repair and Technician,0,NaN,0,0
54881063,Facilities Planning Specialist - Pipelines,Aramco Services Company,3/28/2020,Oil & Gas,Maintenance Repair and Technician,0,NaN,0,0
54881066,Urban Planning Specialist,Aramco Services Company,3/28/2020,Oil & Gas,Maintenance Repair and Technician,0,NaN,0,0
54881068,Engineering Specialist - Process Automation Systems,Aramco Services Company,3/28/2020,Oil & Gas,Maintenance Repair and Technician,0,NaN,0,0
54881073,Artificial Lift Engineer,Aramco Services Company,3/28/2020,Oil & Gas,Maintenance Repair and Technician,0,NaN,0,0
54881075,Exploration Systems Specialist,Aramco Services Company,3/28/2020,Oil & Gas,Maintenance Repair and Technician,0,NaN,0,0
54881079,Structural Geologist,Aramco Services Company,3/28/2020,Oil & Gas,Maintenance Repair and Technician,0,NaN,0,0
54881081,Domestic Marketing Analyst,Aramco Services Company,3/28/2020,Oil & Gas,Maintenance Repair and Technician,0,NaN,0,0
54881084,Chemical/Process Engineer,Aramco Services Company,3/28/2020,Oil & Gas,Maintenance Repair and Technician,0,NaN,0,0
54881085,Digital Creative Producer,Aramco Services Company,3/28/2020,Oil & Gas,Maintenance Repair and Technician,0,NaN,0,0
54881086,Drilling Engineering - Upstream JV Management,Aramco Services Company,3/28/2020,Oil & Gas,Maintenance Repair and Technician,0,NaN,0,0
54881088,Base Oil & Lubricants Specialist,Aramco Services Company,3/28/2020,Oil & Gas,Maintenance Repair and Technician,0,NaN,0,0
54881089,Geophysical Applications Systems Development & Support,Aramco Services Company,3/28/2020,Oil & Gas,Maintenance Repair and Technician,0,NaN,0,0
54881091,Digital Content Editor,Aramco Services Company,3/28/2020,Oil & Gas,Maintenance Repair and Technician,0,NaN,0,0
54881093,Facilities Planning Specialist - Infrastructure,Aramco Services Company,3/28/2020,Oil & Gas,Maintenance Repair and Technician,0,NaN,0,0
54881097,Corrosion Engineer,Aramco Services Company,3/28/2020,Oil & Gas,Maintenance Repair and Technician,0,NaN,0,0
54881100,Petroleum Engineering Specialist,Aramco Services Company,3/28/2020,Oil & Gas,Maintenance Repair and Technician,0,NaN,0,0
54881102,Incident Investigation Engineer,Aramco Services Company,3/28/2020,Oil & Gas,Maintenance Repair and Technician,0,NaN,0,0
54881103,Refinery Shift Superintendent,Aramco Services Company,3/28/2020,Oil & Gas,Maintenance Repair and Technician,0,NaN,0,0
54881104,Cost Engineer,Aramco Services Company,3/28/2020,Oil & Gas,Maintenance Repair and Technician,0,NaN,0,0
54881106,Superintendent,Aramco Services Company,3/28/2020,Oil & Gas,Maintenance Repair and Technician,0,NaN,0,0
54881108,Gas Production Engineer,Aramco Services Company,3/28/2020,Oil & Gas,Maintenance Repair and Technician,0,NaN,0,0
54881110,Crisis Communication Coordinator,Aramco Services Company,3/28/2020,Oil & Gas,Maintenance Repair and Technician,0,NaN,0,0
54881113,Environmental Coordinator,Aramco Services Company,3/28/2020,Oil & Gas,Maintenance Repair and Technician,0,NaN,0,0
54881115,Sr P&PM Analyst,Aramco Services Company,3/28/2020,Oil & Gas,Maintenance Repair and Technician,0,NaN,0,0
54881116,Public Policy Analyst,Aramco Services Company,3/28/2020,Oil & Gas,Maintenance Repair and Technician,0,NaN,0,0
54881117,Base Oil & Lubricants Technician,Aramco Services Company,3/28/2020,Oil & Gas,Maintenance Repair and Technician,0,NaN,0,0
54881119,Drilling Foreman,Aramco Services Company,3/28/2020,Oil & Gas,Maintenance Repair and Technician,0,NaN,0,0
54881124,Maintenance Management Technology Engineer,Aramco Services Company,3/28/2020,Oil & Gas,Maintenance Repair and Technician,0,NaN,0,0
54881129,Hydroprocessing Technology Expert,Aramco Services Company,3/28/2020,Oil & Gas,Maintenance Repair and Technician,0,NaN,0,0
54881134,Chemicals Specialist,Aramco Services Company,3/28/2020,Oil & Gas,Maintenance Repair and Technician,0,NaN,0,0
54881135,Facilities Planning Specialist - Oil,Aramco Services Company,3/28/2020,Oil & Gas,Maintenance Repair and Technician,0,NaN,0,0
54881137,Control & Instrumentation Project Engineer,Aramco Services Company,3/28/2020,Oil & Gas,Maintenance Repair and Technician,0,NaN,0,0
54881142,Unconventional Resources Production Engineering Specialist,Aramco Services Company,3/28/2020,Oil & Gas,Maintenance Repair and Technician,0,NaN,0,0
54881145,Facilities Planning Specialist - Process Automation,Aramco Services Company,3/28/2020,Oil & Gas,Maintenance Repair and Technician,0,NaN,0,0
54881146,Compensation Professional,Aramco Services Company,3/28/2020,Oil & Gas,Maintenance Repair and Technician,0,NaN,0,0
54881248,Executive Coach,Aramco Services Company,3/28/2020,Oil & Gas,Maintenance Repair and Technician,0,NaN,0,0
54881283,Data Engineer,Aramco Services Company,3/28/2020,Oil & Gas,Maintenance Repair and Technician,0,NaN,0,0
54881288,Process Engineer,Aramco Services Company,3/28/2020,Oil & Gas,Maintenance Repair and Technician,0,NaN,0,0
54881290,Operations Foreman - Refinery,Aramco Services Company,3/28/2020,Oil & Gas,Maintenance Repair and Technician,0,NaN,0,0
54881292,ICS Cybersecurity Specialist,Aramco Services Company,3/28/2020,Oil & Gas,Maintenance Repair and Technician,0,NaN,0,0
54881293,Senior Inspector,Aramco Services Company,3/28/2020,Oil & Gas,Maintenance Repair and Technician,0,NaN,0,0
54881296,Economic Modeling Specialist,Aramco Services Company,3/28/2020,Oil & Gas,Maintenance Repair and Technician,0,NaN,0,0
54881297,Financial Modelling Analyst,Aramco Services Company,3/28/2020,Oil & Gas,Maintenance Repair and Technician,0,NaN,0,0
54881299,Scheduling Engineer,Aramco Services Company,3/28/2020,Oil & Gas,Maintenance Repair and Technician,0,NaN,0,0
54881300,Engineering Professional,Aramco Services Company,3/28/2020,Oil & Gas,Maintenance Repair and Technician,0,NaN,0,0
54881302,Creative Director,Aramco Services Company,3/28/2020,Oil & Gas,Maintenance Repair and Technician,0,NaN,0,0
54881306,Computational Fluid Dynamics Modeling Engineer,Aramco Services Company,3/28/2020,Oil & Gas,Maintenance Repair and Technician,0,NaN,0,0
54881309,Forensic Scientist,Aramco Services Company,3/28/2020,Oil & Gas,Maintenance Repair and Technician,0,NaN,0,0
54881310,Cost Estimating Specialist,Aramco Services Company,3/28/2020,Oil & Gas,Maintenance Repair and Technician,0,NaN,0,0
54881311,Safety Engineer,Aramco Services Company,3/28/2020,Oil & Gas,Maintenance Repair and Technician,0,NaN,0,0
54881313,Research Contracts Lead,Aramco Services Company,3/28/2020,Oil & Gas,Maintenance Repair and Technician,0,NaN,0,0
54881316,Analyzers Specialist,Aramco Services Company,3/28/2020,Oil & Gas,Maintenance Repair and Technician,0,NaN,0,0
54881931,Mechanical-Rotating Equipment Engineer,Aramco Services Company,3/28/2020,Oil & Gas,Maintenance Repair and Technician,0,NaN,0,0
54881935,Chemical & Process Project Engineer,Aramco Services Company,3/28/2020,Oil & Gas,Maintenance Repair and Technician,0,NaN,0,0
54881942,Downstream Market & Strategy Analyst,Aramco Services Company,3/28/2020,Oil & Gas,Maintenance Repair and Technician,0,NaN,0,0
54881943,Petroleum Engineering Systems Analyst,Aramco Services Company,3/28/2020,Oil & Gas,Maintenance Repair and Technician,0,NaN,0,0
54882624,Facilities Planning Specialist - Refining & Chemicals,Aramco Services Company,3/28/2020,Oil & Gas,Maintenance Repair and Technician,0,NaN,0,0
54882625,Instrument Engineer,Aramco Services Company,3/28/2020,Oil & Gas,Maintenance Repair and Technician,0,NaN,0,0
54882626,Estimating Engineer,Aramco Services Company,3/28/2020,Oil & Gas,Maintenance Repair and Technician,0,NaN,0,0
54886007,Field Compliance Coordinator,Aramco Services Company,3/28/2020,Oil & Gas,Maintenance Repair and Technician,0,NaN,0,0
54825712,Appian-Lead,Wipro,3/27/2020,IT Services,Maintenance Repair and Technician,0,Riyadh,0,0
54802670,Asst Inspector,Almansoori,3/26/2020,Oil & Gas,Maintenance Repair and Technician,0,NaN,0,0
54804336,Release Management Lead,Huxley,3/26/2020,Other Business Support Services,Maintenance Repair and Technician,0,Riyadh,0,0
54804336,Release Management Lead,Huxley,3/26/2020,Other Business Support Services,Maintenance Repair and Technician,0,Riyadh,0,0
54804339,Project Financial Analyst,Zamil Group Holding Company,3/26/2020,Other Business Support Services,Maintenance Repair and Technician,0,Dammam,0,0
54808819,Duty Manager,Marriott International Inc & Ritz Carlton Hotel Company L.L.C.,3/26/2020,Other Business Support Services,Maintenance Repair and Technician,0,Riyadh,0,0
54808981,Cisco Firewalls and VPN-Administrator,Wipro,3/26/2020,IT Services,Maintenance Repair and Technician,0,Jubail,0,0
54809414,Catering Sales Manager,Marriott International Inc & Ritz Carlton Hotel Company L.L.C.,3/26/2020,Other Business Support Services,Maintenance Repair and Technician,0,Riyadh,0,0
54809415,Senior Sales Manager,Marriott International Inc & Ritz Carlton Hotel Company L.L.C.,3/26/2020,Other Business Support Services,Maintenance Repair and Technician,0,Riyadh,0,0
54810480,Subject Matter Experts - Military,RT Consulting,3/26/2020,Other Business Support Services,Maintenance Repair and Technician,0,NaN,0,0
54811071,QMA & Audit Specialist,reeqwest,3/26/2020,Other Business Support Services,Maintenance Repair and Technician,0,NaN,0,0
54811074,CLINICAL ENGINEER I,King Faisal Specialist Hospital & Research Centre,3/26/2020,Other Business Support Services,Maintenance Repair and Technician,0,0,0,0
54811095,New Accounts Manager,Afaq Q Tech General Trading,3/26/2020,Sales Outsourcing,Maintenance Repair and Technician,0,Riyadh,0,0
54811101,Assistant Cook,reeqwest,3/26/2020,Other Business Support Services,Maintenance Repair and Technician,0,NaN,0,0
54811104,SENIOR CLINICAL ENGINEER,King Faisal Specialist Hospital & Research Centre,3/26/2020,Other Business Support Services,Maintenance Repair and Technician,0,0,0,0
54812726,Area Development Manager - Riyadh - KSA,Vezeeta,3/26/2020,Sales Outsourcing,Maintenance Repair and Technician,0,Riyadh,0,0
54812727,Area Development Manager - Makkah - KSA,Vezeeta,3/26/2020,Sales Outsourcing,Maintenance Repair and Technician,0,Mecca,0,0
54792170,GRC Consulting-Consultant,Wipro,3/25/2020,IT Services,Maintenance Repair and Technician,0,Riyadh,0,0
54793395,UX/UI Digital Designer - Saudi Arabia,Spring Technology,3/25/2020,Other Business Support Services,Maintenance Repair and Technician,0,NaN,0,0
54793648,SPA Manager,Marriott International Inc & Ritz Carlton Hotel Company L.L.C.,3/25/2020,Other Business Support Services,Maintenance Repair and Technician,0,Riyadh,0,0
54794023,Digital Content Editor - Saudi Arabia,Spring Technology,3/25/2020,Other Business Support Services,Maintenance Repair and Technician,0,NaN,0,0
54794053,Quality Manager,Marriott International Inc & Ritz Carlton Hotel Company L.L.C.,3/25/2020,Other Business Support Services,Maintenance Repair and Technician,0,Riyadh,0,0
54794168,EBC Sales Manager,Marriott International Inc & Ritz Carlton Hotel Company L.L.C.,3/25/2020,Other Business Support Services,Maintenance Repair and Technician,0,Riyadh,0,0
54846799,Quality Manager (Saudi),Kintec Recruitment,3/25/2020,Oil & Gas,Maintenance Repair and Technician,0,NaN,0,0
54774655,Regional Sales Manager,Antal International,3/24/2020,Other Business Support Services,Maintenance Repair and Technician,0,Riyadh,0,0
54777074,Splunk Admin-Administrator,Wipro,3/24/2020,IT Services,Maintenance Repair and Technician,0,Riyadh,0,0
54778824,Snr Risk Manager,Afaq - Logistics Branch,3/24/2020,Other Business Support Services,Maintenance Repair and Technician,0,0,0,0
54778836,BIM Technician,Contact Centers Company (CCC),3/24/2020,Management Consulting,Maintenance Repair and Technician,0,NaN,0,0
54757645,Service Delivery Manager,Baker Hughes,3/23/2020,Other Business Support Services,Maintenance Repair and Technician,0,NaN,0,0
54758179,QHSE Manager,Zamil Group Holding Company,3/23/2020,Other Business Support Services,Maintenance Repair and Technician,0,Khobar,0,0
54762863,Country Manager - Contracting (KSA),Al Futtaim Private Company LLC,3/23/2020,Wholesale & Import/Export Trade,Maintenance Repair and Technician,0,NaN,0,0
54719431,Aircraft Electrician - Saudi,Triton Aerospace,3/20/2020,Other Business Support Services,Maintenance Repair and Technician,0,NaN,0,0
54724882,Carpenter,Marriott International Inc & Ritz Carlton Hotel Company L.L.C.,3/20/2020,Other Business Support Services,Maintenance Repair and Technician,0,Riyadh,0,0
54728012,HVAC MECHANIC ASSISTANT,King Faisal Specialist Hospital & Research Centre,3/20/2020,Other Business Support Services,Maintenance Repair and Technician,0,Riyadh,0,0
54728021,8 x Construction Managers (Gas Plant),Prime International Resources,3/20/2020,Oil & Gas,Maintenance Repair and Technician,0,0,0,0
54728030,SENIOR SCIENTIST,King Faisal Specialist Hospital & Research Centre,3/20/2020,Other Business Support Services,Maintenance Repair and Technician,0,Riyadh,0,0
54728611,Inspection Scheduler,johnsoncontrols,3/20/2020,Other Business Support Services,Maintenance Repair and Technician,0,NaN,0,0
54728899,Maintenance Tech III BTS LOC,johnsoncontrols,3/20/2020,Other Business Support Services,Maintenance Repair and Technician,0,NaN,0,0
54729463,Quantity Surveyor (Gas Plant),Prime International Resources,3/20/2020,Oil & Gas,Maintenance Repair and Technician,0,0,0,0
54744082,PATIENT CARE ASSISTANT,King Faisal Specialist Hospital & Research Centre,3/20/2020,Other Business Support Services,Maintenance Repair and Technician,0,Riyadh,0,0
54697353,Technology Architecture Senior Manager,Accenture,3/19/2020,Other Business Support Services,Maintenance Repair and Technician,0,Riyadh,0,0
54699817,Instrument Engineer I (19042),Sadara Chemical Company,3/19/2020,Petrochemicals & Refined Petroleum Products Manufacture,Maintenance Repair and Technician,0,NaN,0,0
54701884,Offer Manager Middle East,Dell,3/19/2020,IT Services,Maintenance Repair and Technician,0,Riyadh,0,0
54709338,FOOD SERVICE ASSISTANT,King Faisal Specialist Hospital & Research Centre,3/19/2020,Other Business Support Services,Maintenance Repair and Technician,0,Riyadh,0,0
54778956,PATIENT CARE ASSISTANT,King Faisal Specialist Hospital & Research Centre,3/19/2020,Other Business Support Services,Maintenance Repair and Technician,0,Riyadh,0,0
54682885,Senior Project Engineer (Saudi Only),SNC Lavalin,3/18/2020,Other Business Support Services,Maintenance Repair and Technician,0,Khobar,0,0
54688649,Marketing Manager,Awtad,3/18/2020,Sales Outsourcing,Maintenance Repair and Technician,0,Riyadh,0,0
54874308,Service Desk Supervisor,KBR Inc.,3/18/2020,Other Business Support Services,Maintenance Repair and Technician,0,Riyadh,0,0
54663974,Principle Solution Engineering Consultant,Oracle - Egypt,3/17/2020,IT Services,Maintenance Repair and Technician,0,Riyadh,0,0
54665286,Graphic Designer,Antal International,3/17/2020,Other Business Support Services,Maintenance Repair and Technician,0,NaN,0,0
54670651,SUPERVISOR CARGO,King Faisal Specialist Hospital & Research Centre,3/17/2020,Other Business Support Services,Maintenance Repair and Technician,0,NaN,0,0
54670861,Area Manager - 0,Chalhoub Group,3/17/2020,Other Business Support Services,Maintenance Repair and Technician,0,NaN,0,0
54670889,CLINICAL SPECIALIST,King Faisal Specialist Hospital & Research Centre,3/17/2020,Other Business Support Services,Maintenance Repair and Technician,0,Riyadh,0,0
54670910,Director of Marketing,Marriott International Inc & Ritz Carlton Hotel Company L.L.C.,3/17/2020,Other Business Support Services,Maintenance Repair and Technician,0,Riyadh,0,0
54671446,Marketing Manager,Marriott International Inc & Ritz Carlton Hotel Company L.L.C.,3/17/2020,Other Business Support Services,Maintenance Repair and Technician,0,Riyadh,0,0
54671472,AppDynamics-Administrator,Wipro,3/17/2020,IT Services,Maintenance Repair and Technician,0,Riyadh,0,0
54671700,MANAGER LOCAL EMPLOYMENT,King Faisal Specialist Hospital & Research Centre,3/17/2020,Other Business Support Services,Maintenance Repair and Technician,0,NaN,0,0
54688478,SUPERVISOR NEW STAFF ARRIVAL,King Faisal Specialist Hospital & Research Centre,3/17/2020,Other Business Support Services,Maintenance Repair and Technician,0,NaN,0,0
54855515,PATIENT CARE ASSISTANT,King Faisal Specialist Hospital & Research Centre,3/17/2020,Other Business Support Services,Maintenance Repair and Technician,0,Riyadh,0,0
54645331,Application Control Specialist,Huxley,3/16/2020,Other Business Support Services,Maintenance Repair and Technician,0,Riyadh,0,0
54645332,Sr Advisor II Performance Management Job,Tasnee,3/16/2020,Other Business Support Services,Maintenance Repair and Technician,0,Riyadh,0,0
54645867,Improvement Engineer I (19045),Sadara Chemical Company,3/16/2020,Petrochemicals & Refined Petroleum Products Manufacture,Maintenance Repair and Technician,0,NaN,0,0
54645893,Sr. Improvement Engineer (19044),Sadara Chemical Company,3/16/2020,Petrochemicals & Refined Petroleum Products Manufacture,Maintenance Repair and Technician,0,NaN,0,0
54630252,Turbo Machine Engineer,Brunel,3/15/2020,Other Business Support Services,Maintenance Repair and Technician,0,NaN,0,0
54640125,Sales Manager,Grand Hyatt Al 0,3/15/2020,Sales Outsourcing,Maintenance Repair and Technician,0,0,0,0
54640127,Manager Events Service,Grand Hyatt Al 0,3/15/2020,Other Business Support Services,Maintenance Repair and Technician,0,0,0,0
54640215,Safety & Maintenance Manager,Grand Hyatt Al 0,3/15/2020,Other Business Support Services,Maintenance Repair and Technician,0,0,0,0
54640375,Event Sales Manager,Grand Hyatt Al 0,3/15/2020,Other Business Support Services,Maintenance Repair and Technician,0,0,0,0
54640409,Hygiene Officer,Grand Hyatt Al 0,3/15/2020,Other Business Support Services,Maintenance Repair and Technician,0,0,0,0
54640431,Night Manager (Saudi National),Grand Hyatt Al 0,3/15/2020,Other Business Support Services,Maintenance Repair and Technician,0,0,0,0
54640433,Grand Club Manager,Grand Hyatt Al 0,3/15/2020,Other Business Support Services,Maintenance Repair and Technician,0,0,0,0
54640435,Stewarding & Hygiene Manager,Grand Hyatt Al 0,3/15/2020,Other Business Support Services,Maintenance Repair and Technician,0,0,0,0
54640442,Executive Secretary,Grand Hyatt Al 0,3/15/2020,Other Business Support Services,Maintenance Repair and Technician,0,0,0,0
54640444,Credit Manager,Grand Hyatt Al 0,3/15/2020,Other Business Support Services,Maintenance Repair and Technician,0,0,0,0
54640509,Spa Manager,Grand Hyatt Al 0,3/15/2020,Other Business Support Services,Maintenance Repair and Technician,0,0,0,0
54640534,Restaurant Manager,Grand Hyatt Al 0,3/15/2020,Other Business Support Services,Maintenance Repair and Technician,0,0,0,0
54640995,Restaurant Manager,NOBU HOTELS,3/15/2020,Other Business Support Services,Maintenance Repair and Technician,0,Riyadh,0,0
54642082,Director of Engineer,MOVENPICK,3/15/2020,Other Business Support Services,Maintenance Repair and Technician,0,Riyadh,0,0
54691741,Director of Talent & Culture,MOVENPICK,3/15/2020,Other Business Support Services,Maintenance Repair and Technician,0,Riyadh,0,0
55009664,Director of Finance,MOVENPICK,3/15/2020,Other Business Support Services,Maintenance Repair and Technician,0,Riyadh,0,0
54598457,Technology Intern,Accenture,3/13/2020,Other Business Support Services,Maintenance Repair and Technician,0,Riyadh,0,0
54606200,ITAR & EAR Subject Matter Experts,RT Consulting,3/13/2020,Other Business Support Services,Maintenance Repair and Technician,0,NaN,0,0
54606240,SYBASE Admin-Consultant,Wipro,3/13/2020,IT Services,Maintenance Repair and Technician,0,Riyadh,0,0
54606581,Consultant - Anesthesia,King Abdulaziz Medical City - 0,3/13/2020,Medical Hospital,Maintenance Repair and Technician,0,Riyadh,0,0
54608537,Female Caregivers (In-Home / House),Subnet RTA,3/13/2020,Medical Clinic,Maintenance Repair and Technician,0,NaN,0,0
54608576,Female Caregivers (IN -HOME / HOUSE),Subnet RTA,3/13/2020,Medical Clinic,Maintenance Repair and Technician,0,NaN,0,0
54608790,Private Female Cook (In-Home-House),Subnet RTA,3/13/2020,Other Business Support Services,Maintenance Repair and Technician,0,NaN,0,0
54609795,SENIOR MARKET DEVELOPMENT SPECIALIST ARABIAN PENINSULA,Medtronic,3/13/2020,Marketing,Maintenance Repair and Technician,0,Riyadh,0,0
54627350,CONSULTANT NEPHROLOGY,King Faisal Specialist Hospital & Research Centre,3/13/2020,Other Business Support Services,Maintenance Repair and Technician,0,Riyadh,0,0
54582376,REALIZATION COORDINATOR KSA,Medtronic,3/12/2020,Other Business Support Services,Maintenance Repair and Technician,0,NaN,0,0
54583466,Stewarding Supervisor,Marriott International Inc & Ritz Carlton Hotel Company L.L.C.,3/12/2020,Other Business Support Services,Maintenance Repair and Technician,0,0,0,0
54583696,Director of Catering Sales,Marriott International Inc & Ritz Carlton Hotel Company L.L.C.,3/12/2020,Other Business Support Services,Maintenance Repair and Technician,0,Riyadh,0,0
54587074,SOCIAL WORKER,King Faisal Specialist Hospital & Research Centre,3/12/2020,Other Business Support Services,Maintenance Repair and Technician,0,NaN,0,0
54587694,Marketing Specialist - AE433865,Manpower,3/12/2020,FMCG,Maintenance Repair and Technician,0,NaN,0,0
54588763,Retail Operations Executive,Awtad,3/12/2020,Other Business Support Services,Maintenance Repair and Technician,0,Riyadh,0,0
54589165,Maintenance Tech IV BTS LOC,johnsoncontrols,3/12/2020,Other Business Support Services,Maintenance Repair and Technician,0,NaN,0,0
54558151,Senior Financial Analyst,Antal International,3/11/2020,Other Business Support Services,Maintenance Repair and Technician,0,Riyadh,0,0
54558155,Flow Tech,Baxter,3/11/2020,IT Services,Maintenance Repair and Technician,0,Medina,0,0
54561302,Training Manager,Marriott International Inc & Ritz Carlton Hotel Company L.L.C.,3/11/2020,Other Business Support Services,Maintenance Repair and Technician,0,Riyadh,0,0
54561508,Laundry Supervisor ( Saudi National Only ),Marriott International Inc & Ritz Carlton Hotel Company L.L.C.,3/11/2020,Other Business Support Services,Maintenance Repair and Technician,0,Riyadh,0,0
54561693,AC and Refrigeration Technician,Marriott International Inc & Ritz Carlton Hotel Company L.L.C.,3/11/2020,Other Business Support Services,Maintenance Repair and Technician,0,0,0,0
54562525,Solutions Architect - MENA,AWS EMEA SARL (0),3/11/2020,Other Business Support Services,Maintenance Repair and Technician,0,Riyadh,0,0
54563294,LABORATORY ASSISTANT,King Faisal Specialist Hospital & Research Centre,3/11/2020,Other Business Support Services,Maintenance Repair and Technician,0,NaN,0,0
54563352,SOCIAL WORKER,King Faisal Specialist Hospital & Research Centre,3/11/2020,Other Business Support Services,Maintenance Repair and Technician,0,NaN,0,0
54529824,Chief Operator,Almansoori,3/10/2020,Oil & Gas,Maintenance Repair and Technician,0,NaN,0,0
54533513,Field Service Technician,Flowserve,3/10/2020,Other Business Support Services,Maintenance Repair and Technician,0,NaN,0,0
54536956,Assistant Guest Relation Manager,Marriott International Inc & Ritz Carlton Hotel Company L.L.C.,3/10/2020,Other Business Support Services,Maintenance Repair and Technician,0,0,0,0
54537130,MS Exchange Admin-Administrator,Wipro,3/10/2020,IT Services,Maintenance Repair and Technician,0,Riyadh,0,0
54539651,SUPERVISOR ADMISSIONS,King Faisal Specialist Hospital & Research Centre,3/10/2020,Other Business Support Services,Maintenance Repair and Technician,0,NaN,0,0
54540196,ADMINISTRATIVE COORDINATOR I,King Faisal Specialist Hospital & Research Centre,3/10/2020,Other Business Support Services,Maintenance Repair and Technician,0,NaN,0,0
54540245,CARE ASSISTANT,King Faisal Specialist Hospital & Research Centre,3/10/2020,Other Business Support Services,Maintenance Repair and Technician,0,Riyadh,0,0
54540273,ENVIRONMENTAL HEALTH COORDINATOR,King Faisal Specialist Hospital & Research Centre,3/10/2020,Other Business Support Services,Maintenance Repair and Technician,0,NaN,0,0
54540900,Sponsorship Specialist,Hwadi Ltd. Co.,3/10/2020,Other Business Support Services,Maintenance Repair and Technician,0,Riyadh,0,0
54543415,HOSPITAL ASSISTANT II,King Faisal Specialist Hospital & Research Centre,3/10/2020,Other Business Support Services,Maintenance Repair and Technician,0,NaN,0,0
54568925,SENIOR HOSPITAL ASSISTANT,King Faisal Specialist Hospital & Research Centre,3/10/2020,Other Business Support Services,Maintenance Repair and Technician,0,NaN,0,0
54516682,SERVICE SUPERVISOR II - TT,Weatherford,3/9/2020,Other Business Support Services,Maintenance Repair and Technician,0,Khobar,0,0
54522736,Plumber,Marriott International Inc & Ritz Carlton Hotel Company L.L.C.,3/9/2020,Other Business Support Services,Maintenance Repair and Technician,0,Riyadh,0,0
54524083,CASE MANAGEMENT ASSISTANT II,King Faisal Specialist Hospital & Research Centre,3/9/2020,Other Business Support Services,Maintenance Repair and Technician,0,NaN,0,0
54524152,ADMISSION REPRESENTATIVE II,King Faisal Specialist Hospital & Research Centre,3/9/2020,Other Business Support Services,Maintenance Repair and Technician,0,NaN,0,0
54524161,PHARMACIST III,King Faisal Specialist Hospital & Research Centre,3/9/2020,Other Business Support Services,Maintenance Repair and Technician,0,Riyadh,0,0
54524733,CONSULTANT ANATOMIC PATHOLOGY,King Faisal Specialist Hospital & Research Centre,3/9/2020,Other Business Support Services,Maintenance Repair and Technician,0,NaN,0,0
54524737,ASSISTANT SCIENTIST,King Faisal Specialist Hospital & Research Centre,3/9/2020,Other Business Support Services,Maintenance Repair and Technician,0,Riyadh,0,0
54529200,Economic Planning Specialist (International Assignment),Bechtel Corporation,3/9/2020,Other Business Support Services,Maintenance Repair and Technician,0,Riyadh,0,0
54529200,Economic Planning Specialist (International Assignment),Bechtel Corporation,3/9/2020,Other Business Support Services,Maintenance Repair and Technician,0,Riyadh,0,0
54501242,RESPIRATORY TECHNICIAN,King Faisal Specialist Hospital & Research Centre,3/7/2020,Other Business Support Services,Maintenance Repair and Technician,0,Riyadh,0,0
54464883,Credit/Collections Analyst,Flowserve,3/6/2020,Other Business Support Services,Maintenance Repair and Technician,0,NaN,0,0
54470422,Consultant Nephrologist Riyadh Saudi Arabia,Prospect Health,3/6/2020,Medical Hospital,Maintenance Repair and Technician,0,NaN,0,0
54471577,HOSPITAL ASSISTANT I,King Faisal Specialist Hospital & Research Centre,3/6/2020,Other Business Support Services,Maintenance Repair and Technician,0,NaN,0,0
54471596,SUPERVISOR HOUSING,King Faisal Specialist Hospital & Research Centre,3/6/2020,Other Business Support Services,Maintenance Repair and Technician,0,NaN,0,0
54471601,SENIOR PASSPORT REPRESENTATIVE,King Faisal Specialist Hospital & Research Centre,3/6/2020,Other Business Support Services,Maintenance Repair and Technician,0,NaN,0,0
54439181,CT Maintenance Supervisor,Almansoori,3/5/2020,Oil & Gas,Maintenance Repair and Technician,0,NaN,0,0
54439186,Field Helper,Almansoori,3/5/2020,Oil & Gas,Maintenance Repair and Technician,0,NaN,0,0
54439204,CT Operator,Almansoori,3/5/2020,Oil & Gas,Maintenance Repair and Technician,0,NaN,0,0
54439207,Stimulation Senior Operator,Almansoori,3/5/2020,Oil & Gas,Maintenance Repair and Technician,0,NaN,0,0
54439210,Yard Forman,Almansoori,3/5/2020,Oil & Gas,Maintenance Repair and Technician,0,NaN,0,0
54439217,Workshop Foreman,Almansoori,3/5/2020,Oil & Gas,Maintenance Repair and Technician,0,NaN,0,0
54439220,WT Ass. Operator,Almansoori,3/5/2020,Oil & Gas,Maintenance Repair and Technician,0,NaN,0,0
54439340,CT Field Supervisor,Almansoori,3/5/2020,Oil & Gas,Maintenance Repair and Technician,0,NaN,0,0
54439357,Stimulation Field Supervisor,Almansoori,3/5/2020,Oil & Gas,Maintenance Repair and Technician,0,NaN,0,0
54439366,Stimulation Operator,Almansoori,3/5/2020,Oil & Gas,Maintenance Repair and Technician,0,NaN,0,0
54439385,Operations Admin,Almansoori,3/5/2020,Oil & Gas,Maintenance Repair and Technician,0,NaN,0,0
54439386,Lab Specialist,Almansoori,3/5/2020,Oil & Gas,Maintenance Repair and Technician,0,NaN,0,0
54439387,Operations Coordinator,Almansoori,3/5/2020,Oil & Gas,Maintenance Repair and Technician,0,NaN,0,0
54439894,Instrument Technician,Almansoori,3/5/2020,Oil & Gas,Maintenance Repair and Technician,0,NaN,0,0
54446072,Beauty Advisor,Chalhoub Group,3/5/2020,Other Business Support Services,Maintenance Repair and Technician,0,NaN,0,0
54446073,Mgr-Laundry,Marriott International Inc & Ritz Carlton Hotel Company L.L.C.,3/5/2020,Other Business Support Services,Maintenance Repair and Technician,0,Riyadh,0,0
54447366,Senior Solution Engineer,Dell,3/5/2020,IT Services,Maintenance Repair and Technician,0,Riyadh,0,0
54448865,Emergency Medicine Consultant Riyadh,Prospect Health,3/5/2020,Medical Hospital,Maintenance Repair and Technician,0,NaN,0,0
54449818,SENIOR EMPLOYEE RELATIONS REPRESENTATIVE,King Faisal Specialist Hospital & Research Centre,3/5/2020,Other Business Support Services,Maintenance Repair and Technician,0,NaN,0,0
54450004,EMPLOYMENT REPRESENTATIVE I,King Faisal Specialist Hospital & Research Centre,3/5/2020,Other Business Support Services,Maintenance Repair and Technician,0,NaN,0,0
54450006,ASSISTANT SUPERVISOR HOUSEKEEPING,King Faisal Specialist Hospital & Research Centre,3/5/2020,Other Business Support Services,Maintenance Repair and Technician,0,0,0,0
54450007,ANALYST PROCESSING,King Faisal Specialist Hospital & Research Centre,3/5/2020,Other Business Support Services,Maintenance Repair and Technician,0,NaN,0,0
54455105,AIRPORT REPRESENTATIVE,King Faisal Specialist Hospital & Research Centre,3/5/2020,Other Business Support Services,Maintenance Repair and Technician,0,NaN,0,0
54538776,Management Consultant Saudi Arabia,Roevin,3/5/2020,Other Business Support Services,Maintenance Repair and Technician,0,NaN,0,0
54770147,Field Helper/Driver,Almansoori,3/5/2020,Oil & Gas,Maintenance Repair and Technician,0,NaN,0,0
54770658,CT Assistant Operator,Almansoori,3/5/2020,Oil & Gas,Maintenance Repair and Technician,0,NaN,0,0
54402284,Maintenance Supervisor,Almansoori,3/4/2020,Oil & Gas,Maintenance Repair and Technician,0,NaN,0,0
54404639,Sr Supervisor Customer Service Job,Tasnee,3/4/2020,Other Business Support Services,Maintenance Repair and Technician,0,Dammam,0,0
54405834,Design Drafter,Flowserve,3/4/2020,Other Business Support Services,Maintenance Repair and Technician,0,NaN,0,0
54412654,Design Manager,reeqwest,3/4/2020,Other Business Support Services,Maintenance Repair and Technician,0,NaN,0,0
54412692,QUALITY ANALYST,King Faisal Specialist Hospital & Research Centre,3/4/2020,Other Business Support Services,Maintenance Repair and Technician,0,Riyadh,0,0
54412848,LABORATORY TECHNICIAN,King Faisal Specialist Hospital & Research Centre,3/4/2020,Other Business Support Services,Maintenance Repair and Technician,0,NaN,0,0
54412867,Heavy Equipment Technical Assessor,Alderwood,3/4/2020,Other Business Support Services,Maintenance Repair and Technician,0,NaN,0,0
54412867,Heavy Equipment Technical Assessor,Alderwood,3/4/2020,Other Business Support Services,Maintenance Repair and Technician,0,NaN,0,0
54413416,SPA and Fitness manager/ Supervisor - KSA,Hozpitality Consulting,3/4/2020,Hospitality & Accomodation,Maintenance Repair and Technician,0,NaN,0,0
54424652,FIELD SERVICE ENGINEER,Zamil Group Holding Company,3/4/2020,General Engineering Consultancy,Maintenance Repair and Technician,0,Dammam,0,0
54424810,Solutions Engineer / Customer Relations Specialist,Open Systems International Inc. (OSI),3/4/2020,Other Business Support Services,Maintenance Repair and Technician,0,Medina,0,0
54426793,Support Engineer,Open Systems International Inc. (OSI),3/4/2020,General Engineering Consultancy,Maintenance Repair and Technician,0,Medina,0,0
54427702,Chief Marketing Officer,Huxley,3/4/2020,Other Business Support Services,Maintenance Repair and Technician,0,Riyadh,0,0
54427924,Solutions Architect,Huxley,3/4/2020,Other Business Support Services,Maintenance Repair and Technician,0,Riyadh,0,0
54429095,Cafe Cook (day shift),Open Systems International Inc. (OSI),3/4/2020,Other Business Support Services,Maintenance Repair and Technician,0,Medina,0,0
54431688,Intern,UBRAND Advertising Co.,3/4/2020,Other Business Support Services,Maintenance Repair and Technician,0,Riyadh,0,0
54431691,Chief Investment Officer,Mega Project,3/4/2020,Other Business Support Services,Maintenance Repair and Technician,0,Riyadh,0,0
54431725,Football Systems Operator - SMART VAR (0),Hawk-Eye Innovations,3/4/2020,Other Business Support Services,Maintenance Repair and Technician,0,0,0,0
54431746,Textile Quality Control,Awtad,3/4/2020,Other Business Support Services,Maintenance Repair and Technician,0,Riyadh,0,0
54431791,Talent Acquisition Senior Specialist,Mega Project,3/4/2020,Other Business Support Services,Maintenance Repair and Technician,0,Riyadh,0,0
54431792,Talent Acquisition Specialist,unifonic,3/4/2020,Other Business Support Services,Maintenance Repair and Technician,0,Riyadh,0,0
54431832,Planning Executive Director,Mega Project,3/4/2020,Other Business Support Services,Maintenance Repair and Technician,0,Riyadh,0,0
54431922,Talent Acquisition Director,Mega Project,3/4/2020,Other Business Support Services,Maintenance Repair and Technician,0,Riyadh,0,0
54431993,Chief City Management Officer,Mega Project,3/4/2020,Other Business Support Services,Maintenance Repair and Technician,0,Riyadh,0,0
54432024,AV Technician,Eventagrate,3/4/2020,Other Business Support Services,Maintenance Repair and Technician,0,Riyadh,0,0
54432474,City Services Senior Specialist,Mega Project,3/4/2020,Other Business Support Services,Maintenance Repair and Technician,0,Riyadh,0,0
54432489,Graphic Designer,Hwadi Ltd. Co.,3/4/2020,Other Business Support Services,Maintenance Repair and Technician,0,Riyadh,0,0
54432559,Infrastructure planning Director,Mega Project,3/4/2020,Other Business Support Services,Maintenance Repair and Technician,0,Riyadh,0,0
54432582,Football Systems Operator - SMART VAR (Riyadh),Hawk-Eye Innovations,3/4/2020,Other Business Support Services,Maintenance Repair and Technician,0,Riyadh,0,0
54432607,Strategy Senior Specialist,Mega Project,3/4/2020,Other Business Support Services,Maintenance Repair and Technician,0,Riyadh,0,0
54432665,Chief Development Officer,Mega Project,3/4/2020,Other Business Support Services,Maintenance Repair and Technician,0,Riyadh,0,0
54432697,Strategy Executive Director,Mega Project,3/4/2020,Other Business Support Services,Maintenance Repair and Technician,0,Riyadh,0,0
54432698,Senior Legal Advisor,Mega Project,3/4/2020,Law Firm,Maintenance Repair and Technician,0,Riyadh,0,0
54432732,Secretariat Manager,Mega Project,3/4/2020,Law Firm,Maintenance Repair and Technician,0,Riyadh,0,0
54432773,Graphic Designer,UBRAND Advertising Co.,3/4/2020,Other Business Support Services,Maintenance Repair and Technician,0,Riyadh,0,0
54437298,Training Specialist,SmartRecruiters Jobs,3/4/2020,Other Business Support Services,Maintenance Repair and Technician,0,0,0,0
54438947,WARRANTY ENGINEER (MEB-JCI),Zamil Group Holding Company,3/4/2020,Other Business Support Services,Maintenance Repair and Technician,0,Dammam,0,0
54501956,Mechanical Estimator,SmartRecruiters Jobs,3/4/2020,Other Business Support Services,Maintenance Repair and Technician,0,Khobar,0,0
54388449,Research Scientist/Engineer in Carbon Capture (CC) or Carbon Sequestration (CS),King Fahd University of Petroleum and Minerals,3/3/2020,Other Business Support Services,Maintenance Repair and Technician,0,NaN,0,0
54390608,Design Director,AECOM,3/3/2020,Other Business Support Services,Maintenance Repair and Technician,0,Riyadh,0,0
54393713,Dental Assistant,King Faisal Specialist Hospital - 0,3/3/2020,Medical Hospital,Maintenance Repair and Technician,0,Riyadh,0,0
54396084,MANAGER ADMINISTRATIVE COMMUNICATIONS,King Faisal Specialist Hospital & Research Centre,3/3/2020,Other Business Support Services,Maintenance Repair and Technician,0,NaN,0,0
54454956,ELECTRICIAN ASSISTANT,King Faisal Specialist Hospital & Research Centre,3/3/2020,Other Business Support Services,Maintenance Repair and Technician,0,Riyadh,0,0
54372283,Field Helper/Driver,Almansoori,3/2/2020,Oil & Gas,Maintenance Repair and Technician,0,NaN,0,0
54378099,Banquet Supervisor,Marriott International Inc & Ritz Carlton Hotel Company L.L.C.,3/2/2020,Other Business Support Services,Maintenance Repair and Technician,0,0,0,0
54378101,Director of Engineering,Marriott International Inc & Ritz Carlton Hotel Company L.L.C.,3/2/2020,Other Business Support Services,Maintenance Repair and Technician,0,0,0,0
54378474,Marketing Executive,Marriott International Inc & Ritz Carlton Hotel Company L.L.C.,3/2/2020,Other Business Support Services,Maintenance Repair and Technician,0,NaN,0,0
54378478,ENG - Mechanical Supervisor,Marriott International Inc & Ritz Carlton Hotel Company L.L.C.,3/2/2020,Other Business Support Services,Maintenance Repair and Technician,0,Riyadh,0,0
54378492,Hotel Manager,Marriott International Inc & Ritz Carlton Hotel Company L.L.C.,3/2/2020,Other Business Support Services,Maintenance Repair and Technician,0,Riyadh,0,0
54380194,CLINICAL ENGINEER I,King Faisal Specialist Hospital & Research Centre,3/2/2020,Other Business Support Services,Maintenance Repair and Technician,0,NaN,0,0
54380203,DENTAL ASSISTANT II,King Faisal Specialist Hospital & Research Centre,3/2/2020,Other Business Support Services,Maintenance Repair and Technician,0,Riyadh,0,0
54989508,Sales Coordinator,Marriott International Inc & Ritz Carlton Hotel Company L.L.C.,3/2/2020,Other Business Support Services,Maintenance Repair and Technician,0,0,0,0
54337796,Functional Testing Senior Analyst,Accenture,3/1/2020,Other Business Support Services,Maintenance Repair and Technician,0,Riyadh,0,0
54345539,React JS-Developer,Wipro,3/1/2020,IT Services,Maintenance Repair and Technician,0,Riyadh,0,0
54315132,Senior Consultant - Financing Advisory,SNC Lavalin,2/28/2020,Other Business Support Services,Maintenance Repair and Technician,0,Riyadh,0,0
54317637,Sr Supervisor Raw Materials Job,Tasnee,2/28/2020,Other Business Support Services,Maintenance Repair and Technician,0,Jizan,0,0
54320931,Procurement Manager,AECOM,2/28/2020,Other Business Support Services,Maintenance Repair and Technician,0,Riyadh,0,0
54321092,Project Surveyor III,AECOM,2/28/2020,Other Business Support Services,Maintenance Repair and Technician,0,Riyadh,0,0
54321093,Project Surveyor I,AECOM,2/28/2020,Other Business Support Services,Maintenance Repair and Technician,0,Riyadh,0,0
54322135,Asst. Marketing Manager,Marriott International Inc & Ritz Carlton Hotel Company L.L.C.,2/28/2020,Other Business Support Services,Maintenance Repair and Technician,0,NaN,0,0
54322251,Director of Sales,Marriott International Inc & Ritz Carlton Hotel Company L.L.C.,2/28/2020,Other Business Support Services,Maintenance Repair and Technician,0,NaN,0,0
54325755,VETERINARY TECHNICIAN,King Faisal Specialist Hospital & Research Centre,2/28/2020,Other Business Support Services,Maintenance Repair and Technician,0,Riyadh,0,0
54353073,MASON ASSISTANT,King Faisal Specialist Hospital & Research Centre,2/28/2020,Other Business Support Services,Maintenance Repair and Technician,0,Riyadh,0,0
54289106,ITSM Lead,Accenture,2/27/2020,Other Business Support Services,Maintenance Repair and Technician,0,Riyadh,0,0
54289114,Rope Access Lelvel III/Supervisor,Almansoori,2/27/2020,Oil & Gas,Maintenance Repair and Technician,0,NaN,0,0
54289247,SWT Operator,Almansoori,2/27/2020,Oil & Gas,Maintenance Repair and Technician,0,NaN,0,0
54289248,SUPERINTENDENT,Almansoori,2/27/2020,Oil & Gas,Maintenance Repair and Technician,0,NaN,0,0
54289270,Asst Inspector II,Almansoori,2/27/2020,Oil & Gas,Maintenance Repair and Technician,0,NaN,0,0
54289448,Driver/Helper,Almansoori,2/27/2020,Oil & Gas,Maintenance Repair and Technician,0,NaN,0,0
54289449,Consultant,Almansoori,2/27/2020,Oil & Gas,Maintenance Repair and Technician,0,NaN,0,0
54291663,Public Relations Manager Saudi Arabia,Cisco,2/27/2020,Telecommunications,Maintenance Repair and Technician,0,Riyadh,0,0
54299213,Purchasing Manager,reeqwest,2/27/2020,Other Business Support Services,Maintenance Repair and Technician,0,NaN,0,0
54299297,Purchasing Representative,reeqwest,2/27/2020,Other Business Support Services,Maintenance Repair and Technician,0,NaN,0,0
54299911,General Manager - AE433856,Manpower,2/27/2020,FMCG,Maintenance Repair and Technician,0,NaN,0,0
54322509,Agent-At Your Service,Marriott International Inc & Ritz Carlton Hotel Company L.L.C.,2/27/2020,Other Business Support Services,Maintenance Repair and Technician,0,NaN,0,0
54277622,Consultant - Medical Oncology,King Faisal Specialist Hospital - 0,2/26/2020,Medical Hospital,Maintenance Repair and Technician,0,0,0,0
54278728,CADTools-Lead Administrator,Wipro,2/26/2020,IT Services,Maintenance Repair and Technician,0,Jubail,0,0
54243667,Floor Manager - AE433854,Manpower,2/25/2020,FMCG,Maintenance Repair and Technician,0,NaN,0,0
54247794,Supervisor Engineering,Flowserve,2/25/2020,Other Business Support Services,Maintenance Repair and Technician,0,NaN,0,0
54251023,Captain,Marriott International Inc & Ritz Carlton Hotel Company L.L.C.,2/25/2020,Other Business Support Services,Maintenance Repair and Technician,0,Dammam,0,0
54251188,Account Receivable,Marriott International Inc & Ritz Carlton Hotel Company L.L.C.,2/25/2020,Other Business Support Services,Maintenance Repair and Technician,0,Riyadh,0,0
54262243,#NAME?,Frag,2/25/2020,Other Business Support Services,Maintenance Repair and Technician,0,NaN,0,0
54262262,#NAME?,Frag,2/25/2020,Other Business Support Services,Maintenance Repair and Technician,0,NaN,0,0
54262935,Fountain technician/ MEM Field Technician- ŸÅŸÜŸä ÿ™ÿ®ÿ±ŸäÿØ Ÿàÿ™ŸÉŸäŸäŸÅ,MenaBev Jobs,2/25/2020,Other Business Support Services,Maintenance Repair and Technician,Certification / diploma,0,0,0
54232704,Planning/Scheduling Engineer,SNC Lavalin,2/24/2020,Other Business Support Services,Maintenance Repair and Technician,0,Khobar,0,0
54235036,Asst. Banquet Operations Supervisor,Marriott International Inc & Ritz Carlton Hotel Company L.L.C.,2/24/2020,Other Business Support Services,Maintenance Repair and Technician,0,0,0,0
54235058,Cluster EBC Executive,Marriott International Inc & Ritz Carlton Hotel Company L.L.C.,2/24/2020,Other Business Support Services,Maintenance Repair and Technician,0,Riyadh,0,0
54237741,SHEET METAL WORKER II,King Faisal Specialist Hospital & Research Centre,2/24/2020,Other Business Support Services,Maintenance Repair and Technician,0,Riyadh,0,0
54237758,INTERIOR FINISHER ASSISTANT,King Faisal Specialist Hospital & Research Centre,2/24/2020,Other Business Support Services,Maintenance Repair and Technician,0,Riyadh,0,0
54237772,PLUMBER II,King Faisal Specialist Hospital & Research Centre,2/24/2020,Other Business Support Services,Maintenance Repair and Technician,0,Riyadh,0,0
54237805,MASON ASSISTANT,King Faisal Specialist Hospital & Research Centre,2/24/2020,Other Business Support Services,Maintenance Repair and Technician,0,Riyadh,0,0
54238144,WELDER II,King Faisal Specialist Hospital & Research Centre,2/24/2020,Other Business Support Services,Maintenance Repair and Technician,0,Riyadh,0,0
54238150,CARPENTER II,King Faisal Specialist Hospital & Research Centre,2/24/2020,Other Business Support Services,Maintenance Repair and Technician,0,Riyadh,0,0
54257508,MAINTENANCE AIDE,King Faisal Specialist Hospital & Research Centre,2/24/2020,Other Business Support Services,Maintenance Repair and Technician,0,Riyadh,0,0
54257709,ELECTRICIAN II,King Faisal Specialist Hospital & Research Centre,2/24/2020,Other Business Support Services,Maintenance Repair and Technician,0,Riyadh,0,0
54257710,SOCIAL WORKER,King Faisal Specialist Hospital & Research Centre,2/24/2020,Other Business Support Services,Maintenance Repair and Technician,0,Riyadh,0,0
54174712,DevOps Lead,Accenture,2/21/2020,Other Business Support Services,Maintenance Repair and Technician,0,Riyadh,0,0
54174758,OPERATIONS MANAGER - TT,Weatherford,2/21/2020,Other Business Support Services,Maintenance Repair and Technician,0,Khobar,0,0
54179950,Director of Sales,Rezidor Hotel Group,2/21/2020,Other Business Support Services,Maintenance Repair and Technician,0,NaN,0,0
54180563,Marketing Manager,Marriott International Inc & Ritz Carlton Hotel Company L.L.C.,2/21/2020,Other Business Support Services,Maintenance Repair and Technician,0,NaN,0,0
54180754,At Your Service Supervisor,Marriott International Inc & Ritz Carlton Hotel Company L.L.C.,2/21/2020,Other Business Support Services,Maintenance Repair and Technician,0,0,0,0
54180778,Supervisor-Housekeeping,Marriott International Inc & Ritz Carlton Hotel Company L.L.C.,2/21/2020,Other Business Support Services,Maintenance Repair and Technician,0,NaN,0,0
54180794,Director of Learning and Development,Marriott International Inc & Ritz Carlton Hotel Company L.L.C.,2/21/2020,Other Business Support Services,Maintenance Repair and Technician,0,0,0,0
54180958,Guest Services Assistan Manager,Marriott International Inc & Ritz Carlton Hotel Company L.L.C.,2/21/2020,Other Business Support Services,Maintenance Repair and Technician,0,0,0,0
54181680,RMS-Housekeeping Coordinator,Marriott International Inc & Ritz Carlton Hotel Company L.L.C.,2/21/2020,Other Business Support Services,Maintenance Repair and Technician,0,Riyadh,0,0
54181891,RMS- Laundry Attendant,Marriott International Inc & Ritz Carlton Hotel Company L.L.C.,2/21/2020,Other Business Support Services,Maintenance Repair and Technician,0,Riyadh,0,0
54182057,Spa Supervisor,Marriott International Inc & Ritz Carlton Hotel Company L.L.C.,2/21/2020,Other Business Support Services,Maintenance Repair and Technician,0,Riyadh,0,0
54182080,Lead Therapist,Marriott International Inc & Ritz Carlton Hotel Company L.L.C.,2/21/2020,Other Business Support Services,Maintenance Repair and Technician,0,Riyadh,0,0
54182149,SAP BI-BW-Lead,Wipro,2/21/2020,IT Services,Maintenance Repair and Technician,0,Riyadh,0,0
54182269,DCS Service Engineer,Spencer Ogden,2/21/2020,Oil & Gas,Maintenance Repair and Technician,0,0,0,0
54182862,Quality Assurance Officer,reeqwest,2/21/2020,Other Business Support Services,Maintenance Repair and Technician,0,NaN,0,0
54183004,Contract Specialist (4303),Saudi Aramco Total Refining And Petrochemical Co. (SATORP),2/21/2020,Oil & Gas,Maintenance Repair and Technician,0,NaN,0,0
54413059,RESPIRATORY TECHNICIAN,King Faisal Specialist Hospital & Research Centre,2/21/2020,Other Business Support Services,Maintenance Repair and Technician,0,Riyadh,0,0
54134056,Captain-Banquet,Marriott International Inc & Ritz Carlton Hotel Company L.L.C.,2/20/2020,Other Business Support Services,Maintenance Repair and Technician,0,Riyadh,0,0
54136461,Staff Nurse - CSICU,King Faisal Specialist Hospital - 0,2/20/2020,Medical Hospital,Maintenance Repair and Technician,0,0,0,0
54136464,Staff Nurse - Oncology,King Faisal Specialist Hospital - 0,2/20/2020,Medical Hospital,Maintenance Repair and Technician,0,0,0,0
54136465,Staff Nurse - PSICU,King Faisal Specialist Hospital - 0,2/20/2020,Medical Hospital,Maintenance Repair and Technician,0,0,0,0
54138594,PLANT OPERATOR I,King Faisal Specialist Hospital & Research Centre,2/20/2020,Other Business Support Services,Maintenance Repair and Technician,0,Riyadh,0,0
54140629,SAP Analyst,Accenture,2/20/2020,Other Business Support Services,Maintenance Repair and Technician,0,Riyadh,0,0
54122678,BMC Remedy Administrator,CC Staffing International,2/19/2020,IT Services,Maintenance Repair and Technician,0,NaN,0,0
54133321,REQUIREMENTS ENGINEER,AECOM,2/19/2020,Other Business Support Services,Maintenance Repair and Technician,0,0,0,0
54099286,Sr. Process Engineer (18960),Sadara Chemical Company,2/18/2020,Petrochemicals & Refined Petroleum Products Manufacture,Maintenance Repair and Technician,0,NaN,0,0
54102477,ENT Consultant - SAUDI-ARABIA,Global Medical Recruiting (GM Recruiting),2/18/2020,Other Business Support Services,Maintenance Repair and Technician,0,Khobar,0,0
54102478,Emergency Medicine Consultant - SAUDI-ARABIA,Global Medical Recruiting (GM Recruiting),2/18/2020,Other Business Support Services,Maintenance Repair and Technician,0,NaN,0,0
54102479,Dermatologist Consultant - SAUDI-ARABIA,Global Medical Recruiting (GM Recruiting),2/18/2020,Other Business Support Services,Maintenance Repair and Technician,0,Khobar,0,0
54102482,INTERVENTIONAL Cardiologist Consultant - SAUDI-ARABIA,Global Medical Recruiting (GM Recruiting),2/18/2020,Other Business Support Services,Maintenance Repair and Technician,0,Khobar,0,0
54102686,Plastic Surgeon Consultant - SAUDI-ARABIA,Global Medical Recruiting (GM Recruiting),2/18/2020,Other Business Support Services,Maintenance Repair and Technician,0,Khobar,0,0
54102688,OB/GYN - IVF Consultant - SAUDI-ARABIA,Global Medical Recruiting (GM Recruiting),2/18/2020,Other Business Support Services,Maintenance Repair and Technician,0,Khobar,0,0
54102700,Neurologist Consultant - SAUDI-ARABIA,Global Medical Recruiting (GM Recruiting),2/18/2020,Other Business Support Services,Maintenance Repair and Technician,0,Khobar,0,0
54107432,Pulmonologist Consultant - SAUDI-ARABIA,Global Medical Recruiting (GM Recruiting),2/18/2020,Other Business Support Services,Maintenance Repair and Technician,0,Khobar,0,0
54107433,Radiologist Consultant - SAUDI-ARABIA,Global Medical Recruiting (GM Recruiting),2/18/2020,Other Business Support Services,Maintenance Repair and Technician,0,Khobar,0,0
54109423,PIPE FITTER,King Faisal Specialist Hospital & Research Centre,2/18/2020,Other Business Support Services,Maintenance Repair and Technician,0,Riyadh,0,0
54109424,PLUMBER I,King Faisal Specialist Hospital & Research Centre,2/18/2020,Other Business Support Services,Maintenance Repair and Technician,0,Riyadh,0,0
54078692,HSEQ Expert,SNC Lavalin,2/17/2020,Other Business Support Services,Maintenance Repair and Technician,0,Riyadh,0,0
54083340,Project Engineer - Infrastructure,Parker Connect,2/17/2020,Other Business Support Services,Maintenance Repair and Technician,0,NaN,0,0
54050756,Dental Assistants,Subnet RTA,2/15/2020,Other Business Support Services,Maintenance Repair and Technician,0,NaN,0,0
54010027,Property Management Expert,SNC Lavalin,2/14/2020,Other Business Support Services,Maintenance Repair and Technician,0,Riyadh,0,0
54010164,Restaurant Manager,InterContinental Hotels Group,2/14/2020,Hospitality & Accomodation,Maintenance Repair and Technician,0,NaN,0,0
53992192,Assessment Specialist (19024),Sadara Chemical Company,2/13/2020,Petrochemicals & Refined Petroleum Products Manufacture,Maintenance Repair and Technician,0,NaN,0,0
53996626,HVAC Technician,Marriott International Inc & Ritz Carlton Hotel Company L.L.C.,2/13/2020,Other Business Support Services,Maintenance Repair and Technician,0,0,0,0
53997058,Group & Events Coordinator,Marriott International Inc & Ritz Carlton Hotel Company L.L.C.,2/13/2020,Other Business Support Services,Maintenance Repair and Technician,0,NaN,0,0
53997059,Sales Coordinator,Marriott International Inc & Ritz Carlton Hotel Company L.L.C.,2/13/2020,Other Business Support Services,Maintenance Repair and Technician,0,NaN,0,0
53999591,Customer Service Officer,reeqwest,2/13/2020,Other Business Support Services,Maintenance Repair and Technician,0,NaN,0,0
53999650,Credit Analyst,reeqwest,2/13/2020,Other Business Support Services,Maintenance Repair and Technician,0,NaN,0,0
53930430,Consultant Psychiatrist (Arabic Speaking) 0 Saudi Arabia,Prospect Health,2/12/2020,Medical Hospital,Maintenance Repair and Technician,0,NaN,0,0
53931416,Operations Manager - Catering Company,reeqwest,2/12/2020,Other Business Support Services,Maintenance Repair and Technician,0,NaN,0,0
53874515,Sr Supervisor Maintenance Job,Tasnee,2/11/2020,Other Business Support Services,Maintenance Repair and Technician,0,Riyadh,0,0
53874515,Sr Supervisor Maintenance Job,Tasnee,2/11/2020,Other Business Support Services,Maintenance Repair and Technician,0,Riyadh,0,0
53874695,Sr Supervisor Production Job,Tasnee,2/11/2020,Other Business Support Services,Maintenance Repair and Technician,0,Riyadh,0,0
53874875,KSA SP Services Leader - Director,Cisco,2/11/2020,Telecommunications,Maintenance Repair and Technician,0,Riyadh,0,0
53877607,Project Engineer,johnsoncontrols,2/11/2020,Other Business Support Services,Maintenance Repair and Technician,0,0,0,0
53943139,Senior Technician,johnsoncontrols,2/11/2020,Other Business Support Services,Maintenance Repair and Technician,0,0,0,0
53999990,HOSPITAL ASSISTANT II,King Faisal Specialist Hospital & Research Centre,2/11/2020,Other Business Support Services,Maintenance Repair and Technician,0,Riyadh,0,0
54285201,TA Coop Trainee,johnsoncontrols,2/11/2020,Other Business Support Services,Maintenance Repair and Technician,0,0,0,0
53871535,Junior Operator,Almansoori,2/10/2020,Oil & Gas,Maintenance Repair and Technician,0,NaN,0,0
53872202,Saudi Logitics Development Executive,Chalhoub Group,2/10/2020,Other Business Support Services,Maintenance Repair and Technician,0,NaN,0,0
53872210,Accounts Executive,Al Futtaim Private Company LLC,2/10/2020,Wholesale & Import/Export Trade,Maintenance Repair and Technician,0,Riyadh,0,0
53872546,SUPERVISOR BILLING & COLLECTION,King Faisal Specialist Hospital & Research Centre,2/10/2020,Other Business Support Services,Maintenance Repair and Technician,0,0,0,0
53868770,E-Mobility-Lead,Wipro,2/8/2020,IT Services,Maintenance Repair and Technician,0,Riyadh,0,0
53869369,Service Sales Representative,Juniper Networks,2/8/2020,Other Business Support Services,Maintenance Repair and Technician,0,Riyadh,0,0
53860548,Test Delivery Lead,Accenture,2/6/2020,Other Business Support Services,Maintenance Repair and Technician,0,Riyadh,0,0
53850143,Architect inspector,Khatib & Alami,2/5/2020,Other Business Support Services,Maintenance Repair and Technician,0,Riyadh,0,0
53851174,Digital Marketing Specialist,Philips,2/5/2020,Other Business Support Services,Maintenance Repair and Technician,0,0,0,0
53851225,Senior NPO Engineer,Nokia,2/5/2020,Other Business Support Services,Maintenance Repair and Technician,0,Riyadh,0,0
53851241,NPO Engineer,Nokia,2/5/2020,Other Business Support Services,Maintenance Repair and Technician,0,Riyadh,0,0
53851698,Cafe Assistant | Riyadh,Al Futtaim Private Company LLC,2/5/2020,Wholesale & Import/Export Trade,Maintenance Repair and Technician,0,Riyadh,0,0
53852535,Senior Category Manager,Afaq Q Tech General Trading,2/5/2020,Project & Construction Planning,Maintenance Repair and Technician,0,Riyadh,0,0
53845723,Improvement Superintendent (18971),Sadara Chemical Company,2/4/2020,Petrochemicals & Refined Petroleum Products Manufacture,Maintenance Repair and Technician,0,NaN,0,0
53847060,AsstChief Engineer I,Marriott International Inc & Ritz Carlton Hotel Company L.L.C.,2/4/2020,Other Business Support Services,Maintenance Repair and Technician,0,Khobar,0,0
53841983,Snr Supv (A) HDPE - Shift D Job,Tasnee,2/3/2020,Industrial Production,Maintenance Repair and Technician,0,Jubail,0,0
53822826,ASSISTANT CHIEF STEWARD,InterContinental Hotels Group,1/30/2020,Hospitality & Accomodation,Maintenance Repair and Technician,0,NaN,0,0
53823560,Stewarding Supervisor,InterContinental Hotels Group,1/30/2020,Hospitality & Accomodation,Maintenance Repair and Technician,0,NaN,0,0
53824323,ASSOCIATE CUSTOMER SERVICE SPECIALIST KSA,Medtronic,1/30/2020,Other Business Support Services,Maintenance Repair and Technician,0,NaN,0,0
53810118,Electrical Estimator - O&G,SNC Lavalin,1/29/2020,Other Business Support Services,Maintenance Repair and Technician,0,Khobar,0,0
53810166,Market Access Manager,Roche,1/29/2020,Other Business Support Services,Maintenance Repair and Technician,0,NaN,0,0
53810322,Manager Maintenance Job,Tasnee,1/29/2020,Industrial Production,Maintenance Repair and Technician,0,Yanbu,0,0
53811628,Consultant - Radiation Oncology,King Abdulaziz Medical City - 0,1/29/2020,Medical Hospital,Maintenance Repair and Technician,0,0,0,0
53812499,Stewarding Supervisor,InterContinental Hotels Group,1/29/2020,Hospitality & Accomodation,Maintenance Repair and Technician,0,Riyadh,0,0
53812943,EMPLOYMENT REPRESENTATIVE I,King Faisal Specialist Hospital & Research Centre,1/29/2020,Other Business Support Services,Maintenance Repair and Technician,0,Riyadh,0,0
53807544,Consultant - Palliative Care,King Abdulaziz Medical City - 0,1/28/2020,Medical Hospital,Maintenance Repair and Technician,0,0,0,0
53807892,Oracle Programmer Developer Lead,reeqwest,1/28/2020,Other Business Support Services,Maintenance Repair and Technician,0,NaN,0,0
53804365,PBX OPERATOR,King Faisal Specialist Hospital & Research Centre,1/27/2020,Other Business Support Services,Maintenance Repair and Technician,0,0,0,0
53912053,Senior Claims Engineer,Khatib & Alami,1/27/2020,Other Business Support Services,Maintenance Repair and Technician,0,0,0,0
53796771,Consultant - Family Medicine,King Faisal Specialist Hospital - Madinah,1/25/2020,Medical Hospital,Maintenance Repair and Technician,0,Medina,0,0
53798326,Informatica Powercenter-Lead,Wipro,1/25/2020,IT Services,Maintenance Repair and Technician,0,Riyadh,0,0
53798520,OBIEE-Lead,Wipro,1/25/2020,IT Services,Maintenance Repair and Technician,0,Riyadh,0,0
53798522,Service Desk Management-Engineer,Wipro,1/25/2020,IT Services,Maintenance Repair and Technician,0,Riyadh,0,0
53793989,3D designer,reeqwest,1/23/2020,Other Business Support Services,Maintenance Repair and Technician,0,NaN,0,0
53794153,Senior Java Developer,reeqwest,1/23/2020,Other Business Support Services,Maintenance Repair and Technician,0,NaN,0,0
53794160,Senior Oracle Apps Developer,reeqwest,1/23/2020,Other Business Support Services,Maintenance Repair and Technician,0,NaN,0,0
53795463,Partnership Manager,Chalhoub Group,1/23/2020,Other Business Support Services,Maintenance Repair and Technician,0,NaN,0,0
53796198,MARKETING SPECIALIST,Medtronic,1/23/2020,Marketing,Maintenance Repair and Technician,0,NaN,0,0
53798840,ADR Senior Sales Manager,Oracle - Egypt,1/23/2020,IT Services,Maintenance Repair and Technician,0,Riyadh,0,0
53802461,ASSOCIATE LOGISTICS SPECIALIST KSA,Medtronic,1/23/2020,Other Business Support Services,Maintenance Repair and Technician,0,NaN,0,0
53795218,Vendor Management Officer,CC Staffing International,1/22/2020,IT Services,Maintenance Repair and Technician,0,NaN,0,0
53795467,Loyalty Operations Executive,Chalhoub Group,1/22/2020,Other Business Support Services,Maintenance Repair and Technician,0,NaN,0,0
53795468,Legal Advisor,Chalhoub Group,1/22/2020,Other Business Support Services,Maintenance Repair and Technician,0,NaN,0,0
53802640,Contract Administrator,Khatib & Alami,1/22/2020,Other Business Support Services,Maintenance Repair and Technician,0,NaN,0,0
53788972,FIELD SUPERVISOR,Almansoori,1/21/2020,Oil & Gas,Maintenance Repair and Technician,0,NaN,0,0
53789215,Storage & Backup Lead,Accenture,1/21/2020,Other Business Support Services,Maintenance Repair and Technician,0,Riyadh,0,0
53790153,Director of Spa,Four Seasons Hotels and Resorts,1/21/2020,Other Business Support Services,Maintenance Repair and Technician,0,Riyadh,0,0
53790255,Marketing Manager,Four Seasons Hotels and Resorts,1/21/2020,Other Business Support Services,Maintenance Repair and Technician,0,Riyadh,0,0
53790817,BIM Engineer,AECOM,1/21/2020,Other Business Support Services,Maintenance Repair and Technician,0,Riyadh,0,0
53792773,Recreation Attendant,Marriott International Inc & Ritz Carlton Hotel Company L.L.C.,1/21/2020,Other Business Support Services,Maintenance Repair and Technician,0,Riyadh,0,0
53792784,Specialist I Data center Job,Tasnee,1/21/2020,Industrial Production,Maintenance Repair and Technician,0,Jubail,0,0
54410267,Laundry Attendant,Marriott International Inc & Ritz Carlton Hotel Company L.L.C.,1/21/2020,Other Business Support Services,Maintenance Repair and Technician,0,Riyadh,0,0
53776835,Consumer Intelligence Specialist for Saudi Arabia,Chalhoub Group,1/20/2020,Other Business Support Services,Maintenance Repair and Technician,0,NaN,0,0
53778854,Business Partner  Downstream Job,Tasnee,1/20/2020,Industrial Production,Maintenance Repair and Technician,0,Riyadh,0,0
53784375,Electrical Inspector,AECOM,1/17/2020,Other Business Support Services,Maintenance Repair and Technician,0,0,0,0
53760725,Consultant Obstetrics and Gynaecology Riyadh Saudi Arabia,Prospect Health,1/16/2020,Medical Hospital,Maintenance Repair and Technician,0,NaN,0,0
53761772,Internal Medicine Consultant Riyadh Saudi Arabia,Prospect Health,1/16/2020,Medical Hospital,Maintenance Repair and Technician,0,NaN,0,0
53740221,Lecturer in Architectural Engineering (Saudi nationals only),King Fahd University of Petroleum and Minerals,1/15/2020,Other Business Support Services,Maintenance Repair and Technician,0,NaN,0,0
53746693,Security Officer,Marriott International Inc & Ritz Carlton Hotel Company L.L.C.,1/15/2020,Other Business Support Services,Maintenance Repair and Technician,0,Riyadh,0,0
54105976,Desktop Support-Engineer,Wipro,1/15/2020,IT Services,Maintenance Repair and Technician,0,Riyadh,0,0
53721342,Financial Analyst - P&G Saudi Arabia,Procter & Gamble,1/13/2020,Other Business Support Services,Maintenance Repair and Technician,0,0,0,0
53706314,Aircraft Engine Technician,PSDSARC,1/12/2020,--,Maintenance Repair and Technician,Certification / diploma,Riyadh,0,0
53707803,Hematopathology Consultant 0,Prospect Health,1/12/2020,Medical Hospital,Maintenance Repair and Technician,0,NaN,0,0
53708121,Consultant Vascular Surgery 0 Saudi Arabia,Prospect Health,1/12/2020,Medical Hospital,Maintenance Repair and Technician,0,NaN,0,0
53708216,Consultant Stroke Neurology Riyadh Saudi Arabia,Prospect Health,1/12/2020,Medical Hospital,Maintenance Repair and Technician,0,NaN,0,0
53708796,Consultant ENT Al Madinah Saudi Arabia,Prospect Health,1/12/2020,Medical Hospital,Maintenance Repair and Technician,0,NaN,0,0
53708799,Consultant Radiology Neuroradiology Riyadh Saudi Arabia,Prospect Health,1/12/2020,Medical Hospital,Maintenance Repair and Technician,0,NaN,0,0
53709126,Consultant Paediatric Radiology Riyadh Saudi Arabia,Prospect Health,1/12/2020,Medical Hospital,Maintenance Repair and Technician,0,NaN,0,0
53709228,Hematopathology Consultant Riyadh,Prospect Health,1/12/2020,Medical Hospital,Maintenance Repair and Technician,0,NaN,0,0
53709761,Consultant Anatomic Pathology Al-Ahsa Saudi Arabia,Prospect Health,1/12/2020,Medical Hospital,Maintenance Repair and Technician,0,NaN,0,0
53696225,SAP Successfactor Learning-Developer,Wipro,1/10/2020,IT Services,Maintenance Repair and Technician,0,Riyadh,0,0
53696461,Datacenter Implementation-Lead,Wipro,1/10/2020,IT Services,Maintenance Repair and Technician,0,Jubail,0,0
53751906,EXPEDITER III,King Faisal Specialist Hospital & Research Centre,1/10/2020,Other Business Support Services,Maintenance Repair and Technician,0,Riyadh,0,0
53751906,EXPEDITER III,King Faisal Specialist Hospital & Research Centre,1/10/2020,Other Business Support Services,Maintenance Repair and Technician,0,Riyadh,0,0
55022278,Desktop Support-Engineer,Wipro,1/10/2020,IT Services,Maintenance Repair and Technician,0,Jubail,0,0
53686078,Quality Assurance Manager,Contact Centers Company (CCC),1/9/2020,Management Consulting,Maintenance Repair and Technician,0,NaN,0,0
53675407,Consultant - Hematology and Oncology,King Saud Medical City,1/8/2020,Medical Hospital,Maintenance Repair and Technician,0,NaN,0,0
53675542,Consultant - Palliative Care,King Saud Medical City,1/8/2020,Medical Hospital,Maintenance Repair and Technician,0,Riyadh,0,0
53675776,Orthopaedics Consultant Riyadh,Prospect Health,1/8/2020,Medical Hospital,Maintenance Repair and Technician,0,NaN,0,0
53675889,Area Inspector (4257),Saudi Aramco Total Refining And Petrochemical Co. (SATORP),1/8/2020,Oil & Gas,Maintenance Repair and Technician,0,NaN,0,0
53635924,CAD/CAM Technicaian,PSDSARC,1/4/2020,--,Maintenance Repair and Technician,Certification / diploma,Riyadh,0,0
53623599,Consultant - Internal Medicine,King Fahad Medical City,1/3/2020,Medical Hospital,Maintenance Repair and Technician,0,Riyadh,0,0
53604114,Chemical Process Engineer,Sofomation,1/1/2020,Oil & Gas,Maintenance Repair and Technician,0,NaN,0,0
53594273,Purchasing Supervisor,Marriott International Inc & Ritz Carlton Hotel Company L.L.C.,12/31/2019,Other Business Support Services,Maintenance Repair and Technician,0,Riyadh,0,0
53605051,Value Management Engineer,SNC Lavalin,12/31/2019,Other Business Support Services,Maintenance Repair and Technician,0,Khobar,0,0
54584886,Management Consultant,Accenture,12/31/2019,Other Business Support Services,Maintenance Repair and Technician,0,Riyadh,0,0
53583315,Restaurant Supervisor,Marriott International Inc & Ritz Carlton Hotel Company L.L.C.,12/30/2019,Other Business Support Services,Maintenance Repair and Technician,0,Riyadh,0,0
53583346,Banquet Supervisor,Marriott International Inc & Ritz Carlton Hotel Company L.L.C.,12/30/2019,Other Business Support Services,Maintenance Repair and Technician,0,Riyadh,0,0
53583358,Engineering Helper,Marriott International Inc & Ritz Carlton Hotel Company L.L.C.,12/30/2019,Other Business Support Services,Maintenance Repair and Technician,0,Riyadh,0,0
53547831,Senior Engineer - (Structural Electrical Civil,AECOM,12/27/2019,Construction & Building,Maintenance Repair and Technician,0,Riyadh,0,0
53552251,Sr Representative II Sales Job,Tasnee,12/27/2019,Industrial Production,Maintenance Repair and Technician,0,Dammam,0,0
53540066,Nursing Shift coordinator - Dammam,Pulse International,12/26/2019,Medical Hospital,Maintenance Repair and Technician,0,Dammam,0,0
53540105,Sales Manager,Marriott International Inc & Ritz Carlton Hotel Company L.L.C.,12/26/2019,Other Business Support Services,Maintenance Repair and Technician,0,Riyadh,0,0
53529137,Sales Director,CC Staffing International,12/25/2019,IT Services,Maintenance Repair and Technician,0,NaN,0,0
53519261,H&PS Strategy Manager,Accenture,12/24/2019,Other Business Support Services,Maintenance Repair and Technician,0,Riyadh,0,0
53519690,Supervisor-Housekeeping (Saudi Nationals Only),Marriott International Inc & Ritz Carlton Hotel Company L.L.C.,12/24/2019,Other Business Support Services,Maintenance Repair and Technician,0,Riyadh,0,0
53520167,SUPERVISOR DOCUMENT CENTRE,King Faisal Specialist Hospital & Research Centre,12/24/2019,Other Business Support Services,Maintenance Repair and Technician,0,0,0,0
53486913,Location Services Analyst,Accenture,12/23/2019,Other Business Support Services,Maintenance Repair and Technician,0,Dammam,0,0
53487048,OT Cybersecurity Consultant,Accenture,12/23/2019,Other Business Support Services,Maintenance Repair and Technician,0,Dammam,0,0
53487402,H&PS Strategy Consultant,Accenture,12/23/2019,Other Business Support Services,Maintenance Repair and Technician,0,Riyadh,0,0
53487464,OT Cybersecurity Manager,Accenture,12/23/2019,Other Business Support Services,Maintenance Repair and Technician,0,Dammam,0,0
53498753,National_Procurement Manager,Al Futtaim Private Company LLC,12/23/2019,Wholesale & Import/Export Trade,Maintenance Repair and Technician,0,0,0,0
53499169,Process Manager M/F,SPIE,12/23/2019,General Engineering Consultancy,Maintenance Repair and Technician,0,NaN,0,0
53499528,Consultant - Pediatric Neurology,King Faisal Specialist Hospital - 0,12/23/2019,Medical Hospital,Maintenance Repair and Technician,0,0,0,0
53501468,Director of Sales,Marriott International Inc & Ritz Carlton Hotel Company L.L.C.,12/23/2019,Other Business Support Services,Maintenance Repair and Technician,0,0,0,0
53503476,Consultant Critical Care Riyadh Saudi Arabia,Prospect Health,12/23/2019,Medical Hospital,Maintenance Repair and Technician,0,NaN,0,0
53503700,Consultant Interventional Cardiology - Riyadh Saudi Arabia,Prospect Health,12/23/2019,Medical Hospital,Maintenance Repair and Technician,0,NaN,0,0
53503864,Mechanic-HVAC II,Marriott International Inc & Ritz Carlton Hotel Company L.L.C.,12/23/2019,Other Business Support Services,Maintenance Repair and Technician,0,Riyadh,0,0
53503867,Engineering Supervisor,Marriott International Inc & Ritz Carlton Hotel Company L.L.C.,12/23/2019,Other Business Support Services,Maintenance Repair and Technician,0,Riyadh,0,0
53503871,Consultant Urology Riyadh Saudi Arabia,Prospect Health,12/23/2019,Medical Hospital,Maintenance Repair and Technician,0,NaN,0,0
53503881,Consultant Neurology Riyadh Saudi Arabia,Prospect Health,12/23/2019,Medical Hospital,Maintenance Repair and Technician,0,NaN,0,0
53504407,EMPLOYEE RELATIONS REPRESENTATIVE,King Faisal Specialist Hospital & Research Centre,12/23/2019,Other Business Support Services,Maintenance Repair and Technician,0,0,0,0
53507705,Technicians - Electrical Welding Mechanical,Saudi Petroleum Services Polytechnic Spsp,12/23/2019,Oil & Gas,Maintenance Repair and Technician,0,NaN,0,0
53966963,At Your Service-Shift Leader,Marriott International Inc & Ritz Carlton Hotel Company L.L.C.,12/23/2019,Other Business Support Services,Maintenance Repair and Technician,0,Riyadh,0,0
53460673,Specialist I Instrument Job,Tasnee,12/17/2019,Industrial Production,Maintenance Repair and Technician,0,Jubail,0,0
53460789,Specialist I Electrical Job,Tasnee,12/17/2019,Industrial Production,Maintenance Repair and Technician,0,Jubail,0,0
53462703,PBX OPERATOR,King Faisal Specialist Hospital & Research Centre,12/17/2019,Other Business Support Services,Maintenance Repair and Technician,0,Riyadh,0,0
53464828,Laundry Supervisor,Marriott International Inc & Ritz Carlton Hotel Company L.L.C.,12/17/2019,Other Business Support Services,Maintenance Repair and Technician,0,Riyadh,0,0
53464879,Housekeeping Supervisor,Marriott International Inc & Ritz Carlton Hotel Company L.L.C.,12/17/2019,Other Business Support Services,Maintenance Repair and Technician,0,Riyadh,0,0
53465716,AIRPORT SERVICES OFFICER - RIYADH,Emirates Group Careers,12/17/2019,Other Business Support Services,Maintenance Repair and Technician,0,NaN,0,0
53818609,Senior Urban Designer,AECOM,12/13/2019,Construction & Building,Maintenance Repair and Technician,0,Riyadh,0,0
53401509,High Touch Operations Manager,Cisco,12/12/2019,Telecommunications,Maintenance Repair and Technician,0,Riyadh,0,0
53404916,Senior Urban Designer,AECOM,12/12/2019,Construction & Building,Maintenance Repair and Technician,0,Riyadh,0,0
53589950,Consultant Radiologist,Prospect Health,12/12/2019,Medical Hospital,Maintenance Repair and Technician,0,NaN,0,0
53819030,Consultant Ophthalmologist,Prospect Health,12/12/2019,Medical Hospital,Maintenance Repair and Technician,0,NaN,0,0
54101455,Consultant Paediatric ICU,Prospect Health,12/12/2019,Medical Hospital,Maintenance Repair and Technician,0,NaN,0,0
54101457,Consultant Of Anatomical Pathology,Prospect Health,12/12/2019,Medical Hospital,Maintenance Repair and Technician,0,NaN,0,0
54101458,Consultant in Cardiology,Prospect Health,12/12/2019,Medical Hospital,Maintenance Repair and Technician,0,NaN,0,0
53374798,Specialist Mechanical Job,Tasnee,12/10/2019,Industrial Production,Maintenance Repair and Technician,0,Jubail,0,0
53377674,Field Technician,AECOM,12/10/2019,Construction & Building,Maintenance Repair and Technician,0,Riyadh,0,0
53383769,TELEVISION TECHNICIAN,King Faisal Specialist Hospital & Research Centre,12/10/2019,Other Business Support Services,Maintenance Repair and Technician,0,Riyadh,0,0
53396737,SENIOR HOSPITAL ASSISTANT,King Faisal Specialist Hospital & Research Centre,12/9/2019,Other Business Support Services,Maintenance Repair and Technician,0,Riyadh,0,0
53331951,Senior Project Surveyor,AECOM,12/6/2019,Construction & Building,Maintenance Repair and Technician,0,Riyadh,0,0
53319007,Director of Marketing,Marriott International Inc & Ritz Carlton Hotel Company L.L.C.,12/5/2019,Other Business Support Services,Maintenance Repair and Technician,0,0,0,0
53321738,Staff Nurses,Subnet RTA,12/5/2019,Medical Clinic,Maintenance Repair and Technician,0,NaN,0,0
53307660,Nursing Service Manager,King Saud Medical City,12/4/2019,Medical Hospital,Maintenance Repair and Technician,0,Riyadh,0,0
53321973,GRAPHIC DESIGNER,King Faisal Specialist Hospital & Research Centre,12/4/2019,Other Business Support Services,Maintenance Repair and Technician,0,Riyadh,0,0
53295385,Consultant Neurology - Stroke,King Fahad Medical City,12/3/2019,Medical Hospital,Maintenance Repair and Technician,0,Riyadh,0,0
53249511,Product Strategist Manager,Accenture,11/29/2019,Other Business Support Services,Maintenance Repair and Technician,0,Riyadh,0,0
53250424,Construction Supervisor,AECOM,11/29/2019,Construction & Building,Maintenance Repair and Technician,0,Riyadh,0,0
53250658,Assistant Chef,King Faisal Specialist Hospital - 0,11/29/2019,Medical Hospital,Maintenance Repair and Technician,0,Riyadh,0,0
53250886,Consultant - Anesthesiology,King Saud University,11/29/2019,Medical Hospital,Maintenance Repair and Technician,0,NaN,0,0
53227904,Graduate assistant in Mechanical Engineering . (Saudi nationals only),King Fahd University of Petroleum and Minerals,11/28/2019,Other Business Support Services,Maintenance Repair and Technician,0,NaN,0,0
53221325,IIS Specialist,CC Staffing International,11/27/2019,IT Services,Maintenance Repair and Technician,0,NaN,0,0
53221535,Consultant - Anesthesiology,King Faisal Specialist Hospital - 0,11/27/2019,Medical Hospital,Maintenance Repair and Technician,0,Riyadh,0,0
53222406,Mechanical Maintenance Supervisors,Subnet RTA,11/27/2019,General Engineering Consultancy,Maintenance Repair and Technician,0,NaN,0,0
53208908,Supervisor-Maintenance,Marriott International Inc & Ritz Carlton Hotel Company L.L.C.,11/25/2019,Other Business Support Services,Maintenance Repair and Technician,0,Riyadh,0,0
53187974,Consultant - Palliative Care,King Faisal Specialist Hospital - 0,11/23/2019,Medical Hospital,Maintenance Repair and Technician,0,Riyadh,0,0
53161483,Performance Consultant,CC Staffing International,11/21/2019,IT Services,Maintenance Repair and Technician,0,NaN,0,0
53161497,DB2 LUW Specialist,CC Staffing International,11/21/2019,IT Services,Maintenance Repair and Technician,0,NaN,0,0
53138610,Manager I Technology Development Job,Tasnee,11/20/2019,Industrial Production,Maintenance Repair and Technician,0,Jubail,0,0
53146931,ENT Otolaryngologist Consultant - KSA,Global Medical Recruiting (GM Recruiting),11/20/2019,Other Business Support Services,Maintenance Repair and Technician,0,Khobar,0,0
53147076,Attendant-Door (Saudi National Only),Marriott International Inc & Ritz Carlton Hotel Company L.L.C.,11/20/2019,Other Business Support Services,Maintenance Repair and Technician,0,Riyadh,0,0
53147076,Attendant-Door (Saudi National Only),Marriott International Inc & Ritz Carlton Hotel Company L.L.C.,11/20/2019,Other Business Support Services,Maintenance Repair and Technician,0,Riyadh,0,0
53147106,F5 Specialist,CC Staffing International,11/20/2019,IT Services,Maintenance Repair and Technician,0,NaN,0,0
53133513,Process Improvement Lead,CC Staffing International,11/19/2019,IT Services,Maintenance Repair and Technician,0,NaN,0,0
53133641,Services Marketing Supervisor,CC Staffing International,11/19/2019,IT Services,Maintenance Repair and Technician,0,NaN,0,0
53133704,Captain Waiter,Marriott International Inc & Ritz Carlton Hotel Company L.L.C.,11/19/2019,Other Business Support Services,Maintenance Repair and Technician,0,Riyadh,0,0
53085866,Attendant-Spa,Marriott International Inc & Ritz Carlton Hotel Company L.L.C.,11/15/2019,Other Business Support Services,Maintenance Repair and Technician,0,Riyadh,0,0
53085961,Supervisor-Laundry,Marriott International Inc & Ritz Carlton Hotel Company L.L.C.,11/15/2019,Other Business Support Services,Maintenance Repair and Technician,0,Riyadh,0,0
53086052,Operator,CC Staffing International,11/15/2019,IT Services,Maintenance Repair and Technician,0,NaN,0,0
53086074,Windows Server Specialist,CC Staffing International,11/15/2019,IT Services,Maintenance Repair and Technician,0,NaN,0,0
53086306,Attendant-Bellstand,Marriott International Inc & Ritz Carlton Hotel Company L.L.C.,11/15/2019,Other Business Support Services,Maintenance Repair and Technician,0,Riyadh,0,0
53962191,Supervisor-Stewards,Marriott International Inc & Ritz Carlton Hotel Company L.L.C.,11/15/2019,Other Business Support Services,Maintenance Repair and Technician,0,Riyadh,0,0
53040746,ASSISTANT CHIEF STEWARD,InterContinental Hotels Group,11/12/2019,Hospitality & Accomodation,Maintenance Repair and Technician,0,Riyadh,0,0
53033607,Cloud Infrastructure Service Delivery Senior Manager,Accenture,11/11/2019,Other Business Support Services,Maintenance Repair and Technician,0,Riyadh,0,0
53033698,Product Design Lead,Accenture,11/11/2019,Other Business Support Services,Maintenance Repair and Technician,0,Riyadh,0,0
53033779,Solution Designer,Accenture,11/11/2019,Other Business Support Services,Maintenance Repair and Technician,0,Riyadh,0,0
53045606,Management Consulting Manager,Accenture,11/11/2019,Other Business Support Services,Maintenance Repair and Technician,0,Riyadh,0,0
52994193,Consultant - Intensive Care,King Faisal Specialist Hospital - Madinah,11/8/2019,Medical Hospital,Maintenance Repair and Technician,0,Medina,0,0
53008121,ASSISTANT BUYER PURCHASING,King Faisal Specialist Hospital & Research Centre,11/8/2019,Other Business Support Services,Maintenance Repair and Technician,0,Riyadh,0,0
53008191,MANAGER PURCHASING,King Faisal Specialist Hospital & Research Centre,11/8/2019,Other Business Support Services,Maintenance Repair and Technician,0,Riyadh,0,0
53721198,Helper,Almansoori,11/8/2019,Oil & Gas,Maintenance Repair and Technician,0,NaN,0,0
52963617,Technician Analyzer Job,Tasnee,11/7/2019,Industrial Production,Maintenance Repair and Technician,0,Jubail,0,0
52971929,Supervisor-Housekeeping,Marriott International Inc & Ritz Carlton Hotel Company L.L.C.,11/7/2019,Other Business Support Services,Maintenance Repair and Technician,0,Riyadh,0,0
52972096,Consultant - Adult Hematology,King Faisal Specialist Hospital - Madinah,11/7/2019,Medical Hospital,Maintenance Repair and Technician,0,Medina,0,0
52951520,Snr Supv Electrical Job,Tasnee,11/6/2019,Industrial Production,Maintenance Repair and Technician,0,Jubail,0,0
52909964,Team Lead Infrastructure,CC Staffing International,11/2/2019,IT Services,Maintenance Repair and Technician,0,NaN,0,0
52897795,Electronics Technician,CC Staffing International,11/1/2019,Other Business Support Services,Maintenance Repair and Technician,0,NaN,0,0
52898750,NETWORK ANALYST,King Faisal Specialist Hospital & Research Centre,11/1/2019,Other Business Support Services,Maintenance Repair and Technician,0,Riyadh,0,0
52844044,Electronics Engineer,CC Staffing International,10/29/2019,Other Business Support Services,Maintenance Repair and Technician,0,NaN,0,0
52779492,INVENTORY MANAGER,First Resort Global Recruitment,10/24/2019,Recruitment & Employee Placement Agency,Maintenance Repair and Technician,0,NaN,0,0
52779519,COFFEE SHOP MANAGER,First Resort Global Recruitment,10/24/2019,Recruitment & Employee Placement Agency,Maintenance Repair and Technician,0,NaN,0,0
52779520,Budgeting and Planning Manager Riyadh,First Resort Global Recruitment,10/24/2019,Recruitment & Employee Placement Agency,Maintenance Repair and Technician,0,Riyadh,0,0
52792848,Marketing Manager Al Khobar,First Resort Global Recruitment,10/24/2019,Recruitment & Employee Placement Agency,Maintenance Repair and Technician,0,Khobar,0,0
52792860,Planning Manager 0,First Resort Global Recruitment,10/24/2019,Recruitment & Employee Placement Agency,Maintenance Repair and Technician,0,0,0,0
52792876,Recruitment Manager Riyadh,First Resort Global Recruitment,10/24/2019,Recruitment & Employee Placement Agency,Maintenance Repair and Technician,0,Riyadh,0,0
52792891,Quality Manager Riyadh,First Resort Global Recruitment,10/24/2019,Recruitment & Employee Placement Agency,Maintenance Repair and Technician,0,Riyadh,0,0
52792917,CONTRACTS MANAGER,First Resort Global Recruitment,10/24/2019,Recruitment & Employee Placement Agency,Maintenance Repair and Technician,0,0,0,0
52792918,Commercial Manager Al Khobar,First Resort Global Recruitment,10/24/2019,Recruitment & Employee Placement Agency,Maintenance Repair and Technician,0,Khobar,0,0
52792920,Corporate Communications Manager 0,First Resort Global Recruitment,10/24/2019,Recruitment & Employee Placement Agency,Maintenance Repair and Technician,0,0,0,0
52792921,Warehouse Manager 0,First Resort Global Recruitment,10/24/2019,Recruitment & Employee Placement Agency,Maintenance Repair and Technician,0,0,0,0
52792923,Outlet General Manager Riyadh,First Resort Global Recruitment,10/24/2019,Recruitment & Employee Placement Agency,Maintenance Repair and Technician,0,Riyadh,0,0
52792933,PLANNING AND CONTROL MANAGER,First Resort Global Recruitment,10/24/2019,Recruitment & Employee Placement Agency,Maintenance Repair and Technician,0,NaN,0,0
52801879,Graphics Designer Al Khobar,First Resort Global Recruitment,10/24/2019,Recruitment & Employee Placement Agency,Maintenance Repair and Technician,0,Khobar,0,0
52804347,Operations Manager Al Khobar,First Resort Global Recruitment,10/24/2019,Recruitment & Employee Placement Agency,Maintenance Repair and Technician,0,Khobar,0,0
52804352,Contracts and Procurement Officer Khobar,First Resort Global Recruitment,10/24/2019,Recruitment & Employee Placement Agency,Maintenance Repair and Technician,0,Khobar,0,0
52804353,Executive Secretary to the CEO Al Khobar,First Resort Global Recruitment,10/24/2019,Recruitment & Employee Placement Agency,Maintenance Repair and Technician,0,Khobar,0,0
52805030,Hotel General Manager Riyadh,First Resort Global Recruitment,10/24/2019,Recruitment & Employee Placement Agency,Maintenance Repair and Technician,0,Riyadh,0,0
53022734,LOGISTICS MANAGER,First Resort Global Recruitment,10/24/2019,Recruitment & Employee Placement Agency,Maintenance Repair and Technician,0,Dammam,0,0
52771257,BHS Specialist,AECOM,10/23/2019,Construction & Building,Maintenance Repair and Technician,0,Riyadh,0,0
53519285,ASSISTANT TECHNICIAN,Almansoori,10/21/2019,Oil & Gas,Maintenance Repair and Technician,0,NaN,0,0
52564096,SWT Assistant Operator,Almansoori,10/6/2019,Oil & Gas,Maintenance Repair and Technician,0,NaN,0,0
52564216,SUPERVISOR,Almansoori,10/6/2019,Oil & Gas,Maintenance Repair and Technician,0,NaN,0,0
53721175,Helper,Almansoori,10/6/2019,Oil & Gas,Maintenance Repair and Technician,0,NaN,0,0
52530753,Director of Rooms,Four Seasons Hotels and Resorts,10/4/2019,Hospitality & Accomodation,Maintenance Repair and Technician,0,Riyadh,0,0
52517418,Technician III Furnace Mechanical Job,Tasnee,10/3/2019,Industrial Production,Maintenance Repair and Technician,0,Jizan,0,0
52441140,Manager PMT Job,Tasnee,9/28/2019,Industrial Production,Maintenance Repair and Technician,0,Jizan,0,0
52424720,Sr Supervisor Automation Job,Tasnee,9/27/2019,Industrial Production,Maintenance Repair and Technician,0,Jizan,0,0
52424721,Engineer I Electrical Job,Tasnee,9/27/2019,Industrial Production,Maintenance Repair and Technician,0,Jizan,0,0
52424722,Technician III E&I Job,Tasnee,9/27/2019,Industrial Production,Maintenance Repair and Technician,0,Jizan,0,0
52407052,Sr Specialist II Integration Job,Tasnee,9/26/2019,Industrial Production,Maintenance Repair and Technician,0,Riyadh,0,0
52412392,Consultant - Adult Cardiology,King Abdulaziz Medical City - 0,9/26/2019,Medical Hospital,Maintenance Repair and Technician,0,0,0,0
52412401,Consultant - Clinical Chemistry,King Abdulaziz Medical City - 0,9/26/2019,Medical Hospital,Maintenance Repair and Technician,0,0,0,0
52391483,Application Technical lead,CC Staffing International,9/25/2019,IT Services,Maintenance Repair and Technician,0,NaN,0,0
52392269,Senior Integration Developer,CC Staffing International,9/25/2019,IT Services,Maintenance Repair and Technician,0,NaN,0,0
52392275,Mainframe Security Consultant,CC Staffing International,9/25/2019,IT Services,Maintenance Repair and Technician,0,NaN,0,0
52393421,Consultant - General Pediatrics,Prince Mohammad Bin Abdulaziz Hospital - Madinah,9/25/2019,Medical Hospital,Maintenance Repair and Technician,0,Medina,0,0
52393461,Consultant - Anesthesia,Prince Mohammad Bin Abdulaziz Hospital - Madinah,9/25/2019,Medical Hospital,Maintenance Repair and Technician,0,Medina,0,0
52393464,Consultant - Chest Radiology,King Abdulaziz Medical City - 0,9/25/2019,Medical Hospital,Maintenance Repair and Technician,0,Riyadh,0,0
52393467,Consultant - Hematopathology,King Abdulaziz Medical City - 0,9/25/2019,Medical Hospital,Maintenance Repair and Technician,0,0,0,0
52393989,Consultant - Nephrology,Prince Mohammad Bin Abdulaziz Hospital - Madinah,9/25/2019,Medical Hospital,Maintenance Repair and Technician,0,Medina,0,0
52394001,Disaster Clinical Specialist,King Faisal Specialist Hospital - 0,9/25/2019,Medical Hospital,Maintenance Repair and Technician,0,Riyadh,0,0
52394010,Consultant Neuro-Ophthalmology,King Abdulaziz Medical City - 0,9/25/2019,Medical Hospital,Maintenance Repair and Technician,0,0,0,0
52394023,Consultant - ICU,King Abdulaziz Medical City - 0,9/25/2019,Medical Hospital,Maintenance Repair and Technician,0,Riyadh,0,0
52394025,Consultant - Internal Medicine,King Abdulaziz Medical City - 0,9/25/2019,Medical Hospital,Maintenance Repair and Technician,0,Riyadh,0,0
52394035,Consultant - Pediatric Radiology,King Abdulaziz Medical City - 0,9/25/2019,Medical Hospital,Maintenance Repair and Technician,0,Riyadh,0,0
52308084,"Executive-Sales ""Saudi""",Marriott International Inc & Ritz Carlton Hotel Company L.L.C.,9/19/2019,Other Business Support Services,Maintenance Repair and Technician,0,NaN,0,0
52308306,Executive Secretary - Female (Saudi Only),Marriott International Inc & Ritz Carlton Hotel Company L.L.C.,9/19/2019,Other Business Support Services,Maintenance Repair and Technician,0,NaN,0,0
51212233,VMWare VDI Specialist,CC Staffing International,9/4/2019,IT Services,Maintenance Repair and Technician,0,NaN,0,0
51212244,Middleware Specialist,CC Staffing International,9/4/2019,IT Services,Maintenance Repair and Technician,0,NaN,0,0
51212245,VMware Virtualization Specialist,CC Staffing International,9/4/2019,IT Services,Maintenance Repair and Technician,0,NaN,0,0
51212249,Senior Service Desk Specialist,CC Staffing International,9/4/2019,IT Services,Maintenance Repair and Technician,0,NaN,0,0
51212271,ITSM Expert,CC Staffing International,9/4/2019,IT Services,Maintenance Repair and Technician,0,NaN,0,0
51210972,Infrastructure Architect,CC Staffing International,9/3/2019,IT Services,Maintenance Repair and Technician,0,NaN,0,0
51202756,Director - Clinical Nursing,Hospital Confidential,8/30/2019,Medical Hospital,Maintenance Repair and Technician,0,NaN,0,0
51196800,Consultant - Abdominal Imaging,King Fahad Medical City,8/28/2019,Medical Hospital,Maintenance Repair and Technician,0,Riyadh,0,0
51196813,Consultant - Pediatric Radiology,King Fahad Medical City,8/28/2019,Medical Hospital,Maintenance Repair and Technician,0,Riyadh,0,0
51196815,Consultant - Radiation Oncology,King Fahad Medical City,8/28/2019,Medical Hospital,Maintenance Repair and Technician,0,Riyadh,0,0
51196822,Director - Breast Center,King Faisal Specialist Hospital - Madinah,8/28/2019,Medical Hospital,Maintenance Repair and Technician,0,Medina,0,0
51188745,Consultant - General Anesthesia,King Fahad Medical City,8/23/2019,Medical Hospital,Maintenance Repair and Technician,0,Riyadh,0,0
51188823,Director - Oncology Department,King Faisal Specialist Hospital - Madinah,8/23/2019,Medical Hospital,Maintenance Repair and Technician,0,Medina,0,0
52473452,Environmental Specialist,AECOM,8/23/2019,Construction & Building,Maintenance Repair and Technician,0,Riyadh,0,0
51185892,Consultant - Emergency Medicine,King Fahad Medical City,8/22/2019,Medical Hospital,Maintenance Repair and Technician,0,Riyadh,0,0
51183778,Consultant - NeuroAnesthesia,King Fahad Medical City,8/21/2019,Medical Hospital,Maintenance Repair and Technician,0,Riyadh,0,0
51183779,Consultant - Pediatric Anesthesia,King Fahad Medical City,8/21/2019,Medical Hospital,Maintenance Repair and Technician,0,Riyadh,0,0
51169604,Simulation Specialist II,King Faisal Specialist Hospital - 0,8/13/2019,Medical Hospital,Maintenance Repair and Technician,0,Riyadh,0,0
51169606,Simulation Specialist I,King Faisal Specialist Hospital - 0,8/13/2019,Medical Hospital,Maintenance Repair and Technician,0,Riyadh,0,0
51147295,Manufacturing Excellence SME Job,Tasnee,8/2/2019,Industrial Production,Maintenance Repair and Technician,0,Jubail,0,0
51073640,Supervisor - Anesthesia Technology,King Faisal Specialist Hospital - Madinah,7/3/2019,Medical Hospital,Maintenance Repair and Technician,0,Medina,0,0
51068446,Specialist I Ariba Job,Tasnee,7/2/2019,Industrial Production,Maintenance Repair and Technician,0,Jubail,0,0
51062905,Manager - Ambulance Services,King Faisal Specialist Hospital - Madinah,6/28/2019,Medical Hospital,Maintenance Repair and Technician,0,Medina,0,0
51062914,Director - Clinical Services,King Faisal Specialist Hospital - Madinah,6/28/2019,Medical Hospital,Maintenance Repair and Technician,0,Medina,0,0
51062914,Director - Clinical Services,King Faisal Specialist Hospital - Madinah,6/28/2019,Medical Hospital,Maintenance Repair and Technician,0,Medina,0,0
51047300,Digital Marketing Manager,Four Seasons Hotels and Resorts,6/24/2019,Hospitality & Accomodation,Maintenance Repair and Technician,0,Riyadh,0,0
51036753,Projects Control Manager,AECOM,6/19/2019,Construction & Building,Maintenance Repair and Technician,0,Riyadh,0,0
51020415,Consultant - Hematopathology,Prince Imam Abdulrahman Al Faisal Hospital - 0,6/12/2019,Medical Hospital,Maintenance Repair and Technician,0,Dammam,0,0
51020431,Consultant - Neonatology,Prince Imam Abdulrahman Al Faisal Hospital - 0,6/12/2019,Medical Hospital,Maintenance Repair and Technician,0,Dammam,0,0
51020439,Consultant - Clinical Pathology,Prince Imam Abdulrahman Al Faisal Hospital - 0,6/12/2019,Medical Hospital,Maintenance Repair and Technician,0,Dammam,0,0
51020440,Consultant - ENT / Otorhinolaryngology,Prince Imam Abdulrahman Al Faisal Hospital - 0,6/12/2019,Medical Hospital,Maintenance Repair and Technician,0,Dammam,0,0
51020446,Consultant - Critical Care (Adult),King Faisal Specialist Hospital - 0,6/12/2019,Medical Hospital,Maintenance Repair and Technician,0,Riyadh,0,0
51020449,Consultant - Nephrology,Prince Imam Abdulrahman Al Faisal Hospital - 0,6/12/2019,Medical Hospital,Maintenance Repair and Technician,0,Dammam,0,0
51020454,Consultant - Prosthodontics,Prince Imam Abdulrahman Al Faisal Hospital - 0,6/12/2019,Medical Hospital,Maintenance Repair and Technician,0,Dammam,0,0
51020461,Consultant - Neurosurgery,Prince Imam Abdulrahman Al Faisal Hospital - 0,6/12/2019,Medical Hospital,Maintenance Repair and Technician,0,Dammam,0,0
50994599,Bids Officer,CC Staffing International,5/31/2019,IT Services,Maintenance Repair and Technician,0,NaN,0,0
50991014,100 Female Staff Nurses for Hospital,Subnet RTA,5/30/2019,Medical Clinic,Maintenance Repair and Technician,0,0,0,0
50977774,Executive Director of Nursing Affairs,King Faisal Specialist Hospital - Madinah,5/23/2019,Medical Hospital,Maintenance Repair and Technician,0,Medina,0,0
50977874,Staff Nurse - HDU,King Faisal Specialist Hospital - Madinah,5/23/2019,Medical Hospital,Maintenance Repair and Technician,0,Medina,0,0
50977903,Staff Nurse - PACU,King Faisal Specialist Hospital - Madinah,5/23/2019,Medical Hospital,Maintenance Repair and Technician,0,Medina,0,0
50977910,Program Director - Nursing,King Faisal Specialist Hospital - Madinah,5/23/2019,Medical Hospital,Maintenance Repair and Technician,0,Medina,0,0
50977916,Staff Nurse - Day Surgical OR,King Faisal Specialist Hospital - Madinah,5/23/2019,Medical Hospital,Maintenance Repair and Technician,0,Medina,0,0
50977932,Nursing Supervisor,King Faisal Specialist Hospital - Madinah,5/23/2019,Medical Hospital,Maintenance Repair and Technician,0,Medina,0,0
50873866,Manager CSSD,King Faisal Specialist Hospital - Madinah,5/7/2019,Medical Hospital,Maintenance Repair and Technician,0,Medina,0,0
50911204,Anesthesia Technologist,King Faisal Specialist Hospital - Madinah,5/7/2019,Medical Hospital,Maintenance Repair and Technician,0,Medina,0,0
50864920,Consultant - Internal Medicine,King Faisal Specialist Hospital - Madinah,5/3/2019,Medical Hospital,Maintenance Repair and Technician,0,Medina,0,0
50867322,Consultant - Pediatric Anesthesia,King Faisal Specialist Hospital - Madinah,5/3/2019,Medical Hospital,Maintenance Repair and Technician,0,Medina,0,0
50871568,Consultant - Nephrology,King Faisal Specialist Hospital - Madinah,5/3/2019,Medical Hospital,Maintenance Repair and Technician,0,Medina,0,0
50892034,Consultant - Abdominal Radiology,King Faisal Specialist Hospital - Madinah,5/3/2019,Medical Hospital,Maintenance Repair and Technician,0,Medina,0,0
50892376,Consultant - Infectious Diseases,King Faisal Specialist Hospital - Madinah,5/3/2019,Medical Hospital,Maintenance Repair and Technician,0,Medina,0,0
50892934,Consultant - Women Imaging,King Faisal Specialist Hospital - Madinah,5/3/2019,Medical Hospital,Maintenance Repair and Technician,0,Medina,0,0
50892962,Consultant - Pediatric Nephrology,King Faisal Specialist Hospital - Madinah,5/3/2019,Medical Hospital,Maintenance Repair and Technician,0,Medina,0,0
50910097,Consultant - Pediatric Radiology,King Faisal Specialist Hospital - Madinah,5/3/2019,Medical Hospital,Maintenance Repair and Technician,0,Medina,0,0
50910974,Consultant - Surgery Urology,King Faisal Specialist Hospital - Madinah,5/3/2019,Medical Hospital,Maintenance Repair and Technician,0,Medina,0,0
50911052,Consultant - Surgery Pediatric,King Faisal Specialist Hospital - Madinah,5/3/2019,Medical Hospital,Maintenance Repair and Technician,0,Medina,0,0
50911159,Consultant - Pediatric Gastroenterology,King Faisal Specialist Hospital - Madinah,5/3/2019,Medical Hospital,Maintenance Repair and Technician,0,Medina,0,0
50911212,Consultant - Anesthesiology,King Faisal Specialist Hospital - Madinah,5/3/2019,Medical Hospital,Maintenance Repair and Technician,0,Medina,0,0
50866458,Senior Consultant - Adult Neurology/Neurosurgery,King Faisal Specialist Hospital - 0,4/13/2020,Medical Hospital,Maintenance Repair and Technician,0,Riyadh,0,0
50866465,Senior Consultant - Obstetrics and Gynecology,King Faisal Specialist Hospital - 0,4/13/2020,Medical Hospital,Maintenance Repair and Technician,0,Riyadh,0,0
50867426,Senior Consultant - Medical Oncology,King Faisal Specialist Hospital - 0,4/13/2020,Medical Hospital,Maintenance Repair and Technician,0,Riyadh,0,0
50869833,Senior Consultant - Anatomic Pathology,King Faisal Specialist Hospital - 0,4/13/2020,Medical Hospital,Maintenance Repair and Technician,0,Riyadh,0,0
50872643,Senior Consultant - Transplant Surgery Liver,King Faisal Specialist Hospital - 0,4/13/2020,Medical Hospital,Maintenance Repair and Technician,0,Riyadh,0,0
50878463,Senior Consultant - Emergency Medicine,King Faisal Specialist Hospital - 0,4/13/2020,Medical Hospital,Maintenance Repair and Technician,0,Riyadh,0,0
50880885,Senior Consultant - Radiology,King Faisal Specialist Hospital - 0,4/13/2020,Medical Hospital,Maintenance Repair and Technician,0,Riyadh,0,0
50880885,Senior Consultant - Radiology,King Faisal Specialist Hospital - 0,4/13/2020,Medical Hospital,Maintenance Repair and Technician,0,Riyadh,0,0
50890911,Senior Consultant - Critical Care,King Faisal Specialist Hospital - 0,4/13/2020,Medical Hospital,Maintenance Repair and Technician,0,Riyadh,0,0
50890950,Senior Consultant - Pediatrics,King Faisal Specialist Hospital - 0,4/13/2020,Medical Hospital,Maintenance Repair and Technician,0,Riyadh,0,0
50863783,Nurse - Education Coordinator,King Faisal Specialist Hospital - 0,4/12/2020,Medical Hospital,Maintenance Repair and Technician,0,0,0,0
50872980,eCommerce Sales & Stock Senior Manager,SmartRecruiters Jobs,4/12/2020,Automotive Dealership & Distributor,Maintenance Repair and Technician,0,0,0,0
50871308,Consultant - Pulmonology,Aldara Hospital and Medical Center,4/11/2020,Medical Hospital,Maintenance Repair and Technician,0,Riyadh,0,0
50871351,Consultant - ENT,Aldara Hospital and Medical Center,4/11/2020,Medical Hospital,Maintenance Repair and Technician,0,Riyadh,0,0
50819993,Specialist II EBS Security Job,Tasnee,3/12/2020,Industrial Production,Maintenance Repair and Technician,0,Riyadh,0,0
50796933,Carpenter cum Painter,SmartRecruiters Jobs,3/5/2020,Other Business Support Services,Maintenance Repair and Technician,0,Khobar,0,0
50729075,Sr. Message Broker & MQ Specialist,CC Staffing International,2/18/2020,IT Services,Maintenance Repair and Technician,0,NaN,0,0
50729314,Safety Officer,CC Staffing International,2/18/2020,Construction & Building,Maintenance Repair and Technician,0,NaN,0,0
50729347,Contracts Engineer- Mechanical,CC Staffing International,2/18/2020,Construction & Building,Maintenance Repair and Technician,0,NaN,0,0
50729690,Operations Manager,CC Staffing International,2/18/2020,FMCG,Maintenance Repair and Technician,0,NaN,0,0
50729860,Senior PSIM Engineer,CC Staffing International,2/18/2020,IT Services,Maintenance Repair and Technician,0,NaN,0,0
50729902,Control-M Administrator (Mainframe),CC Staffing International,2/18/2020,IT Services,Maintenance Repair and Technician,0,NaN,0,0
50729906,Junior PSIM Engineer,CC Staffing International,2/18/2020,IT Services,Maintenance Repair and Technician,0,NaN,0,0
50710971,Aesthetic Technician (Senior) - KSA,Global Medical Recruiting (GM Recruiting),2/14/2020,Other Business Support Services,Maintenance Repair and Technician,0,NaN,0,0
50701662,Consultant - Neurophysiology,King Abdulaziz Medical City - 0,2/9/2020,Medical Hospital,Maintenance Repair and Technician,0,Riyadh,0,0
50701663,Consultant - Hepatobiliary,King Abdulaziz Medical City - 0,2/9/2020,Medical Hospital,Maintenance Repair and Technician,0,Riyadh,0,0
50701672,Consultant - Transplant Hepatology,King Abdulaziz Medical City - 0,2/9/2020,Medical Hospital,Maintenance Repair and Technician,0,Riyadh,0,0
50699364,Consultant - Infectious Diseases,King Abdulaziz Medical City - 0,2/8/2020,Medical Hospital,Maintenance Repair and Technician,0,0,0,0
50699365,Consultant - Anesthesia (Adult),King Abdulaziz Hospital - Al Ahsa,2/8/2020,Medical Hospital,Maintenance Repair and Technician,0,Alahsa,0,0
50699371,Consultant - Neurologist (Stroke),King Abdulaziz Medical City - 0,2/8/2020,Medical Hospital,Maintenance Repair and Technician,0,0,0,0
50699379,Consultant - Neurologist (Stroke),King Abdulaziz Medical City - 0,2/8/2020,Medical Hospital,Maintenance Repair and Technician,0,Riyadh,0,0
50699380,Consultant - Cardiology,King Abdulaziz Hospital - Al Ahsa,2/8/2020,Medical Hospital,Maintenance Repair and Technician,0,Alahsa,0,0
50699382,Consultant - Infectious Diseases,Prince Mohammad Bin Abdulaziz Hospital - Madinah,2/8/2020,Medical Hospital,Maintenance Repair and Technician,0,Medina,0,0
50699383,Consultant - Hematopathology,King Abdulaziz Medical City - 0,2/8/2020,Medical Hospital,Maintenance Repair and Technician,0,Riyadh,0,0
50699384,Consultant - Internal Medicine,King Abdulaziz Hospital - Al Ahsa,2/8/2020,Medical Hospital,Maintenance Repair and Technician,0,Alahsa,0,0
50699396,Consultant General Pediatrics,King Abdulaziz Hospital - Al Ahsa,2/8/2020,Medical Hospital,Maintenance Repair and Technician,0,Alahsa,0,0
50699397,Consultant Medical Imaging,King Abdulaziz Medical City - 0,2/8/2020,Medical Hospital,Maintenance Repair and Technician,0,0,0,0
50699400,Consultant Nephrology,King Abdulaziz Medical City - 0,2/8/2020,Medical Hospital,Maintenance Repair and Technician,0,Riyadh,0,0
50699402,Consultant Nephrology,King Abdulaziz Medical City - 0,2/8/2020,Medical Hospital,Maintenance Repair and Technician,0,0,0,0
50699421,Consultant - Plastic Surgery,King Abdulaziz Medical City - 0,2/8/2020,Medical Hospital,Maintenance Repair and Technician,0,Riyadh,0,0
50699437,Consultant Pulmonology/ICU,Prince Mohammad Bin Abdulaziz Hospital - Madinah,2/8/2020,Medical Hospital,Maintenance Repair and Technician,0,Medina,0,0
50699441,Consultant Medical Imaging,Prince Mohammad Bin Abdulaziz Hospital - Madinah,2/8/2020,Medical Hospital,Maintenance Repair and Technician,0,Medina,0,0
50695256,Nursing - Research Senior Specialist,King Faisal Specialist Hospital - 0,2/7/2020,Medical Hospital,Maintenance Repair and Technician,0,0,0,0
50686386,Interventional Cardiologist Consultant,Global Medical Recruiting (GM Recruiting),2/4/2020,Other Business Support Services,Maintenance Repair and Technician,0,NaN,0,0
50686387,Histopathologist Specialist,Global Medical Recruiting (GM Recruiting),2/4/2020,Other Business Support Services,Maintenance Repair and Technician,0,NaN,0,0
50686389,ENT Consultant,Global Medical Recruiting (GM Recruiting),2/4/2020,Other Business Support Services,Maintenance Repair and Technician,0,NaN,0,0
50686456,Plastic Surgeon Consultant,Global Medical Recruiting (GM Recruiting),2/4/2020,Other Business Support Services,Maintenance Repair and Technician,0,NaN,0,0
50686465,Pediatric ER Specialist,Global Medical Recruiting (GM Recruiting),2/4/2020,Other Business Support Services,Maintenance Repair and Technician,0,NaN,0,0
50686537,IVF Consultant,Global Medical Recruiting (GM Recruiting),2/4/2020,Other Business Support Services,Maintenance Repair and Technician,0,NaN,0,0
50686622,Neurologist Consultant,Global Medical Recruiting (GM Recruiting),2/4/2020,Other Business Support Services,Maintenance Repair and Technician,0,NaN,0,0
50686643,ICU Specialist,Global Medical Recruiting (GM Recruiting),2/4/2020,Other Business Support Services,Maintenance Repair and Technician,0,NaN,0,0
50686658,General Surgeon Specialist,Global Medical Recruiting (GM Recruiting),2/4/2020,Other Business Support Services,Maintenance Repair and Technician,0,NaN,0,0
50686693,Pediatrician Specialist,Global Medical Recruiting (GM Recruiting),2/4/2020,Other Business Support Services,Maintenance Repair and Technician,0,NaN,0,0
50686700,Radiologist Consultant,Global Medical Recruiting (GM Recruiting),2/4/2020,Other Business Support Services,Maintenance Repair and Technician,0,NaN,0,0
50686723,Emergency Medicine Specialist,Global Medical Recruiting (GM Recruiting),2/4/2020,Other Business Support Services,Maintenance Repair and Technician,0,NaN,0,0
50686727,Internal Medicine Specialist,Global Medical Recruiting (GM Recruiting),2/4/2020,Other Business Support Services,Maintenance Repair and Technician,0,NaN,0,0
50686732,OB/GYN Specialist,Global Medical Recruiting (GM Recruiting),2/4/2020,Other Business Support Services,Maintenance Repair and Technician,0,NaN,0,0
50686759,OB/GYN Consultant,Global Medical Recruiting (GM Recruiting),2/4/2020,Other Business Support Services,Maintenance Repair and Technician,0,NaN,0,0
50686766,Gastroenterologist Consultant,Global Medical Recruiting (GM Recruiting),2/4/2020,Other Business Support Services,Maintenance Repair and Technician,0,NaN,0,0
50686849,Microbiologist Specialist,Global Medical Recruiting (GM Recruiting),2/4/2020,Other Business Support Services,Maintenance Repair and Technician,0,NaN,0,0
50686917,Laboratory Consultant,Global Medical Recruiting (GM Recruiting),2/4/2020,Other Business Support Services,Maintenance Repair and Technician,0,NaN,0,0
50686921,Ophthalmologist Consultant,Global Medical Recruiting (GM Recruiting),2/4/2020,Other Business Support Services,Maintenance Repair and Technician,0,NaN,0,0
50686933,Radiologist Specialist,Global Medical Recruiting (GM Recruiting),2/4/2020,Other Business Support Services,Maintenance Repair and Technician,0,NaN,0,0
50686979,Emergency Medicine Consultant,Global Medical Recruiting (GM Recruiting),2/4/2020,Other Business Support Services,Maintenance Repair and Technician,0,NaN,0,0
50687043,Pediatrician Consultant,Global Medical Recruiting (GM Recruiting),2/4/2020,Other Business Support Services,Maintenance Repair and Technician,0,NaN,0,0
50687091,Orthopedic Consultant,Global Medical Recruiting (GM Recruiting),2/4/2020,Other Business Support Services,Maintenance Repair and Technician,0,NaN,0,0
50687114,Dermatologist Consultant,Global Medical Recruiting (GM Recruiting),2/4/2020,Other Business Support Services,Maintenance Repair and Technician,0,NaN,0,0
50687126,Emergency Medicine (ER) Specialist - KSA,Global Medical Recruiting (GM Recruiting),2/4/2020,Other Business Support Services,Maintenance Repair and Technician,0,NaN,0,0
50687130,Urologist Consultant,Global Medical Recruiting (GM Recruiting),2/4/2020,Other Business Support Services,Maintenance Repair and Technician,0,NaN,0,0
50687131,Emergency Medicine (ER) Consultant - KSA,Global Medical Recruiting (GM Recruiting),2/4/2020,Other Business Support Services,Maintenance Repair and Technician,0,Khobar,0,0
50680403,Staff Nurse I - Medical,King Faisal Specialist Hospital - 0,2/2/2020,Medical Hospital,Maintenance Repair and Technician,0,0,0,0
50680406,Staff Nurse I - Neuroscience,King Faisal Specialist Hospital - 0,2/2/2020,Medical Hospital,Maintenance Repair and Technician,0,0,0,0
50590655,Consultant - Rehabilitation Medicine,King Fahad Medical City,1/15/2020,Medical Hospital,Maintenance Repair and Technician,0,Riyadh,0,0
50590897,Senior Hospital Assistant,King Faisal Specialist Hospital - 0,1/15/2020,Medical Hospital,Maintenance Repair and Technician,0,Riyadh,0,0
50519248,Consultant - Cardiac Anesthesiology,King Faisal Specialist Hospital - 0,1/7/2020,Medical Hospital,Maintenance Repair and Technician,0,0,0,0
50527987,Quality Management Specialist I,Prince Imam Abdulrahman Al Faisal Hospital - 0,1/7/2020,Medical Hospital,Maintenance Repair and Technician,0,Dammam,0,0
50535862,Consultant - Plastic Surgery,Aldara Hospital and Medical Center,1/7/2020,Medical Hospital,Maintenance Repair and Technician,0,Riyadh,0,0
50535865,Consultant - Pediatric Urology,King Faisal Specialist Hospital - 0,1/7/2020,Medical Hospital,Maintenance Repair and Technician,0,Riyadh,0,0
50535866,Consultant - Prosthodontist,King Fahad Medical City,1/7/2020,Medical Hospital,Maintenance Repair and Technician,0,Riyadh,0,0
50535867,Consultant - Reproductive Endocrinology,King Faisal Specialist Hospital - 0,1/7/2020,Medical Hospital,Maintenance Repair and Technician,0,Riyadh,0,0
50535868,Consultant - Obstetrician & Gynecology,Aldara Hospital and Medical Center,1/7/2020,Medical Hospital,Maintenance Repair and Technician,0,Riyadh,0,0
50535872,Consultant - Pediatric Nephrology,King Fahad Medical City,1/7/2020,Medical Hospital,Maintenance Repair and Technician,0,Riyadh,0,0
50535876,Consultant - Infectious Diseases,King Abdulaziz Hospital - Al Ahsa,1/7/2020,Medical Hospital,Maintenance Repair and Technician,0,Alahsa,0,0
50535889,Consultant - Medical Oncology,King Faisal Specialist Hospital - 0,1/7/2020,Medical Hospital,Maintenance Repair and Technician,0,Riyadh,0,0
50535897,Consultant - Cardiology,King Khalid University Hospital,1/7/2020,Medical Hospital,Maintenance Repair and Technician,0,Riyadh,0,0
50535903,Consultant - Neuroradiology,King Faisal Specialist Hospital - 0,1/7/2020,Medical Hospital,Maintenance Repair and Technician,0,Riyadh,0,0
50535905,Consultant - Neuroradiology,King Faisal Specialist Hospital - 0,1/7/2020,Medical Hospital,Maintenance Repair and Technician,0,0,0,0
50535909,Consultant - Dermatology,King Faisal Specialist Hospital - Madinah,1/7/2020,Medical Hospital,Maintenance Repair and Technician,0,Medina,0,0
50535911,Consultant - ENT Surgery,Prince Imam Abdulrahman Al Faisal Hospital - 0,1/7/2020,Medical Hospital,Maintenance Repair and Technician,0,Dammam,0,0
50535915,Consultant - Anesthesiologist (Neuroanesthesia),King Faisal Specialist Hospital - 0,1/7/2020,Medical Hospital,Maintenance Repair and Technician,0,Riyadh,0,0
50535917,Consultant - PICU,King Faisal Specialist Hospital - 0,1/7/2020,Medical Hospital,Maintenance Repair and Technician,0,0,0,0
50535922,Consultant - Neurology,King Abdulaziz Hospital - Al Ahsa,1/7/2020,Medical Hospital,Maintenance Repair and Technician,0,Alahsa,0,0
50535925,Consultant - Emergency Medicine,Prince Mohammad Bin Abdulaziz Hospital - Madinah,1/7/2020,Medical Hospital,Maintenance Repair and Technician,0,Medina,0,0
50535928,Consultant - Anesthesiology,King Faisal Specialist Hospital - 0,1/7/2020,Medical Hospital,Maintenance Repair and Technician,0,0,0,0
50535940,Consultant - ICU,King Fahad Medical City,1/7/2020,Medical Hospital,Maintenance Repair and Technician,0,Riyadh,0,0
50535952,Consultant - Interventional Radiology,King Abdulaziz Hospital - Al Ahsa,1/7/2020,Medical Hospital,Maintenance Repair and Technician,0,Alahsa,0,0
50535954,Consultant - Internal Medicine,King Abdulaziz Medical City - 0,1/7/2020,Medical Hospital,Maintenance Repair and Technician,0,0,0,0
50535957,Consultant - Anesthesia,Prince Imam Abdulrahman Al Faisal Hospital - 0,1/7/2020,Medical Hospital,Maintenance Repair and Technician,0,Dammam,0,0
50535967,Program Director - Women/Infants,King Faisal Specialist Hospital - 0,1/7/2020,Medical Hospital,Maintenance Repair and Technician,0,Riyadh,0,0
50535994,Executive Financial Advisor,King Faisal Specialist Hospital - 0,1/7/2020,Medical Hospital,Maintenance Repair and Technician,0,Riyadh,0,0
50536001,Sleep Disorder Technician,King Saud Medical City,1/7/2020,Medical Hospital,Maintenance Repair and Technician,0,Riyadh,0,0
50536005,Senior Consultant General Anesthesiology,King Faisal Specialist Hospital - 0,1/7/2020,Medical Hospital,Maintenance Repair and Technician,0,Riyadh,0,0
50536012,Consultant Psychiatry,King Faisal Specialist Hospital - 0,1/7/2020,Medical Hospital,Maintenance Repair and Technician,0,Riyadh,0,0
50536015,Consultant - Radiation Oncology,King Faisal Specialist Hospital - 0,1/7/2020,Medical Hospital,Maintenance Repair and Technician,0,Riyadh,0,0
50536025,Consultant Endodontics,King Faisal Specialist Hospital - 0,1/7/2020,Medical Hospital,Maintenance Repair and Technician,0,Riyadh,0,0
50536027,Consultant - Transplant Nephrology,King Faisal Specialist Hospital - 0,1/7/2020,Medical Hospital,Maintenance Repair and Technician,0,0,0,0
50536034,Consultant - Women's Imaging,King Faisal Specialist Hospital - 0,1/7/2020,Medical Hospital,Maintenance Repair and Technician,0,Riyadh,0,0
50536039,Consultant Medical Imaging,Prince Imam Abdulrahman Al Faisal Hospital - 0,1/7/2020,Medical Hospital,Maintenance Repair and Technician,0,Dammam,0,0
50536041,Nursing Quality Manager,King Faisal Specialist Hospital - 0,1/7/2020,Medical Hospital,Maintenance Repair and Technician,0,Riyadh,0,0
50536057,Consultant - Psychiatry,Prince Imam Abdulrahman Al Faisal Hospital - 0,1/7/2020,Medical Hospital,Maintenance Repair and Technician,0,Dammam,0,0
50536100,Consultant - Oncology,King Abdulaziz Hospital - Al Ahsa,1/7/2020,Medical Hospital,Maintenance Repair and Technician,0,Alahsa,0,0
50536147,Director of Clinical Nursing,Prince Mohammad Bin Abdulaziz Hospital - Madinah,1/7/2020,Medical Hospital,Maintenance Repair and Technician,0,Medina,0,0
50536362,Consultant - Anesthesia & Pain,King Faisal Specialist Hospital - 0,1/7/2020,Medical Hospital,Maintenance Repair and Technician,0,Riyadh,0,0
50536382,Consultant - Transplant Pulmonology,King Faisal Specialist Hospital - 0,1/7/2020,Medical Hospital,Maintenance Repair and Technician,0,Riyadh,0,0
50536386,Neurophysiology Technologist,King Faisal Specialist Hospital - 0,1/7/2020,Medical Hospital,Maintenance Repair and Technician,0,Riyadh,0,0
50536398,Director - Clinical Nursing,King Abdulaziz Medical City - 0,1/7/2020,Medical Hospital,Maintenance Repair and Technician,0,Riyadh,0,0
50536405,Consultant - Anesthesiologist (Obstetric),King Faisal Specialist Hospital - 0,1/7/2020,Medical Hospital,Maintenance Repair and Technician,0,Riyadh,0,0
50536422,Manager - Nursing Resource Systems,Prince Imam Abdulrahman Al Faisal Hospital - 0,1/7/2020,Medical Hospital,Maintenance Repair and Technician,0,Dammam,0,0
50536438,Consultant Neurosurgery,King Faisal Specialist Hospital - 0,1/7/2020,Medical Hospital,Maintenance Repair and Technician,0,Riyadh,0,0
50536458,Colorectal Cancer Patient Advisor,King Faisal Specialist Hospital - 0,1/7/2020,Medical Hospital,Maintenance Repair and Technician,0,Riyadh,0,0
50536471,Consultant - Infectious Diseases,King Faisal Specialist Hospital - 0,1/7/2020,Medical Hospital,Maintenance Repair and Technician,0,Riyadh,0,0
50536483,Consultant - Intensivist,King Faisal Specialist Hospital - 0,1/7/2020,Medical Hospital,Maintenance Repair and Technician,0,Riyadh,0,0
50536485,Consultant - Adult Cardiology,King Faisal Specialist Hospital - 0,1/7/2020,Medical Hospital,Maintenance Repair and Technician,0,Riyadh,0,0
50536486,Consultant - ICU,King Abdulaziz Medical City - 0,1/7/2020,Medical Hospital,Maintenance Repair and Technician,0,0,0,0
50536489,Consultant - Anatomic Pathology,King Faisal Specialist Hospital - 0,1/7/2020,Medical Hospital,Maintenance Repair and Technician,0,0,0,0
50536495,Manager - Quality Management,King Abdulaziz Medical City - 0,1/7/2020,Medical Hospital,Maintenance Repair and Technician,0,Riyadh,0,0
50536501,Staff Nurse I - Emergency,Prince Imam Abdulrahman Al Faisal Hospital - 0,1/7/2020,Medical Hospital,Maintenance Repair and Technician,0,Dammam,0,0
50536511,Staff Nurse (Obstetrics),King Abdulaziz Medical City - 0,1/7/2020,Medical Hospital,Maintenance Repair and Technician,0,Riyadh,0,0
50536520,Consultant - Abdominal Radiology,King Faisal Specialist Hospital - 0,1/7/2020,Medical Hospital,Maintenance Repair and Technician,0,Riyadh,0,0
50536532,Consultant - Pediatric Anesthesiologist,King Faisal Specialist Hospital - 0,1/7/2020,Medical Hospital,Maintenance Repair and Technician,0,Riyadh,0,0
50536568,Clinical Nurse Coordinator,King Faisal Specialist Hospital - 0,1/7/2020,Medical Hospital,Maintenance Repair and Technician,0,Riyadh,0,0
50536574,Consultant - Pediatric Pulmonology,King Faisal Specialist Hospital - 0,1/7/2020,Medical Hospital,Maintenance Repair and Technician,0,Riyadh,0,0
50536577,Consultant - Interventional and Diagnostic Neuroradiology,King Faisal Specialist Hospital - 0,1/7/2020,Medical Hospital,Maintenance Repair and Technician,0,Riyadh,0,0
50536584,Deputy Executive Director Nursing Affairs,King Faisal Specialist Hospital - 0,1/7/2020,Medical Hospital,Maintenance Repair and Technician,0,Riyadh,0,0
50536591,Consultant - Adult Oncology,King Faisal Specialist Hospital - Madinah,1/7/2020,Medical Hospital,Maintenance Repair and Technician,0,Medina,0,0
50536594,Consultant - Pediatric Nephrology,King Faisal Specialist Hospital - 0,1/7/2020,Medical Hospital,Maintenance Repair and Technician,0,0,0,0
50536596,Consultant Pediatric Ophthalmology,King Faisal Specialist Hospital - 0,1/7/2020,Medical Hospital,Maintenance Repair and Technician,0,Riyadh,0,0
50536599,Senior Consultant Medical Oncology,King Faisal Specialist Hospital - 0,1/7/2020,Medical Hospital,Maintenance Repair and Technician,0,0,0,0
50536607,Consultant - Emergency Medicine,King Abdulaziz Medical City - 0,1/7/2020,Medical Hospital,Maintenance Repair and Technician,0,0,0,0
50536615,Consultant Pediatric Pulmonology,King Fahad Medical City,1/7/2020,Medical Hospital,Maintenance Repair and Technician,0,Riyadh,0,0
50536618,Consultant - Pediatric Pulmonology,King Faisal Specialist Hospital - 0,1/7/2020,Medical Hospital,Maintenance Repair and Technician,0,0,0,0
50536629,Consultant - Ophthalmology,Aldara Hospital and Medical Center,1/7/2020,Medical Hospital,Maintenance Repair and Technician,0,Riyadh,0,0
50536630,Consultant - Anesthesia,King Saud Medical City,1/7/2020,Medical Hospital,Maintenance Repair and Technician,0,NaN,0,0
50536632,Consultant Pediatric Intensivist,King Faisal Specialist Hospital - 0,1/7/2020,Medical Hospital,Maintenance Repair and Technician,0,0,0,0
50536635,Nursing Supervisor,King Faisal Specialist Hospital - 0,1/7/2020,Medical Hospital,Maintenance Repair and Technician,0,Riyadh,0,0
50536646,Nurse Manager,Aldara Hospital and Medical Center,1/7/2020,Medical Hospital,Maintenance Repair and Technician,0,Riyadh,0,0
50536652,Supervisor - Interventional Radiology,King Saud Medical City,1/7/2020,Medical Hospital,Maintenance Repair and Technician,0,Riyadh,0,0
50536666,Consultant - Interventional Radiology,King Faisal Specialist Hospital - 0,1/7/2020,Medical Hospital,Maintenance Repair and Technician,0,Riyadh,0,0
50536673,Consultant - Adult Cardiology,King Faisal Specialist Hospital - 0,1/7/2020,Medical Hospital,Maintenance Repair and Technician,0,0,0,0
50536675,Senior Clinical Specialist Occupational Health,King Faisal Specialist Hospital - 0,1/7/2020,Medical Hospital,Maintenance Repair and Technician,0,Riyadh,0,0
50536680,Consultant - Plastic Surgery,King Abdulaziz Medical City - 0,1/7/2020,Medical Hospital,Maintenance Repair and Technician,0,0,0,0
50536692,Consultant - Interventional Radiology,King Faisal Specialist Hospital - 0,1/7/2020,Medical Hospital,Maintenance Repair and Technician,0,Riyadh,0,0
50536700,Program Director - Specialty Services,King Faisal Specialist Hospital - 0,1/7/2020,Medical Hospital,Maintenance Repair and Technician,0,0,0,0
50536701,Consultant - Pediatric Cardiology,King Abdulaziz Medical City - 0,1/7/2020,Medical Hospital,Maintenance Repair and Technician,0,0,0,0
50536703,Orthopedic Technician,King Faisal Specialist Hospital - 0,1/7/2020,Medical Hospital,Maintenance Repair and Technician,0,0,0,0
50536731,Consultant - Adult Urology,King Faisal Specialist Hospital - 0,1/7/2020,Medical Hospital,Maintenance Repair and Technician,0,Riyadh,0,0
50536740,Consultant - NICU,King Faisal Specialist Hospital - 0,1/7/2020,Medical Hospital,Maintenance Repair and Technician,0,0,0,0
50536743,Secretarial Training Coordinator,King Faisal Specialist Hospital - 0,1/7/2020,Medical Hospital,Maintenance Repair and Technician,0,Riyadh,0,0
50536746,Consultant - Intensivist,King Faisal Specialist Hospital - 0,1/7/2020,Medical Hospital,Maintenance Repair and Technician,0,0,0,0
50536753,Manager Ambulatory Services,King Faisal Specialist Hospital - 0,1/7/2020,Medical Hospital,Maintenance Repair and Technician,0,Riyadh,0,0
50536759,Consultant - Prosthodontics,King Faisal Specialist Hospital - 0,1/7/2020,Medical Hospital,Maintenance Repair and Technician,0,Riyadh,0,0
50536760,Consultant - Pediatric Radiology,King Faisal Specialist Hospital - 0,1/7/2020,Medical Hospital,Maintenance Repair and Technician,0,Riyadh,0,0
50536775,Staff Nurse I - Emergency,King Abdulaziz Medical City - 0,1/7/2020,Medical Hospital,Maintenance Repair and Technician,0,Riyadh,0,0
50536810,Senior Clinical Scientist Molecular Genetics,King Faisal Specialist Hospital - 0,1/7/2020,Medical Hospital,Maintenance Repair and Technician,0,Riyadh,0,0
50536824,Consultant - Cardiothoracic Anesthesiology,King Faisal Specialist Hospital - 0,1/7/2020,Medical Hospital,Maintenance Repair and Technician,0,Riyadh,0,0
50536839,Consultant - Pediatric Surgery,King Fahad Medical City,1/7/2020,Medical Hospital,Maintenance Repair and Technician,0,Riyadh,0,0
50536842,Consultant - Retina Surgery,King Faisal Specialist Hospital - 0,1/7/2020,Medical Hospital,Maintenance Repair and Technician,0,0,0,0
50536842,Consultant - Retina Surgery,King Faisal Specialist Hospital - 0,1/7/2020,Medical Hospital,Maintenance Repair and Technician,0,0,0,0
50536850,Consultant - General Surgery,King Abdulaziz Medical City - 0,1/7/2020,Medical Hospital,Maintenance Repair and Technician,0,0,0,0
50536851,Consultant - Critical Care,King Faisal Specialist Hospital - 0,1/7/2020,Medical Hospital,Maintenance Repair and Technician,0,Riyadh,0,0
50536854,Staff Nurse I,King Faisal Specialist Hospital - 0,1/7/2020,Medical Hospital,Maintenance Repair and Technician,0,0,0,0
50536857,Program Director - Magnet,King Faisal Specialist Hospital - 0,1/7/2020,Medical Hospital,Maintenance Repair and Technician,0,Riyadh,0,0
50549740,Director of Nursing,King Abdulaziz Medical City - 0,1/7/2020,Medical Hospital,Maintenance Repair and Technician,0,Riyadh,0,0
50551599,Consultant - Anatomic Pathology,King Abdulaziz Hospital - Al Ahsa,1/7/2020,Medical Hospital,Maintenance Repair and Technician,0,Alahsa,0,0
50552991,Consultant - Colorectal Surgery,King Faisal Specialist Hospital - 0,1/7/2020,Medical Hospital,Maintenance Repair and Technician,0,0,0,0
50553026,Consultant - Hematopathology,King Abdulaziz Hospital - Al Ahsa,1/7/2020,Medical Hospital,Maintenance Repair and Technician,0,Alahsa,0,0
50554002,Consultant - Neurophysiology,King Fahad Medical City,1/7/2020,Medical Hospital,Maintenance Repair and Technician,0,Riyadh,0,0
50555761,Staff Nurse I - Medical Female,King Abdulaziz Medical City - 0,1/7/2020,Medical Hospital,Maintenance Repair and Technician,0,Riyadh,0,0
50555806,Staff Nurse - Pheresis,King Abdulaziz Medical City - 0,1/7/2020,Medical Hospital,Maintenance Repair and Technician,0,0,0,0
50556038,Consultant - Vascular Surgery,King Faisal Specialist Hospital - 0,1/7/2020,Medical Hospital,Maintenance Repair and Technician,0,0,0,0
50556247,Consultant Pediatric Endocrinology,King Faisal Specialist Hospital - 0,1/7/2020,Medical Hospital,Maintenance Repair and Technician,0,Riyadh,0,0
50556357,Director - Breast Surgery,King Faisal Specialist Hospital - 0,1/7/2020,Medical Hospital,Maintenance Repair and Technician,0,Riyadh,0,0
50556646,Laboratory Supervisor (Chemistry),King Saud Medical City,1/7/2020,Medical Hospital,Maintenance Repair and Technician,0,Riyadh,0,0
4175452,Project Site Engineer,0,4/6/2020,Telecommunications; Electric Power Production & Transmission,Management,0,Khobar,40,0
4177076,Operations Director,Kinetic Business Solutions,4/15/2020,Medical Clinic,Management,0,Riyadh,0,0
4177071,Operations Manager,Kinetic Business Solutions,4/15/2020,Medical Clinic,Management,0,Riyadh,0,0
4122512,supply chain manager,0,4/14/2020,Home & Office Furniture,Management,Bachelor's degree / higher diploma,Riyadh,45,0
4135188,Risk Manager,0,4/13/2020,Oil & Gas,Management,Bachelor's degree / higher diploma,Riyadh,0,0
4098780,Fire Station Manager ,0,4/12/2020,Safety & Environment,Management,0,0,40,0
4147399,Fire Station Manager,0,4/12/2020,Safety & Environment,Management,0,0,40,0
4158376,Sales Manager,0,4/8/2020,Industrial Production; FMCG,Management,Bachelor's degree / higher diploma,0,0,0
4175383,Credit & Risk Manager,0,4/6/2020,Installation & Technical Services,Management,Bachelor's degree / higher diploma,Dammam,0,0
4175140,Operations Manager,Buraidah,4/4/2020,FMCG,Management,Bachelor's degree / higher diploma,Buraidah,50,3000
4174945,Real Estate Manager - Property - KSA CP,M. H. Alshaya Company,4/2/2020,Wholesale & Import/Export Trade,Management,0,Riyadh,0,0
4174946,Senior Real Estate Manager - Property - KSA CP,M. H. Alshaya Company,4/2/2020,Wholesale & Import/Export Trade,Management,0,Riyadh,0,0
4174820,Warehouse Supervisor,Buraidah,4/1/2020,Supermarket; FMCG,Management,High school or equivalent,Buraidah,35,1000
4174766,General Manager,ManpowerGroup Middle East,4/1/2020,Recruitment & Employee Placement Agency,Management,Bachelor's degree / higher diploma,Riyadh,0,0
4174498,Head of Business - 0,0,3/31/2020,Business Process Outsourcing (BPO),Management,Bachelor's degree / higher diploma,0,0,0
4174285,Operations Manager,TAMKEEN DRIVING COMPANY,3/31/2020,IT Services,Management,Bachelor's degree / higher diploma,Khobar,0,0
4174387,Senior Manager (Supply Chain),Robert Walters,3/30/2020,Recruitment & Employee Placement Agency,Management,0,Riyadh,0,0
4174282,Office Manager,0,3/29/2020,Hardware & Building Materials,Management,Bachelor's degree / higher diploma,Dammam,40,3000
4174243,HSE Manager (With NEBOSH Diploma),MOBCO Group,3/29/2020,Construction & Building,Management,0,Riyadh,0,0
4174195,CEO - Saudi Arabia,Huxley Associates,3/29/2020,Accounting,Management,0,NaN,0,0
4174144,Network Planning Supervisor,Saudi Railway Company (SAR),3/27/2020,Metro & Rail Passenger Transport,Management,Bachelor's degree / higher diploma,Riyadh,0,0
4174139,Senior Mobile Operations Inspector,Saudi Railway Company (SAR),3/27/2020,Metro & Rail Passenger Transport,Management,Bachelor's degree / higher diploma,Riyadh,0,0
4174137,Network Operations Manager,Saudi Railway Company (SAR),3/27/2020,Metro & Rail Passenger Transport,Management,Bachelor's degree / higher diploma,Riyadh,0,0
4174132,Train Controller,Saudi Railway Company (SAR),3/27/2020,Metro & Rail Passenger Transport,Management,Bachelor's degree / higher diploma,Riyadh,0,0
4174131,Operations Control Centre Supervisor,Saudi Railway Company (SAR),3/27/2020,Metro & Rail Passenger Transport,Management,Bachelor's degree / higher diploma,Riyadh,0,0
4174122,Chief Train Controller,Saudi Railway Company (SAR),3/27/2020,Metro & Rail Passenger Transport,Management,Bachelor's degree / higher diploma,Riyadh,0,0
4173851,Release Management Lead,Huxley Associates,3/25/2020,Business Consultancy Services,Management,0,Riyadh,0,0
4173444,Country Operations Manager - Food Service,Michael Page,3/23/2020,Catering Food Service & Restaurant,Management,0,Riyadh,0,1500
4146648,„œÌ— ›—⁄ «·„œÌ‰… «·„‰Ê—…,0,3/22/2020,Financial Services,Management,Bachelor's degree / higher diploma,Medina,45,0
4173105,Manager Finance,Amiral,3/22/2020,FMCG,Management,Master's degree,Riyadh,0,0
4170429,„œÌ— «œ«—Ì,0,3/19/2020,Wholesale & Import/Export Trade,Management,0,Riyadh,0,0
4171756,Project Manager,Huxley Associates,3/18/2020,Banking,Management,0,NaN,0,0
4170218,„œÌ— „’‰⁄ Œ—”«‰… Ã«Â“…,0,3/17/2020,Construction & Building,Management,0,Mecca,0,0
4170996,Banquet  Manager,Nayyara  Banqueting  and Conference  Center ,3/17/2020,Catering Food Service & Restaurant,Management,Bachelor's degree / higher diploma,Riyadh,0,0
4147832,Shipping Manager - Kanoo Shipping (Saudi Nationals only),Yusuf Bin Ahmed Kanoo Group Of Companies - 0,3/15/2020,Maritime & Marine Engineering; Marine Transport Services,Management,0,0,0,0
4169498,GLOBAL CLIENT PARTNER,Wipro Limited - 0,3/15/2020,IT Services,Management,0,Khobar,0,0
4135176,Manager of Projects,0,3/15/2020,Oil & Gas,Management,Bachelor's degree / higher diploma,0,0,0
4023605,Program Integration Manager,0,3/15/2020,Oil & Gas,Management,0,0,0,0
4135185,Contracts Manager,0,3/15/2020,Oil & Gas,Management,0,Riyadh,0,0
4167807,Smartphone Maintenance Manager,0,3/12/2020,Telecommunications; Consumer Electronics,Management,Bachelor's degree / higher diploma,Riyadh,45,0
4167649,General Manager Operations & Maintenance - Oil & Gas,The Gulf Recruitment Group,3/12/2020,Oil & Gas,Management,Master's degree,Jubail,53,0
4165924,Executive Manager,Hussien Atieh & Sons Co.,3/10/2020,Construction & Building,Management,Bachelor's degree / higher diploma,Khobar,0,0
4165678,Store Manager ‚Äì Multinational Leading Jewellery Company,Robert Walters,3/10/2020,Recruitment & Employee Placement Agency,Management,0,Riyadh,0,0
4165623,Gym Manager,KUN International Sports.,3/10/2020,Sports & Outdoor Activities; Personal Services,Management,Bachelor's degree / higher diploma,0,45,0
4165568,Human Recourse Manager,Batook Holding,3/10/2020,FMCG,Management,Bachelor's degree / higher diploma,Dammam,40,0
4164595,Area Manager - Debenhams Cosmetics - KSA CP,M. H. Alshaya Company,3/9/2020,Wholesale & Import/Export Trade,Management,0,Riyadh,0,0
4152837,Property  & Facility Management ,‘—ﬂ… ” «— «·Œ·ÌÃ,3/8/2020,Accounting,Management,0,Riyadh,0,0
3762632,‰«∆» «·—∆Ì” ··‘∆Ê‰ «·≈œ«—Ì… Ê«·„«·Ì…,Al-Taknia for Telecommunication,3/6/2020,Telecommunications,Management,Bachelor's degree / higher diploma,Riyadh,0,0
4160407,Hotel Sales And Marketing Manager,0,3/5/2020,Hospitality & Accomodation,Management,Bachelor's degree / higher diploma,Riyadh,55,5000
4160098,Deputy Store Manager - Victoria's Secret - KSA CP,M. H. Alshaya Company,3/5/2020,Wholesale & Import/Export Trade,Management,0,Riyadh,0,0
4159321,Office and Operational Manager, ﬁ‰Ì«  «·⁄‰«Ì… «· Ã«—Ì…,3/4/2020,Medical & Healthcare Equipment,Management,Bachelor's degree / higher diploma,Khobar,40,0
3993643,Hook Up Project Manager,Zamil Offshore Services Company,3/3/2020,Oil & Gas; Maritime & Marine Engineering,Management,Bachelor's degree / higher diploma,0,55,0
4158330,Director Operation Support,Ash-Sharafiya,3/3/2020,Medical Clinic; Medical Hospital,Management,0,0,0,0
4158322,Unit Operation Manager,0,3/3/2020,Medical Clinic; Medical Hospital,Management,Bachelor's degree / higher diploma,0,0,0
4157419,Area Manager - Mothercare - KSA CP,M. H. Alshaya Company,3/2/2020,Wholesale & Import/Export Trade,Management,0,Riyadh,0,0
4156966,General Manager,ManpowerGroup Middle East,3/1/2020,Recruitment & Employee Placement Agency,Management,High school or equivalent,Riyadh,0,0
4156862,Live production Manager,Dahaban,3/1/2020,Food & Beverage Production,Management,Bachelor's degree / higher diploma,Dahaban,55,0
4156855,Entertainment Coordinator,ManpowerGroup Middle East,3/1/2020,Recruitment & Employee Placement Agency,Management,Bachelor's degree / higher diploma,Riyadh,0,0
4156840,Floor Manager,ManpowerGroup Middle East,3/1/2020,Recruitment & Employee Placement Agency,Management,0,Riyadh,0,0
4156838,Head Chef,ManpowerGroup Middle East,3/1/2020,Recruitment & Employee Placement Agency,Management,0,Riyadh,0,0
4156709,External Relationship Manager,Ash-Sharafiya,3/1/2020,Medical Hospital; Medical Clinic,Management,Bachelor's degree / higher diploma,0,0,0
4156363,Plant Manager,Industrial Area-Kharj Road,3/1/2020,Chemicals Manufacture,Management,0,Riyadh,0,0
4156340,Key Account Manager(Real Estate & Investment),0,3/1/2020,Facilities & Property Management,Management,0,Riyadh,0,0
4156332,F&B Manager,0,3/1/2020,Hospitality & Accomodation,Management,0,Riyadh,0,0
4155200,Planning Manager,Al Khinji Recruitment,2/27/2020,Recruitment & Employee Placement Agency; Construction & Building,Management,Bachelor's degree / higher diploma,Riyadh,0,0
4155083,Production Manager,Jazeera Paints Co,2/27/2020,Manufacturing,Management,Bachelor's degree / higher diploma,Khamis Mushait,0,0
4155080,Quality & Compliance Manager,0,2/27/2020,Distribution & Logistics,Management,Bachelor's degree / higher diploma,Riyadh,0,0
4155037,Ops Excellence Director,0,2/27/2020,Distribution & Logistics,Management,Bachelor's degree / higher diploma,Riyadh,0,0
4155027,Hospital Logistics Manager,0,2/27/2020,Distribution & Logistics,Management,Bachelor's degree / higher diploma,Riyadh,0,0
4155016,BRANCH MANAGER,KUN International Sports.,2/27/2020,Personal Services,Management,Bachelor's degree / higher diploma,0,0,0
4155020,Female Station Manager,Petromin Corporation,2/27/2020,Oil & Gas,Management,Certification / diploma,0,0,0
4154886,Mall Manager,Kinan International Real Estate Development Co.,2/27/2020,Real Estate,Management,Bachelor's degree / higher diploma,0,0,0
4154707,Stakeholder Director,Parsons - United Arab Emirates,2/27/2020,Construction & Building,Management,Bachelor's degree / higher diploma,Riyadh,0,0
4154531,„œÌ—  ‘€Ì· „ÿ«⁄„,‘—ﬂ… —ƒÌ… Œ«·œ «·„ÕœÊœ…,2/26/2020,Catering Food Service & Restaurant,Management,Bachelor's degree / higher diploma,Altaif,0,5000
4153625,Branch Manager (B2B),0,2/25/2020,Other Business Support Services,Management,0,Riyadh,0,0
4133310,Real Estate Manager,Future Careers Middle East Freezone LLC,2/25/2020,Catering Food Service & Restaurant; Real Estate,Management,Bachelor's degree / higher diploma,Riyadh,35,0
4152933,Operations Manager,Executive Solutions Employment Agency,2/24/2020,Motor Vehicle Passenger Transport,Management,0,Riyadh,0,0
4152778,HSE Manager,MOBCO Group,2/24/2020,Construction & Building,Management,0,Riyadh,0,0
4152657,Contracts & Claims Manager,MOBCO Group,2/24/2020,Construction & Building,Management,0,Riyadh,0,0
4152369,Head of Strategy,0,2/23/2020,Public Administration,Management,0,Riyadh,0,0
4152368,Change / Communication Manager,0,2/23/2020,Human Resources Outsourcing,Management,0,Riyadh,0,0
4152102,Corporate Services Manager (Saudi National) Up to SAR 40800 per month Riyadh,Sapphire Recruitment Consultants,2/23/2020,Human Resources Outsourcing,Management,Bachelor's degree / higher diploma,Riyadh,0,0
4152036,„’„„ Ã—«›Ìﬂ,Al-Shemal,2/23/2020,Wholesale & Import/Export Trade,Management,0,Riyadh,40,2000
4151894, Business Development Manager,0,2/22/2020,Administration Support Services; Corporate Management Office; Economics & Financial Consulting,Management,Bachelor's degree / higher diploma,Riyadh,0,3000
4151577,Project Manager,Swarco Saudi LLC,2/20/2020,Project & Construction Planning; Technical Maintenance & Repair; Installation & Technical Services,Management,Bachelor's degree / higher diploma,Riyadh,0,0
4151549,Facilities management manager,0,2/20/2020,Facilities & Property Management,Management,Bachelor's degree / higher diploma,Riyadh,0,0
4143664,Propety Managment Manager,MSQ Property,2/19/2020,Real Estate,Management,Bachelor's degree / higher diploma,0,40,0
4150933,Facilities Manager,0,2/19/2020,Construction & Building; Facilities & Property Management; Real Estate,Management,0,Dammam,0,0
4150854,Contracting Director,Elite Talents for Recruitment,2/18/2020,Construction & Building,Management,Bachelor's degree / higher diploma,Riyadh,0,0
4058405,Associate Operation manager,Hadia Abdul Latif Jameel Co. Ltd,2/18/2020,Real Estate; Facilities & Property Management,Management,Bachelor's degree / higher diploma,0,38,0
4150701,„ÊŸ› «œ«—Ì,Cigalah Group,2/18/2020,Medical & Healthcare Equipment,Management,Bachelor's degree / higher diploma,0,0,0
4150536,Store Manager,Tiffany & Co,2/18/2020,Watches & Luxury Goods,Management,0,Riyadh,0,30000
4150416,chief accountant,0,2/17/2020,Distribution & Logistics,Management,Bachelor's degree / higher diploma,Dammam,50,3000
4147654,E-Commerce Customer Experience G.M,Abdul Latif Jameel,2/17/2020,Automotive Dealership & Distributor,Management,Bachelor's degree / higher diploma,0,0,0
3944653,„œÌ— ≈œ«—… «·„Ì“«‰Ì…,PSDSARC,9/16/2019,Aerospace,Management,Bachelor's degree / higher diploma,Riyadh,0,0
3814221,Regional service manager,0,9/26/2019,Automotive Dealership & Distributor,Management,0,0,0,0
3707064,Relation Manager ,0,8/7/2019,Call Centers & Customer Care Outsourcing,Management,Bachelor's degree / higher diploma,0,0,2000
55077744,Project Management Officer,Merge,4/16/2020,Other Business Support Services,Management,0,Dammam,0,0
55077781,Head of branding and destination marketing,Carter Murray,4/16/2020,Other Business Support Services,Management,0,NaN,0,0
55083126,Senior Project Risk Manager,Worley ECR,4/16/2020,Other Business Support Services,Management,0,NaN,0,0
55083326,Program Manager - Operations,Afaq - Logistics Branch,4/16/2020,Other Business Support Services,Management,0,Riyadh,0,0
55072457,Assistant EBC Manager,Marriott International Inc & Ritz Carlton Hotel Company L.L.C.,4/15/2020,Other Business Support Services,Management,0,Riyadh,0,0
55056335,Nokia Software Project Manager,Nokia,4/14/2020,Other Business Support Services,Management,0,Riyadh,0,0
55060565,Project Manager,Worley ECR,4/14/2020,Other Business Support Services,Management,0,Khobar,0,0
54999774,Customer Project Manager,Ericsson,4/9/2020,Other Business Support Services,Management,0,0,0,0
54994240,ASSISTANT HEAD RESPIRATORY CARE SERVICES,King Faisal Specialist Hospital & Research Centre,4/8/2020,Other Business Support Services,Management,0,Riyadh,0,0
54977632,Project Manager,Worley,4/7/2020,Oil & Gas,Management,0,Khobar,0,0
54951148,Subcontract Program Manager/Mgr III Subcontract PM,Raytheon ,4/4/2020,Other Business Support Services,Management,0,Riyadh,0,0
54873929,Territory Sales Manager,Oracle - Egypt,3/31/2020,IT Services,Management,0,0,0,0
54860964,CEO - Saudi Arabia,Huxley,3/30/2020,Other Business Support Services,Management,0,NaN,0,0
54851836,Assistant Manager - Human Resources (Saudi Nationals),Grand Hyatt Al 0,3/29/2020,Other Business Support Services,Management,0,0,0,0
54856997,Cost Engineer ‚Äì Unconventional Resources Engineering and project Management,Aramco Services Company,3/28/2020,Oil & Gas,Management,0,NaN,0,0
54881312,Project Manager,Aramco Services Company,3/28/2020,Oil & Gas,Management,0,NaN,0,0
54824805,Assistant Manager - Housing,Grand Hyatt Al 0,3/27/2020,Other Business Support Services,Management,0,0,0,0
54824877,Senior PMO,CC Staffing International,3/27/2020,Other Business Support Services,Management,0,NaN,0,0
54778052,Demand Management Team Leader,BAE SYSTEMS,3/24/2020,Management Consulting,Management,0,NaN,0,0
54726729,Assistant Manager - Housekeeping,Grand Hyatt Al 0,3/20/2020,Other Business Support Services,Management,0,0,0,0
54744734,Assistant Purchasing Manager (Saudi National),Fairmont Dubai,3/19/2020,Other Business Support Services,Management,0,Riyadh,0,0
54684008,IT Project Manager - PMO,CC Staffing International,3/18/2020,Other Business Support Services,Management,0,NaN,0,0
54671526,Project Management ASM-Project Manager,Wipro,3/17/2020,IT Services,Management,0,Riyadh,0,0
54674768,Banquet Manager,Nayyara,3/17/2020,Hospitality & Accomodation,Management,Bachelor's degree / higher diploma,Riyadh,0,0
54640142,Team Leader - Engineering (Electrical),Grand Hyatt Al 0,3/15/2020,Other Business Support Services,Management,0,0,0,0
54640312,Assistant Manager - Stewarding,Grand Hyatt Al 0,3/15/2020,Other Business Support Services,Management,0,0,0,0
54640328,Assistant Purchasing Manager (Locals),Hyatt Regency Makkah Jabal Omar,3/15/2020,Other Business Support Services,Management,0,Mecca,0,0
54640350,Assistant Spa Manager (Female),Grand Hyatt Al 0,3/15/2020,Other Business Support Services,Management,0,0,0,0
54640355,Team Leader - Engineering (Air Condition & Refrigeration),Grand Hyatt Al 0,3/15/2020,Other Business Support Services,Management,0,0,0,0
54640395,Assistant Manager - Engineering,Grand Hyatt Al 0,3/15/2020,Other Business Support Services,Management,0,0,0,0
54640415,Assistant Manager - Outlet,Grand Hyatt Al 0,3/15/2020,Other Business Support Services,Management,0,0,0,0
54640416,Assistant Manager - Event Services,Grand Hyatt Al 0,3/15/2020,Other Business Support Services,Management,0,0,0,0
54640417,Purchasing Team Leader (Local Nationals Only),Hyatt Regency Makkah Jabal Omar,3/15/2020,Other Business Support Services,Management,0,Mecca,0,0
54640511,Team Leader - Engineering(Audio Visual),Grand Hyatt Al 0,3/15/2020,Other Business Support Services,Management,0,0,0,0
54640520,Team Leader - Laundry,Grand Hyatt Al 0,3/15/2020,Other Business Support Services,Management,0,0,0,0
54640554,Assistant Hygiene Manager (Local),Hyatt Regency Makkah Jabal Omar,3/15/2020,Other Business Support Services,Management,0,Mecca,0,0
54640555,Team Leader Stewarding (With Transferable IQAMA),Hyatt Regency Makkah Jabal Omar,3/15/2020,Other Business Support Services,Management,0,Mecca,0,0
54640673,Team Leader - Stewarding,Grand Hyatt Al 0,3/15/2020,Other Business Support Services,Management,0,0,0,0
54640708,Team Leader - Engineering (Plumbing),Grand Hyatt Al 0,3/15/2020,Other Business Support Services,Management,0,0,0,0
54641552,Assistant Security Manager,Grand Hyatt Al 0,3/15/2020,Private Security Services,Management,0,0,0,0
54624726,Global Program Manager,johnsoncontrols,3/14/2020,Other Business Support Services,Management,0,NaN,0,0
54603690,Head of Nokia Software R&D Saudi,Nokia,3/13/2020,Other Business Support Services,Management,0,Riyadh,0,0
54588523,Head of Operations @ LUNCH:ON,Endeavor,3/12/2020,Other Business Support Services,Management,0,Riyadh,0,0
54538963,Supply Network Associate Manager,Procter & Gamble,3/10/2020,Other Business Support Services,Management,0,0,0,0
54529257,Claims Specialist / Quantity Surveyor (International Assignment),Bechtel Corporation,3/9/2020,Other Business Support Services,Management,0,Riyadh,0,0
54529333,Lead Claims Writer (International Assignment),Bechtel Corporation,3/9/2020,Other Business Support Services,Management,0,Riyadh,0,0
54494368,Project Management - Comm-Project Manager,Wipro,3/7/2020,IT Services,Management,0,Riyadh,0,0
54424351,PROJECT MANAGER (CONSTRUCTION),Zamil Group Holding Company,3/4/2020,Construction & Building,Management,0,Khobar,0,0
54431790,PMO Senior Specialist,Mega Project,3/4/2020,Other Business Support Services,Management,0,Riyadh,0,0
54432633,PMO Specialist,Mega Project,3/4/2020,Other Business Support Services,Management,0,Riyadh,0,0
54432664,PMO Manager,Mega Project,3/4/2020,Other Business Support Services,Management,0,Riyadh,0,0
54378472,Assistant Brand Manager,SmartRecruiters Jobs,3/2/2020,Other Business Support Services,Management,0,0,0,0
54299237,Head Chef,reeqwest,2/27/2020,Other Business Support Services,Management,0,NaN,0,0
54243668,Head Chef - AE433853,Manpower,2/25/2020,FMCG,Management,0,NaN,0,0
54255073,PROJECT COORDINATOR II,King Faisal Specialist Hospital & Research Centre,2/25/2020,Other Business Support Services,Management,0,Riyadh,0,0
54243516,Senior Internal Auditor,AL FOZAN GROUP,2/24/2020,Other Business Support Services,Management,Bachelor's degree / higher diploma,Khobar,0,0
54182861,Project Manager,reeqwest,2/21/2020,Other Business Support Services,Management,0,NaN,0,0
54207210,CONSULTANT PROJECT MANAGEMENT,King Faisal Specialist Hospital & Research Centre,2/18/2020,Other Business Support Services,Management,0,0,0,0
54454314,Core Banking-Project Manager,Wipro,2/12/2020,IT Services,Management,0,Riyadh,0,0
53851263,Project Manager,Nokia,2/5/2020,Other Business Support Services,Management,0,Riyadh,0,0
53810271,Customer Project Manager Experienced RAN,Ericsson,1/29/2020,Other Business Support Services,Management,0,Riyadh,0,0
53806906,Care Project Manager,Nokia,1/28/2020,Other Business Support Services,Management,0,Riyadh,0,0
53793042,Management Secretary,Modern Bus Company Ltd,1/22/2020,Other Business Support Services,Management,0,Mecca,0,0
53793052,Interface Manager,Modern Bus Company Ltd,1/22/2020,Other Business Support Services,Management,0,Mecca,0,0
53795458,Project Manager Network and Infrastructure,CC Staffing International,1/22/2020,IT Services,Management,0,NaN,0,0
53789201,Calypso Consultant/Associate Manager,Accenture,1/21/2020,Other Business Support Services,Management,0,Riyadh,0,0
53781041,Risk Management Specialist,Nayyara,1/20/2020,Hospitality & Accomodation,Management,Bachelor's degree / higher diploma,Riyadh,0,0
53749519,Project Manager - Theme Park / Entertainment,Contact Centers Company (CCC),1/15/2020,Management Consulting,Management,0,NaN,0,0
53751238,Project Director - Theme Park / Entertainment,Contact Centers Company (CCC),1/15/2020,Management Consulting,Management,0,NaN,0,0
53721407,Assistant Restaurant Manager,Marriott International Inc & Ritz Carlton Hotel Company L.L.C.,1/13/2020,Other Business Support Services,Management,0,Riyadh,0,0
53548120,Transformation Manager (PMO) - KSA,Chalhoub Group,12/27/2019,Other Business Support Services,Management,0,NaN,0,0
53540068,Assistant Nurse Manager- PICU - Al Ahsa,Pulse International,12/26/2019,Medical Hospital,Management,0,NaN,0,0
53720450,PROJECT MANAGEMENT ÔøΩ DAAI-IM-Project Manager,Wipro,12/24/2019,IT Services,Management,0,Riyadh,0,0
53504409,Assistant Brand Manager,Procter & Gamble,12/23/2019,Other Business Support Services,Management,0,0,0,0
53307245,Head Nurse,King Saud University,12/4/2019,Medical Hospital,Management,0,Riyadh,0,0
53198865,”ﬂ— Ì—  ‰›Ì–Ì,0,11/24/2019,Industrial Production,Management,Bachelor's degree / higher diploma,NaN,0,0
53134174,IT PROGRAM MANAGER,King Faisal Specialist Hospital & Research Centre,11/19/2019,Other Business Support Services,Management,0,Riyadh,0,0
53086105,Head Barista,Marriott International Inc & Ritz Carlton Hotel Company L.L.C.,11/15/2019,Other Business Support Services,Management,0,Riyadh,0,0
52972126,Consultant - Surgery ENT (Head and neck),King Faisal Specialist Hospital - Madinah,11/7/2019,Medical Hospital,Management,0,Medina,0,0
52780079,Head of Legal and Administration Riyadh,First Resort Global Recruitment,10/24/2019,Recruitment & Employee Placement Agency,Management,0,Riyadh,0,0
52804350,CEO Riyadh,First Resort Global Recruitment,10/24/2019,Recruitment & Employee Placement Agency,Management,0,Riyadh,0,0
53102830,Assistant Procurement Manager,First Resort Global Recruitment,10/24/2019,Recruitment & Employee Placement Agency,Management,0,Dammam,0,0
53102854,PROJECT COORDINATOR,First Resort Global Recruitment,10/24/2019,Recruitment & Employee Placement Agency,Management,0,0,0,0
52564079,Project Manager,Almansoori,10/6/2019,Oil & Gas,Management,0,NaN,0,0
51823031,Home Care Head Nurse - SAUDI-ARABIA,Global Medical Recruiting (GM Recruiting),9/13/2019,Other Business Support Services,Management,0,NaN,0,0
51212246,Business Continuity Lead,CC Staffing International,9/4/2019,IT Services,Management,0,NaN,0,0
51188833,Section Head - Emergency Room,King Faisal Specialist Hospital - Madinah,8/23/2019,Medical Hospital,Management,0,Medina,0,0
51073474,Head - Clinical Radiology,King Faisal Specialist Hospital - Madinah,7/3/2019,Medical Hospital,Management,0,Medina,0,0
51073480,Head - Respiratory Care Services,King Faisal Specialist Hospital - Madinah,7/3/2019,Medical Hospital,Management,0,Medina,0,0
51073487,Head - Physical Therapy,King Faisal Specialist Hospital - Madinah,7/3/2019,Medical Hospital,Management,0,Medina,0,0
51073533,Head - Nutrition Services,King Faisal Specialist Hospital - Madinah,7/3/2019,Medical Hospital,Management,0,Medina,0,0
51055036,Chairman - Oncology,King Faisal Specialist Hospital - 0,6/26/2019,Medical Hospital,Management,0,0,0,0
51004755,Section Head - Family Medicine,King Faisal Specialist Hospital - Madinah,6/4/2019,Medical Hospital,Management,0,Medina,0,0
51004772,Section Head - Cardiology,King Faisal Specialist Hospital - Madinah,6/4/2019,Medical Hospital,Management,0,Medina,0,0
51004776,Section Head - Adult Critical Care,King Faisal Specialist Hospital - Madinah,6/4/2019,Medical Hospital,Management,0,Medina,0,0
51004793,Section Head - Urology,King Faisal Specialist Hospital - Madinah,6/4/2019,Medical Hospital,Management,0,Medina,0,0
51004794,Section Head - Pediatric Critical Care,King Faisal Specialist Hospital - Madinah,6/4/2019,Medical Hospital,Management,0,Medina,0,0
50977771,Head Nurse - Day Surgical OR,King Faisal Specialist Hospital - Madinah,5/23/2019,Medical Hospital,Management,0,Medina,0,0
50977775,Assistant Head Nurse - Medical/Surgical Day Care Unit,King Faisal Specialist Hospital - Madinah,5/23/2019,Medical Hospital,Management,0,Medina,0,0
50977776,Assistant Head Nurse - PACU,King Faisal Specialist Hospital - Madinah,5/23/2019,Medical Hospital,Management,0,Medina,0,0
50977780,Assistant Head Nurse - Protocol Clinics,King Faisal Specialist Hospital - Madinah,5/23/2019,Medical Hospital,Management,0,Medina,0,0
50977830,Assistant Head Nurse - Regular Patient Room,King Faisal Specialist Hospital - Madinah,5/23/2019,Medical Hospital,Management,0,Medina,0,0
50977846,Head Nurse - Medical/Surgical Day Care Unit,King Faisal Specialist Hospital - Madinah,5/23/2019,Medical Hospital,Management,0,Medina,0,0
50977862,Head Nurse - Regular Patient Room,King Faisal Specialist Hospital - Madinah,5/23/2019,Medical Hospital,Management,0,Medina,0,0
50977920,Head Nurse - Outpatient Clinics,King Faisal Specialist Hospital - Madinah,5/23/2019,Medical Hospital,Management,0,Medina,0,0
50873312,Consultant - Pediatric Hematology Oncology,King Faisal Specialist Hospital - Madinah,5/3/2019,Medical Hospital,Management,0,Medina,0,0
50898705,Project Coordinator,CC Staffing International,4/25/2019,Construction & Building,Management,0,NaN,0,0
50901936,Project BIM Manager,AECOM,4/18/2020,Construction & Building,Management,0,Riyadh,0,0
50872718,Head Nurse - Protocol Unit,King Faisal Specialist Hospital - 0,4/12/2020,Medical Hospital,Management,0,0,0,0
50729835,Project Manager - Banking,CC Staffing International,2/18/2020,IT Services,Management,0,NaN,0,0
50695249,Head - Medical/Critical Care Pharmacy,King Faisal Specialist Hospital - 0,2/7/2020,Medical Hospital,Management,0,Riyadh,0,0
50695253,Head - Oncology Pharmacy KACO&LD,King Faisal Specialist Hospital - 0,2/7/2020,Medical Hospital,Management,0,Riyadh,0,0
50680351,Head Nurse - Operating Room,King Faisal Specialist Hospital - 0,2/2/2020,Medical Hospital,Management,0,0,0,0
50680409,Staff Nurse I - Pediatric Oncology,King Faisal Specialist Hospital - 0,2/2/2020,Medical Hospital,Management,0,0,0,0
50563590,Lead Security (Team Leader Security) - Saudi National Only,Hyatt Place,1/8/2020,Private Security Services,Management,0,Riyadh,0,0
50523142,Assistant Head Nurse - Medical/Surgical VIP,King Faisal Specialist Hospital - 0,1/7/2020,Medical Hospital,Management,0,Riyadh,0,0
50526708,Head Nurse - L&D / A1 Post Partum,King Faisal Specialist Hospital - 0,1/7/2020,Medical Hospital,Management,0,Riyadh,0,0
50535863,Consultant - Otolaryngology Head & Neck Surgery,King Faisal Specialist Hospital - 0,1/7/2020,Medical Hospital,Management,0,Riyadh,0,0
50535871,Consultant - Pediatric Hematology/Oncology,King Abdulaziz Hospital - Al Ahsa,1/7/2020,Medical Hospital,Management,0,Alahsa,0,0
50535970,Staff Nurse I - Gynecology Oncology,King Abdulaziz Medical City - 0,1/7/2020,Medical Hospital,Management,0,Riyadh,0,0
50535977,Project Coordinator - Facility Management,King Faisal Specialist Hospital - 0,1/7/2020,Medical Hospital,Management,0,Riyadh,0,0
50535978,Project Management Specialist (Hospital Management),King Faisal Specialist Hospital - 0,1/7/2020,Medical Hospital,Management,0,Riyadh,0,0
50536000,Section Head - ICU,King Abdulaziz Hospital - Al Ahsa,1/7/2020,Medical Hospital,Management,0,Alahsa,0,0
50536029,Head Nurse,Security Forces Hospital,1/7/2020,Medical Hospital,Management,0,Riyadh,0,0
50536074,Head Nurse - Operating Room,King Saud Medical City,1/7/2020,Medical Hospital,Management,0,Riyadh,0,0
50536361,Head Nurse  - Ward 15B / OB & GYN (at KKUH),King Saud Medical City,1/7/2020,Medical Hospital,Management,0,Riyadh,0,0
50536364,Head Nurse - D-2 Royal Suite ICU,King Faisal Specialist Hospital - 0,1/7/2020,Medical Hospital,Management,0,Riyadh,0,0
50536368,Consultant - Pediatric Hematology / Oncology,King Faisal Specialist Hospital - 0,1/7/2020,Medical Hospital,Management,0,Riyadh,0,0
50536371,Head Nurse - MICU-C,King Faisal Specialist Hospital - 0,1/7/2020,Medical Hospital,Management,0,Riyadh,0,0
50536376,Head Nurse - Hemodialysis,King Faisal Specialist Hospital - 0,1/7/2020,Medical Hospital,Management,0,Riyadh,0,0
50536394,Consultant - Pediatric Hematology / Oncology,King Faisal Specialist Hospital - 0,1/7/2020,Medical Hospital,Management,0,0,0,0
50536395,Head - Clinical Laboratory (Pathology and Laboratory),King Faisal Specialist Hospital - 0,1/7/2020,Medical Hospital,Management,0,Riyadh,0,0
50536408,Head Nurse MICU-C,King Faisal Specialist Hospital - 0,1/7/2020,Medical Hospital,Management,0,Riyadh,0,0
50536444,Assistant Nurse Manager - VIP Trauma Center,King Abdulaziz Medical City - 0,1/7/2020,Medical Hospital,Management,0,Riyadh,0,0
50536466,Assistant Head Nurse - Cardiac Cath Lab,King Faisal Specialist Hospital - 0,1/7/2020,Medical Hospital,Management,0,Riyadh,0,0
50536510,Head Nurse - Pediatric Ward,King Faisal Specialist Hospital - 0,1/7/2020,Medical Hospital,Management,0,0,0,0
50536557,Head Nurse - Oncology Clinic,King Faisal Specialist Hospital - 0,1/7/2020,Medical Hospital,Management,0,Riyadh,0,0
50536566,Head Nurse - Protocol Clinics,King Faisal Specialist Hospital - 0,1/7/2020,Medical Hospital,Management,0,Riyadh,0,0
50536571,Assistant Head Nurse - IVT team,King Faisal Specialist Hospital - 0,1/7/2020,Medical Hospital,Management,0,Riyadh,0,0
50536579,Nurse Coordinator - Women's Oncology Medical / Surgical,King Abdulaziz Medical City - 0,1/7/2020,Medical Hospital,Management,0,Riyadh,0,0
50536598,Head Nurse - Family Medicine,King Faisal Specialist Hospital - 0,1/7/2020,Medical Hospital,Management,0,Riyadh,0,0
50536638,Head Nurse - DEM (Emergency Medicine),King Faisal Specialist Hospital - 0,1/7/2020,Medical Hospital,Management,0,Riyadh,0,0
50536649,Assistant Nurse Manager - Hail Dialysis Center,King Abdulaziz Medical City - 0,1/7/2020,Medical Hospital,Management,0,Riyadh,0,0
50536657,Head Nurse - A2 ‚Äì Surgical Paediatrics,King Faisal Specialist Hospital - 0,1/7/2020,Medical Hospital,Management,0,Riyadh,0,0
50536664,Senior Consultant Pediatric / Adult Oncology,King Faisal Specialist Hospital - 0,1/7/2020,Medical Hospital,Management,0,Riyadh,0,0
50536674,Assistant Nurse Manager - Pediatric High Dependency,King Abdulaziz Medical City - 0,1/7/2020,Medical Hospital,Management,0,Riyadh,0,0
50536683,Assistant Nurse Manager - Adult ICU,King Abdulaziz Medical City - 0,1/7/2020,Medical Hospital,Management,0,Riyadh,0,0
50536685,Assistant Head Nurse,King Faisal Specialist Hospital - 0,1/7/2020,Medical Hospital,Management,0,Riyadh,0,0
50536713,Assistant Head Nurse - D3-1 ORL Dental & Opthalmic,King Faisal Specialist Hospital - 0,1/7/2020,Medical Hospital,Management,0,Riyadh,0,0
50536730,Head Nurse - OB Gyne Clinic (at KKUH),King Saud Medical City,1/7/2020,Medical Hospital,Management,0,Riyadh,0,0
50536747,Head Nurse - Blood Bank,King Faisal Specialist Hospital - 0,1/7/2020,Medical Hospital,Management,0,Riyadh,0,0
50536750,Nurse Manager - Women's Oncology Medical Surgical,King Abdulaziz Medical City - 0,1/7/2020,Medical Hospital,Management,0,Riyadh,0,0
50536797,Assistant Nurse Manager - Women's Oncology Medical Surgical,King Abdulaziz Medical City - 0,1/7/2020,Medical Hospital,Management,0,Riyadh,0,0
50536855,Head Nurse - Medical Outpatient Department (at KKUH),King Saud Medical City,1/7/2020,Medical Hospital,Management,0,Riyadh,0,0
50548259,Assistant Head Nurse - DEM (Emergency Medicine),King Faisal Specialist Hospital - 0,1/7/2020,Medical Hospital,Management,0,Riyadh,0,0
50564467,Assistant Nurse Manager - Riyadh Dialysis Center,King Abdulaziz Medical City - 0,1/7/2020,Medical Hospital,Management,0,Riyadh,0,0
4175715,Marketing Manager (Health Care),0,4/8/2020,Other Healthcare Services,Marketing and PR,Master's degree,0,0,6000
4177045,Brand Executive,«·Ê›«ﬁ ··’‰«⁄Â Ê«· Ã«—Â,4/15/2020,Other Business Support Services,Marketing and PR,Bachelor's degree / higher diploma,0,0,0
4111125,«Œ’«∆Ì  ”ÊÌﬁ,0,4/13/2020,Private Security Services,Marketing and PR,Certification / diploma,0,0,0
4159398,Marketing and Selling Manager,SRACO,4/13/2020,Business Consultancy Services,Marketing and PR,Bachelor's degree / higher diploma,Dammam,0,0
4176678,ASSOCIATE BRAND MANAGER-DEVELOPMENT,INDEVCO GROUP S.A.L.,4/13/2020,Industrial Production,Marketing and PR,Bachelor's degree / higher diploma,0,0,0
4176448,Brand Specialist,Durrah Sugar Refinery,4/12/2020,Food & Beverage Production,Marketing and PR,Bachelor's degree / higher diploma,Yanbu,0,0
4175408,Social Media Specialist,Modern Building Chemical MBC,4/9/2020,Construction & Building,Marketing and PR,Certification / diploma,0,0,0
4147952,Marketing & Content Developer,0,4/8/2020,Catering Food Service & Restaurant; Training & Education Center,Marketing and PR,Bachelor's degree / higher diploma,Khobar,35,4000
4174990,Marketing Specialist,ManpowerGroup Middle East,4/2/2020,Recruitment & Employee Placement Agency,Marketing and PR,0,Riyadh,0,0
4174791,„’„„… Ã—«›Ìﬂ,Al-Shemal,4/2/2020,Interior design; Architecture,Marketing and PR,High school or equivalent,Riyadh,35,1000
4174754,„œÌ—  ”ÊÌﬁ,0,4/2/2020,Wholesale & Import/Export Trade,Marketing and PR,Bachelor's degree / higher diploma,Western Province,0,0
4174121,„ÊŸ›  ”ÊÌﬁ Ê„»Ì⁄« ,‘—ﬂ… «·≈ÌÊ«‰ «·⁄ﬁ«—Ì…,4/1/2020,Real Estate,Marketing and PR,High school or equivalent,Riyadh,40,4000
4174591,„”ƒÊ·  ”ÊÌﬁ,0,4/1/2020,Accounting,Marketing and PR,Bachelor's degree / higher diploma,Riyadh,40,0
4174393,„”Êﬁ…,0,3/30/2020,Media Production,Marketing and PR,0,Riyadh,0,0
4174361,Social Media Specialist- Digital media Specialist,IDrive KSA,3/30/2020,Motor Vehicle Passenger Transport,Marketing and PR,0,Riyadh,0,0
4174231,„œÌ—  ”ÊÌﬁ,House Restaurant,3/29/2020,Catering Food Service & Restaurant,Marketing and PR,0,Riyadh,0,0
4174193,«Œ ’«’Ì  ”ÊÌﬁ,‘—ﬂ… œ⁄«Ì… Ê«⁄·«‰ Ê  ’„Ì„ œ«Œ·Ì,3/29/2020,Advertising,Marketing and PR,0,Riyadh,0,0
4174164, Digital Marketing Supervisor,House Restaurant,3/28/2020,Catering Food Service & Restaurant,Marketing and PR,0,Riyadh,0,0
4173746,Online Marketing Manager,Source2Hire,3/24/2020,Other Business Support Services,Marketing and PR,Bachelor's degree / higher diploma,Riyadh,0,0
4173589,Lead Conversion and Retention Manager,Alrajhi Takful,3/23/2020,Internet & E-commerce; Telecommunications; Insurance & TPA,Marketing and PR,0,Riyadh,0,0
4169556,Digital marketing specialist,0,3/15/2020,Wholesale & Import/Export Trade,Marketing and PR,Bachelor's degree / higher diploma,Riyadh,34,0
3263286,Social Media Specialist,3Points Advertising,3/11/2020,Advertising,Marketing and PR,Bachelor's degree / higher diploma,0,0,0
4160274,⁄œ… ÊŸ«∆› („”ƒÊ· ⁄·«ﬁ«  Ê≈⁄·«‰     Ê√„Ì‰ „” Êœ⁄     Ê „‘—› ›—⁄  Êﬂ«‘Ì—  Ê „ﬁœ„ ÿ⁄«„ Ê «” ﬁ»«·  ),Al-Shemal,3/5/2020,Catering Food Service & Restaurant,Marketing and PR,Bachelor's degree / higher diploma,Riyadh,37,0
4173442,Head of Marketing - Saudi National,Michael Page,3/23/2020,Marketing,Marketing and PR,0,Riyadh,0,0
4173091,«Œ’«∆Ì  ”ÊÌﬁ —ﬁ„Ì,Al-Shemal,3/22/2020,Distribution & Logistics,Marketing and PR,0,Riyadh,0,0
4172209,Œ’«∆Ì… Ê”«∆·  Ê«’· ≈Ã „«⁄Ì („”ÊﬁÂ ≈·ﬂ —Ê‰Ì…),0,3/19/2020,Fashion & Apparel,Marketing and PR,0,Medina,38,1500
4172437,„ƒ””… Õﬂ«Ì… ‰€„ ··›‰Ê‰,„œÌ— «·„Ê«—œ «·»‘—Ì…,3/19/2020,Entertainment,Marketing and PR,Bachelor's degree / higher diploma,Riyadh,35,5000
4171757,Marketing Officer,RMT,3/18/2020,IT Services,Marketing and PR,0,Riyadh,0,0
4171820,University Liaison Officer,Air Products (Middle East) FZE ,3/18/2020,Oil & Gas,Marketing and PR,Doctorate,Khobar,0,0
4169665,Associate - Brand Excellence,Kitopi,3/15/2020,Food & Beverage Production,Marketing and PR,0,Riyadh,0,0
4169594,Category Trade Marketing Manager,Cigalah Group,3/15/2020,FMCG,Marketing and PR,Bachelor's degree / higher diploma,0,0,0
4167694,’Ìœ·Ì „”ƒÊ·,Ar-Rawdha,3/12/2020,Pharmaceutical,Marketing and PR,Bachelor's degree / higher diploma,0,0,0
4153438,„‰œÊ» œ⁄«Ì… Ê«⁄·«‰,0,3/11/2020,Advertising,Marketing and PR,0,Dammam,38,0
4154002,Sales Manager,SPAMA,3/10/2020,Wholesale & Import/Export Trade; Medical & Healthcare Equipment,Marketing and PR,Bachelor's degree / higher diploma,0,0,0
4164587,Marketing Designer,Cine,3/10/2020,Business Support Services,Marketing and PR,0,Riyadh,35,0
4164923,Industrial Cyber Security Sales Consultant,Supply and Support Service Systems Co Ltd,3/9/2020,Industrial Engineering & Automation; IT Services; Marketing,Marketing and PR,0,Khobar,30,0
4164493,Graphic Designer and digital marketing,Al-Shemal,3/9/2020,Catering Food Service & Restaurant,Marketing and PR,Bachelor's degree / higher diploma,Riyadh,0,3000
4160482,Senior Digital Account Manager - Saudi Nationals ONLY,UPFRONT HR,3/5/2020,Advertising,Marketing and PR,Bachelor's degree / higher diploma,Riyadh,0,15000
4159404,Marketing Manager, Alsheaibi Office ,3/4/2020,Perfume & Cosmetics,Marketing and PR,0,Riyadh,0,0
4143247,Marketing Communication Supervisor.,AL FOZAN GROUP,3/4/2020,Other Business Support Services,Marketing and PR,Bachelor's degree / higher diploma,Khobar,0,0
4151815,Loyalty Program Officer,Ahmed Abdullah Al Essa,2/22/2020,Wholesale & Import/Export Trade,Marketing and PR,Bachelor's degree / higher diploma,Riyadh,0,0
4151804,Marketing Manager,Ahmed Abdullah Al Essa,2/21/2020,Wholesale & Import/Export Trade,Marketing and PR,0,Riyadh,0,0
4146762,sales and marketing,Al-Shemal,3/4/2020,Training & Education Center; Public Relations (PR),Marketing and PR,Bachelor's degree / higher diploma,Riyadh,30,0
4158326,„œÌ—  ”ÊÌﬁ,Ktaykit Fast Food ,3/3/2020,Food & Beverage Production,Marketing and PR,0,0,0,0
4154292,Marketing Manager,Al Wefaq Rent A Car Co,3/3/2020,Motor Vehicle Passenger Transport,Marketing and PR,Master's degree,Riyadh,0,0
3968423,Copywriter,AlSaggaff Trading Co.,3/1/2020,Wholesale & Import/Export Trade,Marketing and PR,Bachelor's degree / higher diploma,0,0,0
4156668,Brand Manager - 0,Arrow Food Distribution Co.,3/1/2020,FMCG,Marketing and PR,Bachelor's degree / higher diploma,0,38,0
4154854,Economist,Parsons - United Arab Emirates,2/27/2020,General Engineering Consultancy,Marketing and PR,Bachelor's degree / higher diploma,Jizan,0,0
4154847,Marketing Internship 2020,Bupa Arabia,2/27/2020,Insurance & TPA,Marketing and PR,0,0,0,0
4154848,Marketing Expert,Parsons - United Arab Emirates,2/27/2020,General Engineering Consultancy,Marketing and PR,Bachelor's degree / higher diploma,Jizan,0,0
4153955,Specialist Malls Marketing,Kinan International Real Estate Development Co.,2/26/2020,Real Estate,Marketing and PR,Bachelor's degree / higher diploma,0,0,0
4153333,Marketing Manager,Al-Shemal,2/25/2020,Wholesale & Import/Export Trade,Marketing and PR,0,Riyadh,40,3000
4152104,„œÌ—  ”ÊÌﬁ Ê„»Ì⁄« ,Alhyatt 0 Continental Hotel ,2/23/2020,Catering Food Service & Restaurant,Marketing and PR,Bachelor's degree / higher diploma,0,0,2000
4151831,„œÌ—  ”ÊÌﬁ,Al-Shemal,2/22/2020,Wholesale & Import/Export Trade,Marketing and PR,0,Riyadh,40,3000
4151463,Media Marketing Manager,Tihama Group,2/20/2020,Other Business Support Services,Marketing and PR,Bachelor's degree / higher diploma,Riyadh,0,0
4151105,Asst. Trade Marketing Manager,Binzagr CO-RO LTD,2/20/2020,Food & Beverage Production,Marketing and PR,Bachelor's degree / higher diploma,0,0,0
4151008,Marketing Manager - Lebanon OR KSA,Amaken sarl,2/19/2020,Manufacturing,Marketing and PR,0,0,0,0
4150741,Marketing and Public Relation Manager,Hadia Abdul Latif Jameel Co. Ltd,2/18/2020,Real Estate,Marketing and PR,Bachelor's degree / higher diploma,0,40,0
55078530,"Sales Engineer ""Civil""",Merge,4/16/2020,Other Business Support Services,Marketing and PR,0,Riyadh,0,0
55080897,Cloud Platform Sales Leader,Gulf Business Machines PND,4/16/2020,IT Services,Marketing and PR,0,NaN,0,0
55083091,AWS Marketing Specialist Internship,AWS EMEA SARL (0),4/16/2020,Other Business Support Services,Marketing and PR,0,Riyadh,0,0
55083561,Legal Counsel - Siemens Healthineers (Saudi Arabia - Riyadh) - Saudi National Only,Siemens,4/16/2020,General Engineering Consultancy,Marketing and PR,0,Riyadh,0,0
55083564,Refinery Linear Programming and Economics Consultant,Saudi Aramco Shell Refining - SASREF,4/16/2020,Other Business Support Services,Marketing and PR,0,NaN,0,0
55066012,Visual Merchandising Controller,Merge,4/15/2020,Other Business Support Services,Marketing and PR,0,NaN,0,0
55066030,Arab Career Advancement Platform - Financial Advisory - Graduate-Saudi Arabia-76,Deloitte,4/15/2020,Other Business Support Services,Marketing and PR,0,NaN,0,0
55066062,Arab Career Advancement Platform - Risk Advisory - Experienced-Saudi Arabia-89,Deloitte,4/15/2020,Other Business Support Services,Marketing and PR,0,NaN,0,0
55066078,Arab Career Advancement Platform - Financial Advisory - Experienced-Saudi Arabia-63,Deloitte,4/15/2020,Other Business Support Services,Marketing and PR,0,NaN,0,0
55066079,Arab Career Advancement Platform - Consulting - Experienced-Saudi Arabia-37,Deloitte,4/15/2020,Other Business Support Services,Marketing and PR,0,NaN,0,0
55066198,Arab Career Advancement Platform - Consulting - Graduate-Saudi Arabia-50,Deloitte,4/15/2020,Other Business Support Services,Marketing and PR,0,NaN,0,0
55066204,Arab Career Advancement Platform - Audit & Assurance - Experienced-Saudi Arabia-11,Deloitte,4/15/2020,Other Business Support Services,Marketing and PR,0,NaN,0,0
55066246,Arab Career Advancement Platform - Risk Advisory - Graduate-Saudi Arabia-102,Deloitte,4/15/2020,Other Business Support Services,Marketing and PR,0,NaN,0,0
55066271,Arab Career Advancement Platform - Audit & Assurance - Graduate-Saudi Arabia-24,Deloitte,4/15/2020,Other Business Support Services,Marketing and PR,0,NaN,0,0
55071886,Coil Tubing Field Specialists,Schlumberger,4/15/2020,Other Business Support Services,Marketing and PR,0,Khobar,0,0
55071919,Cementing Field Specialists,Schlumberger,4/15/2020,Other Business Support Services,Marketing and PR,0,Khobar,0,0
55072278,Petroleum Engineering - Upstream Development Strategy,Saudi Aramco Shell Refining - SASREF,4/15/2020,Other Business Support Services,Marketing and PR,0,NaN,0,0
55072515,Marketing - Misk Academy Virtual Career Fair 2020,johnsoncontrols,4/15/2020,Other Business Support Services,Marketing and PR,0,0,0,0
55072661,Supervisor Process Area 2 (International Assignment),Bechtel Corporation,4/15/2020,Other Business Support Services,Marketing and PR,0,NaN,0,0
55054035,Lead Warehouse & Shared Services Manager,Baker Hughes,4/14/2020,Manufacturing,Marketing and PR,0,Dammam,0,0
55041447,Saudi Arabia & North Gulf Communications Leader,Baker Hughes,4/13/2020,Other Business Support Services,Marketing and PR,0,Dammam,0,0
55046803,Legal Counsel - AVP,Citi bank,4/13/2020,Banking,Marketing and PR,0,NaN,0,0
55004422,.NET-Lead,Wipro,4/9/2020,IT Services,Marketing and PR,0,Riyadh,0,0
55007351,Training Services Director - TTS,BAE SYSTEMS,4/9/2020,Management Consulting,Marketing and PR,0,Riyadh,0,0
54982171,Opentext Application Support Analyst,Accenture,4/8/2020,Other Business Support Services,Marketing and PR,0,Riyadh,0,0
54982174,GT Suite (Swift) Application Support Analyst,Accenture,4/8/2020,Other Business Support Services,Marketing and PR,0,Riyadh,0,0
55008244,SUPERVISOR RESPIRATORY CARE SERVICES,King Faisal Specialist Hospital & Research Centre,4/8/2020,Other Business Support Services,Marketing and PR,0,Riyadh,0,0
54973616,Storage Brand Sales Specialist,Gulf Business Machines PND,4/7/2020,IT Services,Marketing and PR,0,NaN,0,0
54980320,Senior Associate Financial Institutions Management,Islamic Development Bank,4/7/2020,Other Business Support Services,Marketing and PR,0,0,0,0
54980578,Sr. Officer - Graphic Design,Bupa Arabia,4/7/2020,Insurance & TPA,Marketing and PR,0,0,0,0
54961032,Finance & Accounting - Group Manager,Procter & Gamble,4/6/2020,Other Business Support Services,Marketing and PR,0,0,0,0
54951124,Primary Coordinator - Literacy Curriculum Lead,Quality Teaching Staff,4/5/2020,Other Business Support Services,Marketing and PR,0,Riyadh,0,0
54925577,Regional Proposal Manager - MEET Region,Air Products Emea Asia,4/3/2020,Oil & Gas,Marketing and PR,0,Khobar,0,0
54910383,Process Engineer - Unconventional Resources,Wrs,4/2/2020,Oil & Gas,Marketing and PR,0,NaN,0,0
55009662,Global Client Partner-ENU,Wipro,4/1/2020,IT Services,Marketing and PR,0,Riyadh,0,0
54874103,Insurance & Risk Manager - Rail,SNC Lavalin,3/31/2020,Other Business Support Services,Marketing and PR,0,Riyadh,0,0
54867158,Government Relations - Riyadh - KSA,Vezeeta,3/30/2020,Other Business Support Services,Marketing and PR,0,Riyadh,0,0
54868754,Procurement Associate,Islamic Development Bank,3/30/2020,Other Business Support Services,Marketing and PR,0,0,0,0
54879884,Well Services Foreman (Well Completion),Aramco Services Company,3/29/2020,Oil & Gas,Marketing and PR,0,NaN,0,0
54881253,Naphtha Reforming Process Specialist,Aramco Services Company,3/29/2020,Oil & Gas,Marketing and PR,0,NaN,0,0
54881254,Planning & Performance Management Team Lead (Unconventional Resources Engineering),Aramco Services Company,3/29/2020,Oil & Gas,Marketing and PR,0,NaN,0,0
54881258,Corporate Business Ethics Representative,Aramco Services Company,3/29/2020,Oil & Gas,Marketing and PR,0,NaN,0,0
54881265,Supervising Technical Process Control Systems,Aramco Services Company,3/29/2020,Oil & Gas,Marketing and PR,0,NaN,0,0
54881266,Process Engineer - Aromatics,Aramco Services Company,3/29/2020,Oil & Gas,Marketing and PR,0,NaN,0,0
54834397,Cluster Marketing Manager - Al Ahsa InterContinental,InterContinental Hotels Group,3/28/2020,Hospitality & Accomodation,Marketing and PR,0,NaN,0,0
54841296,Cisco - Identity Services Engine -ISE-Administrator,Wipro,3/28/2020,IT Services,Marketing and PR,0,0,0,0
54856989,Process Engineering (Chemical),Aramco Services Company,3/28/2020,Oil & Gas,Marketing and PR,0,NaN,0,0
54866587,Climate and Sustainability Strategy Specialist,Aramco Services Company,3/28/2020,Oil & Gas,Marketing and PR,0,NaN,0,0
54874310,Business Services Co-ordinator,KBR Inc.,3/28/2020,Other Business Support Services,Marketing and PR,0,Riyadh,0,0
54880101,Marketing Strategist,Aramco Services Company,3/28/2020,Oil & Gas,Marketing and PR,0,NaN,0,0
54880144,Seismic Data Processing Geophysicist,Aramco Services Company,3/28/2020,Oil & Gas,Marketing and PR,0,NaN,0,0
54880286,CONTRACTS ADVISOR ‚Äì UNCONVENTIONAL RESOURCES,Aramco Services Company,3/28/2020,Oil & Gas,Marketing and PR,0,NaN,0,0
54881054,Process Engineer - Crude Oil,Aramco Services Company,3/28/2020,Oil & Gas,Marketing and PR,0,NaN,0,0
54881076,Project Materials Specialist,Aramco Services Company,3/28/2020,Oil & Gas,Marketing and PR,0,NaN,0,0
54881077,Aromatics Complex Process Specialist,Aramco Services Company,3/28/2020,Oil & Gas,Marketing and PR,0,NaN,0,0
54881107,Risk Engineer/Fire Prevention Project Support,Aramco Services Company,3/28/2020,Oil & Gas,Marketing and PR,0,NaN,0,0
54881114,Process Safety/Risk Assessment Engineer,Aramco Services Company,3/28/2020,Oil & Gas,Marketing and PR,0,NaN,0,0
54881126,Process Engineer - Sulfur Recovery,Aramco Services Company,3/28/2020,Oil & Gas,Marketing and PR,0,NaN,0,0
54881249,Refinery Linear Programming & Economics Consultant,Aramco Services Company,3/28/2020,Oil & Gas,Marketing and PR,0,NaN,0,0
54881291,Sharepoint Developer,Aramco Services Company,3/28/2020,Oil & Gas,Marketing and PR,0,NaN,0,0
54881294,Communication Strategy & Messaging Development Specialist,Aramco Services Company,3/28/2020,Oil & Gas,Marketing and PR,0,NaN,0,0
54881305,Process Engineer - Diesel Hydrotreater,Aramco Services Company,3/28/2020,Oil & Gas,Marketing and PR,0,NaN,0,0
54881315,Advertising English Copywriter,Aramco Services Company,3/28/2020,Oil & Gas,Marketing and PR,0,NaN,0,0
54881936,Process Engineer - Unconventional Resources,Aramco Services Company,3/28/2020,Oil & Gas,Marketing and PR,0,NaN,0,0
54823075,Finance Director-FMCG,Antal International,3/27/2020,Other Business Support Services,Marketing and PR,0,0,0,0
54823687,Cluster Marketing Manager  - Al  Ahsa InterContinental,InterContinental Hotels Group,3/27/2020,Hospitality & Accomodation,Marketing and PR,0,NaN,0,0
54794022,Web Content Manger - Saudi Arabia,Spring Technology,3/25/2020,Other Business Support Services,Marketing and PR,0,NaN,0,0
54794421,Marketing Specialist Internship,AWS EMEA SARL (0),3/25/2020,Other Business Support Services,Marketing and PR,0,Riyadh,0,0
54874309,SharePoint Developer,KBR Inc.,3/25/2020,Other Business Support Services,Marketing and PR,0,Riyadh,0,0
54776648,Agile Transformation Consulting-Domain Consultant,Wipro,3/24/2020,IT Services,Marketing and PR,0,Riyadh,0,0
54777048,Sharepoint Admin-Lead,Wipro,3/24/2020,IT Services,Marketing and PR,0,Riyadh,0,0
54778465,Typhoon ILOC Capability Insertion Engineer,BAE SYSTEMS,3/24/2020,Management Consulting,Marketing and PR,0,NaN,0,0
54768878,Manager ‚Äì Trade Marketing,Bupa Arabia,3/23/2020,Insurance & TPA,Marketing and PR,0,0,0,0
54705325,Utilities Retail Industry-Delivery Manager,Wipro,3/19/2020,IT Services,Marketing and PR,0,Riyadh,0,0
54683446,SALES REPRESENTITVE NVKSA,Medtronic,3/18/2020,Sales Outsourcing,Marketing and PR,0,NaN,0,0
54684797,Oracle HRMS Consulting-Lead,Wipro,3/18/2020,IT Services,Marketing and PR,0,Riyadh,0,0
54687364,Sales Manager (Saudi National),Fairmont Dubai,3/18/2020,Sales Outsourcing,Marketing and PR,0,Riyadh,0,0
54687415,Bilingual Banking & Finance Senior Associate 7 PQE+,Charterhouse Middle East,3/18/2020,Other Business Support Services,Marketing and PR,0,Riyadh,0,0
54662781,SALES ENGINEER (ASSA ABLOY),Zamil Group Holding Company,3/17/2020,Other Business Support Services,Marketing and PR,0,Dammam,0,0
54670908,Retail Area Sales Supervisor - 0 (Female),Chalhoub Group,3/17/2020,Other Business Support Services,Marketing and PR,0,NaN,0,0
54642091,Digital Marketing Manager (Saudi National),Fairmont Dubai,3/15/2020,Sales Outsourcing,Marketing and PR,0,Riyadh,0,0
54608622,Accounting Associate,Afaq Q Tech General Trading,3/13/2020,Other Business Support Services,Marketing and PR,0,Riyadh,0,0
54582390,Data Refinery Senior Care Specialist,Nokia,3/12/2020,Other Business Support Services,Marketing and PR,0,Riyadh,0,0
54583478,ITIL Problem Mgmt-Consultant,Wipro,3/12/2020,IT Services,Marketing and PR,0,Riyadh,0,0
54583507,Assistance Director of Corporate Sales,Marriott International Inc & Ritz Carlton Hotel Company L.L.C.,3/12/2020,Other Business Support Services,Marketing and PR,0,Riyadh,0,0
54583742,Sharepoint Admin-Developer,Wipro,3/12/2020,IT Services,Marketing and PR,0,Jubail,0,0
54471018,Contracts Advisor - Unconventional Resources,Wrs,3/6/2020,Oil & Gas,Marketing and PR,0,NaN,0,0
54424229,SALES ENGINEER (CHEMICAL ENGINEERING DEGREE HOLDER),Zamil Group Holding Company,3/4/2020,Other Business Support Services,Marketing and PR,0,Dammam,0,0
54427939,ISMS ISO 27001 Implementer,Huxley,3/4/2020,Other Business Support Services,Marketing and PR,0,Riyadh,0,0
54428202,Driver - Fulfillment & Home Delivery Riyadh,Retail G&A,3/4/2020,Other Business Support Services,Marketing and PR,0,Riyadh,0,0
54429048,Warehouse Associate,Open Systems International Inc. (OSI),3/4/2020,Other Business Support Services,Marketing and PR,0,Medina,0,0
54431696,Retail Sales Supervisor - ŸÖÿ¥ÿ±ŸÅ ŸÖÿ®Ÿäÿπÿßÿ™ ŸÖÿπÿßÿ±ÿ∂,Awtad,3/4/2020,Sales Outsourcing,Marketing and PR,0,Riyadh,0,0
54431841,E - Commerce,Awtad,3/4/2020,Other Business Support Services,Marketing and PR,0,Riyadh,0,0
54432146,Freelance Luxury Brand Evaluator,Customer Experience Group,3/4/2020,Other Business Support Services,Marketing and PR,0,Riyadh,0,0
54432434,Client Services Associate,Telfaz11,3/4/2020,Other Business Support Services,Marketing and PR,0,Riyadh,0,0
54432490,Marketing Manager - Riyadh - KSA,Vezeeta,3/4/2020,Marketing,Marketing and PR,0,Riyadh,0,0
54432699,General Counsel,Mega Project,3/4/2020,Law Firm,Marketing and PR,0,Riyadh,0,0
54432870,Social Media Executive - Riyadh - KSA,Vezeeta,3/4/2020,Marketing,Marketing and PR,0,Riyadh,0,0
54438713,SALES COORDINATOR (for a Zamil Group Joint-Venture Company),Zamil Group Holding Company,3/4/2020,Other Business Support Services,Marketing and PR,0,Dammam,0,0
54501958,Sales Engineer - Rawabi Oil and Gas,SmartRecruiters Jobs,3/4/2020,Other Business Support Services,Marketing and PR,0,Khobar,0,0
54385935,Sales Manager @ InterContinental Durrat Al Riyadh,InterContinental Hotels Group,3/3/2020,Hospitality & Accomodation,Marketing and PR,0,NaN,0,0
54378510,Assistant Event Booking Center Manager,Marriott International Inc & Ritz Carlton Hotel Company L.L.C.,3/2/2020,Other Business Support Services,Marketing and PR,0,0,0,0
54726872,SIEM - Security Information Event Management-Engineer,Wipro,3/1/2020,IT Services,Marketing and PR,0,Riyadh,0,0
54315854,Area Director of Sales & Marketing KSA East and Bahrain,InterContinental Hotels Group,2/28/2020,Hospitality & Accomodation,Marketing and PR,0,NaN,0,0
54340345,Research Scientist - Islamic Banking and Finance (CEIF) - RI,King Fahd University of Petroleum and Minerals,2/28/2020,Other Business Support Services,Marketing and PR,0,NaN,0,0
54294993,Cross Brand Sales Partner Representative - Server and Storage,Gulf Business Machines PND,2/27/2020,IT Services,Marketing and PR,0,NaN,0,0
54706524,Guest Services Associate I,Marriott International Inc & Ritz Carlton Hotel Company L.L.C.,2/27/2020,Other Business Support Services,Marketing and PR,0,Riyadh,0,0
54280388,Nutrition - Health Care Background,reeqwest,2/26/2020,Other Business Support Services,Marketing and PR,0,NaN,0,0
54262238,#NAME?,Frag,2/25/2020,Other Business Support Services,Marketing and PR,0,NaN,0,0
54180770,Marketing Executive - Female Saudi National,Marriott International Inc & Ritz Carlton Hotel Company L.L.C.,2/21/2020,Other Business Support Services,Marketing and PR,0,NaN,0,0
54122683,People Partner - Fashion - KSA,Chalhoub Group,2/19/2020,Other Business Support Services,Marketing and PR,0,NaN,0,0
54858747,Marketing Internship 2020,Procter & Gamble,2/19/2020,Other Business Support Services,Marketing and PR,0,0,0,0
54874307,Graduate Development Programme Trainee,KBR Inc.,2/19/2020,Other Business Support Services,Marketing and PR,0,Riyadh,0,0
54121491,„œÌ— ≈œ«—… «· Ê«’· «·„ƒ””Ì,ÂÌ∆…  ‰„Ì… «·’«œ—«  «·”⁄ÊœÌ…,2/18/2020,Public Administration,Marketing and PR,Bachelor's degree / higher diploma,Riyadh,0,0
53871976,Compliance Counsel - Middle East,Nokia,2/10/2020,Other Business Support Services,Marketing and PR,0,NaN,0,0
53864689,Technology Associate (18962),Sadara Chemical Company,2/7/2020,Petrochemicals & Refined Petroleum Products Manufacture,Marketing and PR,0,NaN,0,0
53851262,Senior Legal Counsel,Nokia,2/5/2020,Other Business Support Services,Marketing and PR,0,Riyadh,0,0
53807204,ASSOCIATE PRICING STRATEGY ANALYST KSA,Medtronic,1/28/2020,Other Business Support Services,Marketing and PR,0,NaN,0,0
53807267,Retail Area Sales Supervisor - Multibrands - 0,Chalhoub Group,1/28/2020,Other Business Support Services,Marketing and PR,0,NaN,0,0
53807268,Sales Manager - Bourjois - Riyadh (Male),Chalhoub Group,1/28/2020,Other Business Support Services,Marketing and PR,0,NaN,0,0
53807881,Branch Manager (Retail Store),reeqwest,1/28/2020,Other Business Support Services,Marketing and PR,0,NaN,0,0
53794090,Operation Manager - Medical background,reeqwest,1/23/2020,Other Business Support Services,Marketing and PR,0,NaN,0,0
53793075,Marketing Staff,Modern Bus Company Ltd,1/22/2020,Other Business Support Services,Marketing and PR,0,Mecca,0,0
53744790,SALES REPRESENTATIVE SI KSA - GYN,Medtronic,1/15/2020,Sales Outsourcing,Marketing and PR,0,0,0,0
53744792,SALES REPRESENTATIVE SI KSA - GYN,Medtronic,1/15/2020,Sales Outsourcing,Marketing and PR,0,NaN,0,0
53720407,Hybrid Data Management - Client Technical Professional,Gulf Business Machines PND,1/13/2020,IT Services,Marketing and PR,0,NaN,0,0
53708798,Consultant Radiology Medical Imaging Saudi Arabia,Prospect Health,1/12/2020,Medical Hospital,Marketing and PR,0,NaN,0,0
53709490,Consultant in Cardiac Critical Care Riyadh Saudi Arabia,Prospect Health,1/12/2020,Medical Hospital,Marketing and PR,0,NaN,0,0
53709529,Consultant Radiology Medical Imaging Dammam Saudi Arabia,Prospect Health,1/12/2020,Medical Hospital,Marketing and PR,0,NaN,0,0
53709579,Consultant Radiology Chest Imaging Riyadh Saudi Arabia,Prospect Health,1/12/2020,Medical Hospital,Marketing and PR,0,NaN,0,0
53682727,SALES MANAGER PERIPHERAL AND ENDOVENOUS  KSA,Medtronic,1/9/2020,Sales Outsourcing,Marketing and PR,0,0,0,0
53685429,Product & Sales Manager - Waste Water Solutions,Parker Connect,1/9/2020,Other Business Support Services,Marketing and PR,0,NaN,0,0
53676003,Client Partner-Ministry of Health,Wipro,1/8/2020,IT Services,Marketing and PR,0,Riyadh,0,0
53614066,Guest Services Associate ( Saudi National Only ),Marriott International Inc & Ritz Carlton Hotel Company L.L.C.,1/2/2020,Other Business Support Services,Marketing and PR,0,Riyadh,0,0
53547563,Associate Partner,Gulf Business Machines PND,12/27/2019,IT Services,Marketing and PR,0,NaN,0,0
53547905,Rooms Controller,Marriott International Inc & Ritz Carlton Hotel Company L.L.C.,12/27/2019,Other Business Support Services,Marketing and PR,0,Riyadh,0,0
53496388,SENIOR SALES REPRESENTATIVE CRHF (DIAGNOSTICS) KSA,Medtronic,12/23/2019,Sales Outsourcing,Marketing and PR,0,Riyadh,0,0
53500798,Open Source Data Integration-Architect,Wipro,12/23/2019,IT Services,Marketing and PR,0,Riyadh,0,0
53411201,Typhoon Link 16 Force Co-ordinator,BAE SYSTEMS,12/12/2019,Management Consulting,Marketing and PR,0,NaN,0,0
53324285,„œÌ— ›⁄«·Ì… √Ê·,ÂÌ∆…  ‰„Ì… «·’«œ—«  «·”⁄ÊœÌ…,12/5/2019,Other Business Support Services,Marketing and PR,Bachelor's degree / higher diploma,Riyadh,0,0
53222405,Loader Operators,Subnet RTA,11/27/2019,General Engineering Consultancy,Marketing and PR,0,NaN,0,0
53147126,SharePoint Developer,CC Staffing International,11/20/2019,IT Services,Marketing and PR,0,NaN,0,0
53033565,Refining Operations Application Support Consultant,Accenture,11/11/2019,Other Business Support Services,Marketing and PR,0,Riyadh,0,0
53033638,SOC Support Team Lead,Accenture,11/11/2019,Other Business Support Services,Marketing and PR,0,Riyadh,0,0
53033671,Data Protection Strategy & Risk Consultant,Accenture,11/11/2019,Other Business Support Services,Marketing and PR,0,Riyadh,0,0
53033706,Reliability and integrity management Application Support Consultant,Accenture,11/11/2019,Other Business Support Services,Marketing and PR,0,Riyadh,0,0
52909952,Team Lead Middleware,CC Staffing International,11/2/2019,IT Services,Marketing and PR,0,NaN,0,0
52804355,Financial Controller Riyadh,First Resort Global Recruitment,10/24/2019,Recruitment & Employee Placement Agency,Marketing and PR,0,Riyadh,0,0
52664146,Business Process Mapping & Reengineering Manager,SNC Lavalin,10/15/2019,Other Business Support Services,Marketing and PR,0,Riyadh,0,0
52441116,Manager Process Tech & Bus Improv Job,Tasnee,9/28/2019,Industrial Production,Marketing and PR,0,Jizan,0,0
52393425,Consultant - Cardiac Critical Care,King Abdulaziz Medical City - 0,9/25/2019,Medical Hospital,Marketing and PR,0,Riyadh,0,0
51290322,Lecturer in Management and Marketing. (Saudi nationals only),King Fahd University of Petroleum and Minerals,9/9/2019,Other Business Support Services,Marketing and PR,0,NaN,0,0
51290323,Graduate Assistant in Accounting/Finance/Economics. (Saudi nationals only),King Fahd University of Petroleum and Minerals,9/9/2019,Other Business Support Services,Marketing and PR,0,NaN,0,0
51290325,Lecturer in Accounting/Finance/Economics. (Saudi nationals only),King Fahd University of Petroleum and Minerals,9/9/2019,Other Business Support Services,Marketing and PR,0,NaN,0,0
51298733,Country Digital Marketing Manager,SmartRecruiters Jobs,9/9/2019,Other Business Support Services,Marketing and PR,0,0,0,0
51205028,"Graduate assistant in Computer Science at the ""Prep Year program"". (Saudi nationals only)",King Fahd University of Petroleum and Minerals,8/30/2019,Other Business Support Services,Marketing and PR,0,NaN,0,0
51205041,"Graduate assistant in Physics at Science & Engineering ""Prep Year program "". (Saudi nationals only)",King Fahd University of Petroleum and Minerals,8/30/2019,Other Business Support Services,Marketing and PR,0,NaN,0,0
51196809,Consultant - Neuro Critical Care,King Fahad Medical City,8/28/2019,Medical Hospital,Marketing and PR,0,Riyadh,0,0
51130823,Sales Manager - Saudi National,Marriott International Inc & Ritz Carlton Hotel Company L.L.C.,7/25/2019,Other Business Support Services,Marketing and PR,0,NaN,0,0
51029998,IBM Software Sales Specialist - Account Mgr,CC Staffing International,6/15/2019,IT Services,Marketing and PR,0,NaN,0,0
51023386,IBM Software Sales Specialist,CC Staffing International,6/13/2019,IT Services,Marketing and PR,0,NaN,0,0
51004729,Director of Nursing Standards of Care - Riyadh,Pulse International,6/4/2019,Medical Hospital,Marketing and PR,0,Riyadh,0,0
50977888,Staff Nurse - Medical/Surgical Day Care Unit,King Faisal Specialist Hospital - Madinah,5/23/2019,Medical Hospital,Marketing and PR,0,Medina,0,0
50915011,IRC24631 - Sales Associate,azadea.com,5/5/2019,Other Business Support Services,Marketing and PR,0,NaN,0,0
50892024,Consultant - Pediatric Intensive Care,King Faisal Specialist Hospital - Madinah,5/3/2019,Medical Hospital,Marketing and PR,0,Medina,0,0
50901317,Brand Communications Manager ‚Äì Retail and Internal,SmartRecruiters Jobs,4/5/2020,Automotive Dealership & Distributor,Marketing and PR,0,0,0,0
50795582,Brand Communications Manager ‚Äì Wholesale and Franchise,SmartRecruiters Jobs,3/5/2020,Automotive Dealership & Distributor,Marketing and PR,0,0,0,0
50729384,Sales Manager - Network,CC Staffing International,2/18/2020,IT Services,Marketing and PR,0,NaN,0,0
50729415,Sr. Message Broker & Java Operation Specialist,CC Staffing International,2/18/2020,IT Services,Marketing and PR,0,NaN,0,0
50729591,Senior Storage Administrator (Mainframe),CC Staffing International,2/18/2020,IT Services,Marketing and PR,0,NaN,0,0
50729755,Mainframe System Programmer (RACF),CC Staffing International,2/18/2020,IT Services,Marketing and PR,0,NaN,0,0
50729852,Mainframe System Programmer (MQ),CC Staffing International,2/18/2020,IT Services,Marketing and PR,0,NaN,0,0
50680352,Staff Nurse I - Coronary Care Unit (CCU),King Faisal Specialist Hospital - 0,2/2/2020,Medical Hospital,Marketing and PR,0,0,0,0
50680404,Staff Nurse I - Labor and Delivery,King Faisal Specialist Hospital - 0,2/2/2020,Medical Hospital,Marketing and PR,0,0,0,0
50544873,Sales Manager (Saudi National Only),Hyatt Place 0 Sulaimania,1/8/2020,Other Business Support Services,Marketing and PR,0,Riyadh,0,0
50519554,Assistant - Special Projects/Practice Development (Wound Care/Tissue Viability Specialist),Security Forces Hospital,1/7/2020,Medical Hospital,Marketing and PR,0,Riyadh,0,0
50535881,Consultant - Pediatric Allergy Immunology,King Faisal Specialist Hospital - 0,1/7/2020,Medical Hospital,Marketing and PR,0,0,0,0
50536017,Staff Nurse I - Intensive Care Step Down Unit,King Abdulaziz Hospital - Al Ahsa,1/7/2020,Medical Hospital,Marketing and PR,0,Alahsa,0,0
50536082,Clinical Resource Nurse,Prince Mohammad Bin Abdulaziz Hospital - Madinah,1/7/2020,Medical Hospital,Marketing and PR,0,Medina,0,0
50536257,Chairman - Medical Imaging,King Abdulaziz Hospital - Al Ahsa,1/7/2020,Medical Hospital,Marketing and PR,0,Alahsa,0,0
50536366,Clinical Resource Nurse - Emergency Department Critical Care,King Abdulaziz Medical City - 0,1/7/2020,Medical Hospital,Marketing and PR,0,Riyadh,0,0
50536369,Consultant - Intensive Care Unit / ICU,King Saud Medical City,1/7/2020,Medical Hospital,Marketing and PR,0,Riyadh,0,0
50536383,Nurse Manager - Neonatal Intensive Care Unit,Prince Imam Abdulrahman Al Faisal Hospital - 0,1/7/2020,Medical Hospital,Marketing and PR,0,Dammam,0,0
50536442,Clinical Nurse Coordinator - Wound & Ostomy Care,King Faisal Specialist Hospital - 0,1/7/2020,Medical Hospital,Marketing and PR,0,Riyadh,0,0
50536443,Clinical Resource Nurse - Neuro Sciences ICU,King Abdulaziz Medical City - 0,1/7/2020,Medical Hospital,Marketing and PR,0,Riyadh,0,0
50536448,Clinical Nurse Coordinator - Wound & Ostomy Care,King Faisal Specialist Hospital - 0,1/7/2020,Medical Hospital,Marketing and PR,0,0,0,0
50536449,Clinical Nurse Coordinator ‚Äì ER Department of Emergency Medical Services,King Faisal Specialist Hospital - 0,1/7/2020,Medical Hospital,Marketing and PR,0,Riyadh,0,0
50536467,Nurse Coordinator - Urgent Care Center,King Abdulaziz Medical City - 0,1/7/2020,Medical Hospital,Marketing and PR,0,Riyadh,0,0
50536513,Clinical Resource Nurse - Pediatric Medical / Surgical,King Abdulaziz Medical City - 0,1/7/2020,Medical Hospital,Marketing and PR,0,Riyadh,0,0
50536534,Staff Nurse I - Trauma Services,King Abdulaziz Medical City - 0,1/7/2020,Medical Hospital,Marketing and PR,0,Riyadh,0,0
50536547,Nurse Manager - Adult Intensive Care (ICU),King Abdulaziz Medical City - 0,1/7/2020,Medical Hospital,Marketing and PR,0,Riyadh,0,0
50536558,Clinical Resource Nurse - Home Health Care,King Abdulaziz Medical City - 0,1/7/2020,Medical Hospital,Marketing and PR,0,Riyadh,0,0
50536604,Staff Nurse (Oncology & Palliative Care for Adult / Pediatric),King Abdulaziz Medical City - 0,1/7/2020,Medical Hospital,Marketing and PR,0,Riyadh,0,0
50536609,Clinical Resource Nurse - Adult Transplant Medical / Surgical,King Abdulaziz Medical City - 0,1/7/2020,Medical Hospital,Marketing and PR,0,Riyadh,0,0
50536610,Clinical Resource Nurse - Pediatric High Dependency,King Abdulaziz Medical City - 0,1/7/2020,Medical Hospital,Marketing and PR,0,Riyadh,0,0
50536655,Clinical Resource Nurse - Adult Transplant Medical / Surgical (HDU),King Abdulaziz Medical City - 0,1/7/2020,Medical Hospital,Marketing and PR,0,Riyadh,0,0
50536663,Clinical Resource Nurse - Pediatric General Ward,King Abdulaziz Medical City - 0,1/7/2020,Medical Hospital,Marketing and PR,0,Riyadh,0,0
50536669,Consultant Pediatric Intensive Care,King Faisal Specialist Hospital - 0,1/7/2020,Medical Hospital,Marketing and PR,0,Riyadh,0,0
50536679,Clinical Resource Nurse ‚Äì ICU Adult,King Abdulaziz Medical City - 0,1/7/2020,Medical Hospital,Marketing and PR,0,Riyadh,0,0
50536699,Director - Nursing Standards of Care,King Abdulaziz Medical City - 0,1/7/2020,Medical Hospital,Marketing and PR,0,Riyadh,0,0
50536705,Nurse Midwife - Labor and Delivery,Prince Imam Abdulrahman Al Faisal Hospital - 0,1/7/2020,Medical Hospital,Marketing and PR,0,Dammam,0,0
50536727,Staff Nurse I - Rehab / Transitional Care,King Abdulaziz Medical City - 0,1/7/2020,Medical Hospital,Marketing and PR,0,Riyadh,0,0
50536752,Nurse Manager - Adult Intensive Care Unit (ICU),Prince Imam Abdulrahman Al Faisal Hospital - 0,1/7/2020,Medical Hospital,Marketing and PR,0,Dammam,0,0
50536792,Staff Nurse I - Pediatric ICU (Pediatric Intensive Care Unit),King Abdulaziz Medical City - 0,1/7/2020,Medical Hospital,Marketing and PR,0,Riyadh,0,0
50536814,Staff Nurse I - ICU / PICU (Pediatric Intensive Care Unit),Prince Imam Abdulrahman Al Faisal Hospital - 0,1/7/2020,Medical Hospital,Marketing and PR,0,Dammam,0,0
50536822,Nurse Coordinator - Emergency Critical Care,King Abdulaziz Medical City - 0,1/7/2020,Medical Hospital,Marketing and PR,0,Riyadh,0,0
50536825,Consultant Blood Bank & Transfusion Services,King Faisal Specialist Hospital - 0,1/7/2020,Medical Hospital,Marketing and PR,0,Riyadh,0,0
50536829,Staff Nurse I Home Health Care,King Abdullah Specialist Children Hospital,1/7/2020,Medical Hospital,Marketing and PR,0,Riyadh,0,0
50536843,Staff Nurse I - Home Health Care,King Abdulaziz Medical City - 0,1/7/2020,Medical Hospital,Marketing and PR,0,Riyadh,0,0
50536844,Clinical Resource Nurse - Adult Oncology Medical / Surgical,King Abdulaziz Medical City - 0,1/7/2020,Medical Hospital,Marketing and PR,0,Riyadh,0,0
50547295,Consultant - Pediatric Allergy and Immunology,King Fahad Medical City,1/7/2020,Medical Hospital,Marketing and PR,0,Riyadh,0,0
50547332,Consultant - Occupational and Safety Health,King Khalid University Hospital,1/7/2020,Medical Hospital,Marketing and PR,0,Riyadh,0,0
50549481,Director Clinical Nursing - Emergency Care Center,King Abdulaziz Medical City - 0,1/7/2020,Medical Hospital,Marketing and PR,0,Riyadh,0,0
50549593,Director of Nursing (Deputy Associate Executive Director - Nursing Services),King Abdulaziz Medical City - 0,1/7/2020,Medical Hospital,Marketing and PR,0,Riyadh,0,0
50550542,Clinical Resource Nurse - Adult Hematology / Oncology,King Abdulaziz Medical City - 0,1/7/2020,Medical Hospital,Marketing and PR,0,Riyadh,0,0
50553025,Consultant - Home Health Care,King Faisal Specialist Hospital - 0,1/7/2020,Medical Hospital,Marketing and PR,0,Riyadh,0,0
50559842,Nurse Supervisor - Surgery Pre-Operative,Aldara Hospital and Medical Center,1/7/2020,Medical Hospital,Marketing and PR,0,Riyadh,0,0
4177037,Staff Nurse,0,4/15/2020,Medical Clinic,Medical Healthcare and Nursing,0,0,0,0
4176014,Rommelag Bottle Pack Machine Operator,0,4/9/2020,Pharmaceutical,Medical Healthcare and Nursing,Certification / diploma,0,0,0
4176010,Deputy Sales Manager,0,4/9/2020,Pharmaceutical,Medical Healthcare and Nursing,Bachelor's degree / higher diploma,0,0,0
4175700,Obstetrician-Gynecologists (LDR),Hirerightt,4/8/2020,Medical Clinic; Medical Hospital; Other Healthcare Services,Medical Healthcare and Nursing,0,Riyadh,0,0
4175394,ÿ»«¡ «”‰«‰,„Ã„Ê⁄…  ⁄«ÃÌ ÊÃ‰«Ì,4/6/2020,Dental Center & Clinic,Medical Healthcare and Nursing,0,Riyadh,0,10000
4175432,Dental Specialist,Magrabi Hospitals & Centers,4/6/2020,Medical Clinic,Medical Healthcare and Nursing,Master's degree,Central Province,0,0
4143011,Dental Specialist (Pedodontist),Magrabi Hospitals & Centers,4/6/2020,Medical Clinic,Medical Healthcare and Nursing,0,Central Province,0,0
1403917,Optometrist,Magrabi Hospitals & Centers,4/6/2020,Medical Hospital,Medical Healthcare and Nursing,Bachelor's degree / higher diploma,Western Province,0,0
4175422,CSSD Specialist,Magrabi Hospitals & Centers,4/6/2020,Medical Hospital,Medical Healthcare and Nursing,Bachelor's degree / higher diploma,Western Province,0,0
4175418,Staff Nurse,Magrabi Hospitals & Centers,4/6/2020,Medical Clinic,Medical Healthcare and Nursing,0,Riyadh,37,0
1696072,Ophthalmic Consultant,Magrabi Hospitals & Centers,4/6/2020,Medical Hospital,Medical Healthcare and Nursing,0,0,52,0
4174143,„„—÷,AL-Yamama Co.,4/5/2020,Civil Engineering,Medical Healthcare and Nursing,Certification / diploma,Riyadh,40,0
4174205,Male Nurse,AL-Yamama Co.,4/5/2020,Civil Engineering,Medical Healthcare and Nursing,Certification / diploma,Dammam,50,0
4166583,Ophthalmology Resident,Magrabi Hospitals & Centers,4/4/2020,Medical Clinic,Medical Healthcare and Nursing,Master's degree,Dammam,0,0
4175156,Anesthesia specialist,Magrabi Hospitals & Centers,4/4/2020,Medical Hospital,Medical Healthcare and Nursing,Master's degree,Jizan,0,0
4174346,‰«∆» √Ê· ÿ»Ì» »«ÿ‰…,„Ã„⁄ ÿ» ⁄«„,3/30/2020,Medical Clinic,Medical Healthcare and Nursing,Master's degree,Riyadh,0,0
4174213,Home Health‚ÄìAide,Al Falak,3/29/2020,Medical Clinic,Medical Healthcare and Nursing,Certification / diploma,0,0,0
4174211,Home Health-Registered Nurse,Al Falak,3/29/2020,Other Business Support Services,Medical Healthcare and Nursing,Certification / diploma,0,0,0
4173849,Project Nurse,M. M. Al Harbi & Partner Co. Ltd  ,3/25/2020,Construction & Building; Other Healthcare Services,Medical Healthcare and Nursing,0,Tabouk,0,0
4173317,HCO Team Leader ( Continuity of care team leader ) - Doctor,Bupa Arabia,3/23/2020,Insurance & TPA,Medical Healthcare and Nursing,Bachelor's degree / higher diploma,0,0,0
4172286,Saudi Arabia - Johns Hopkins Aramco Healthcare - Hematopathology,Cross Country Search,3/18/2020,Medical Hospital,Medical Healthcare and Nursing,0,Dhahran Al Janoub,0,0
4142685,Nurse Required,Medicine Center pharmaceutical Co.,3/8/2020,Medical & Healthcare Equipment,Medical Healthcare and Nursing,Bachelor's degree / higher diploma,Riyadh,0,0
4173254,Lab director,Rawaj Co. for Recruitment,3/22/2020,Other Healthcare Services,Medical Healthcare and Nursing,Doctorate,0,0,0
4173252,Specialist Dermatologist,Rawaj Co. for Recruitment,3/22/2020,Medical Clinic,Medical Healthcare and Nursing,Master's degree,Riyadh,0,0
4173251,Specialist Obstetrics And Gynecology,0,3/22/2020,Medical Clinic,Medical Healthcare and Nursing,Master's degree,Riyadh,0,0
4173090,Pharmacist,Aseer,3/22/2020,Pharmaceutical,Medical Healthcare and Nursing,Bachelor's degree / higher diploma,Aseer,40,2000
4172834,Œ’«∆Ì…  „—Ì÷,«·» —ÃÌ «·ÿ»ÌÂ,3/19/2020,Medical Clinic,Medical Healthcare and Nursing,Bachelor's degree / higher diploma,Medina,45,0
4171107,hiring for staff nurse,Habsons Jobsup ltd ,3/17/2020,Medical Hospital,Medical Healthcare and Nursing,0,Riyadh,0,6000
4053365,Private Duty Nurse,0,3/17/2020,Crude Petroleum & Gas Extraction,Medical Healthcare and Nursing,Bachelor's degree / higher diploma,Khobar,45,2000
4171090,Nurse,0,3/17/2020,Crude Petroleum & Gas Extraction,Medical Healthcare and Nursing,Bachelor's degree / higher diploma,Khobar,45,2000
4171092,Private  Nurse,0,3/17/2020,Crude Petroleum & Gas Extraction,Medical Healthcare and Nursing,Bachelor's degree / higher diploma,Khobar,45,2000
4169603,Dentist,0,3/15/2020,Dental Center & Clinic,Medical Healthcare and Nursing,0,0,0,0
3923486,Dental Assistant,Jobskey,3/15/2020,Human Resources Outsourcing,Medical Healthcare and Nursing,0,0,0,0
4101049,Radiology Specialist,Jobskey,3/15/2020,Medical Hospital,Medical Healthcare and Nursing,0,0,0,0
3891915,General Practitioner,Jobskey,3/15/2020,Medical Hospital,Medical Healthcare and Nursing,0,0,0,0
3891922,Nurse,0,3/15/2020,Medical Clinic; Other Healthcare Services,Medical Healthcare and Nursing,0,0,0,0
4137823,ER Physician,0,3/15/2020,Medical Hospital,Medical Healthcare and Nursing,0,0,0,0
4149532,Medical Director,Pfizer Nutrition-Represented by 0n Drugstore Co.,3/11/2020,Pharmaceutical,Medical Healthcare and Nursing,Bachelor's degree / higher diploma,0,0,0
4166579,Ophthalmology Resident,Magrabi Hospitals & Centers,3/11/2020,Medical Clinic,Medical Healthcare and Nursing,Master's degree,Dammam,0,0
4165621,Consultant Dermatologist,Dots Recruitment Consultants,3/10/2020,Medical Hospital,Medical Healthcare and Nursing,Doctorate,Riyadh,56,30000
4159351,Specialist - Medical Pre-Authorization,Bupa Arabia,3/4/2020,Insurance & TPA,Medical Healthcare and Nursing,Bachelor's degree / higher diploma,0,0,0
4159334,Officer - Medical Pre Authorization,Bupa Arabia,3/4/2020,Insurance & TPA,Medical Healthcare and Nursing,Bachelor's degree / higher diploma,0,0,0
4159280,"„ÊŸ› «” ﬁ»«·,",Gulf Veterinary Services Company,3/4/2020,Veterinary Hospital & Clinic,Medical Healthcare and Nursing,Bachelor's degree / higher diploma,Riyadh,30,1000
4130754,dietitian,Business Professional Services,3/3/2020,Other Healthcare Services,Medical Healthcare and Nursing,0,0,0,0
4157772,Fitness Trainer,KUN International Sports.,3/2/2020,Sports & Outdoor Activities,Medical Healthcare and Nursing,Certification / diploma,0,0,0
4157153,Consultant Plastic Surgery,Dots Recruitment Consultants,3/1/2020,Medical Hospital,Medical Healthcare and Nursing,Doctorate,Riyadh,57,30000
4156626,Emergency Medicine Consultant,Dots Recruitment Consultants,3/1/2020,Medical Hospital,Medical Healthcare and Nursing,Doctorate,Riyadh,56,30000
4124271, STAFFLANGUAGE PATHOLOGIST ,Ministry of Defence -Medical Services Directorate ,2/27/2020,Medical Hospital,Medical Healthcare and Nursing,0,Altaif,0,0
4124255,√Œ’«∆Ì ⁄‰«Ì… „—ﬂ“…,Ministry of Defence -Medical Services Directorate ,2/27/2020,Medical Hospital,Medical Healthcare and Nursing,0,Riyadh,0,0
4124263,›‰Ì ⁄·«Ã ÿ»Ì⁄Ì,Ministry of Defence -Medical Services Directorate ,2/27/2020,Medical Hospital,Medical Healthcare and Nursing,0,Riyadh,0,0
4124266,’Ìœ·Ì,Ministry of Defence -Medical Services Directorate ,2/27/2020,Medical Hospital,Medical Healthcare and Nursing,0,Riyadh,0,0
4124221,√Œ’«∆Ì ÿ» √”—… Ê „Ã „⁄,Ministry of Defence -Medical Services Directorate ,2/27/2020,Medical Hospital,Medical Healthcare and Nursing,0,Riyadh,0,0
4124251,ÿ»Ì» √Œ’«∆Ì ÿ» ÿÊ«—∆,Ministry of Defence -Medical Services Directorate ,2/27/2020,Medical Hospital,Medical Healthcare and Nursing,0,Riyadh,0,0
4124253,Nurse,Ministry of Defence -Medical Services Directorate ,2/27/2020,Medical Hospital,Medical Healthcare and Nursing,0,Riyadh,0,0
4124142,Staff Nurse 3- Labour Ward,Ministry of Defence -Medical Services Directorate ,2/27/2020,Medical Hospital,Medical Healthcare and Nursing,0,Riyadh,0,0
4124077,STAFF NURSE 2/ MALE WARD,Ministry of Defence -Medical Services Directorate ,2/27/2020,Medical Hospital,Medical Healthcare and Nursing,0,Riyadh,0,0
4124080,STAFF NURSE 2/OBSTETRIC WARD,Ministry of Defence -Medical Services Directorate ,2/27/2020,Medical Hospital,Medical Healthcare and Nursing,0,Riyadh,0,0
4124082,PT SPECIALIST CONSULTANT,Ministry of Defence -Medical Services Directorate ,2/27/2020,Medical Hospital,Medical Healthcare and Nursing,0,Riyadh,0,0
4124138, Staff Nurse 3- Obs & Gyane,Ministry of Defence -Medical Services Directorate ,2/27/2020,Medical Hospital,Medical Healthcare and Nursing,0,Riyadh,0,0
4122346,Œ’«∆Ì √Ê· ⁄‰«Ì… „—ﬂ“…,Ministry of Defence -Medical Services Directorate ,2/27/2020,Social Services,Medical Healthcare and Nursing,0,0,0,0
4123101,Registrar - Cardiology,Ministry of Defence -Medical Services Directorate ,2/27/2020,Medical Hospital,Medical Healthcare and Nursing,0,Riyadh,0,0
4123102,Registrar - Accident & Emergency,Ministry of Defence -Medical Services Directorate ,2/27/2020,Medical Hospital,Medical Healthcare and Nursing,0,Riyadh,0,0
4123104,STAFF NURSE 2 /CHRONIC WARD,Ministry of Defence -Medical Services Directorate ,2/27/2020,Medical Hospital,Medical Healthcare and Nursing,0,Riyadh,0,0
4123103,Senior Registrar - Accident & Emergency,Ministry of Defence -Medical Services Directorate ,2/27/2020,Medical Hospital,Medical Healthcare and Nursing,0,Riyadh,0,0
4155010,REQUIRED FEMALE NURSES FROM PAKISTAN FOR SAUDI ARABIA ,MS SYED  IJLAL ENTERPRISES,2/27/2020,Medical Hospital,Medical Healthcare and Nursing,Certification / diploma,Alkharj,40,1500
4154265,Business Development Manager,Ash-Sharafiya,2/26/2020,Medical Hospital; Medical Clinic,Medical Healthcare and Nursing,Master's degree,0,0,0
4154235,Change Management Specialist,Ash-Sharafiya,2/26/2020,Medical Hospital; Medical Clinic,Medical Healthcare and Nursing,Master's degree,0,0,0
4152037,Radiologist Specialist/Consultant,Dots Recruitment Consultants,2/23/2020,Medical Hospital,Medical Healthcare and Nursing,Master's degree,Riyadh,0,15000
4143862,cardiology consultant,Fircroft,2/20/2020,Medical Hospital,Medical Healthcare and Nursing,0,Riyadh,0,0
3842070,Sub-Specialty Consultant for Pediatric Allergist & Immunologist,King Fahad Medical City,10/7/2019,Other Healthcare Services,Medical Healthcare and Nursing,0,Riyadh,0,0
3841318,Consultant Microbiologist,King Fahad Medical City,10/3/2019,Other Healthcare Services,Medical Healthcare and Nursing,Doctorate,Riyadh,0,0
3841266,Sub-Specialty Consultant for Pediatric Pulmonologist,King Fahad Medical City,10/3/2019,Other Healthcare Services,Medical Healthcare and Nursing,Doctorate,Riyadh,0,0
3841265,Sub-Specialty Consultant for Pediatric Behavioral & Developmental Pediatrics,King Fahad Medical City,10/3/2019,Other Healthcare Services,Medical Healthcare and Nursing,Doctorate,Riyadh,0,0
3841160,Assistant Consultant Pediatric Emergency Medicine,King Fahad Medical City,10/2/2019,Other Healthcare Services,Medical Healthcare and Nursing,Doctorate,Riyadh,0,0
3841161,Assistant Consultant Adult Emergency Medicine,King Fahad Medical City,10/2/2019,Other Healthcare Services,Medical Healthcare and Nursing,Doctorate,NaN,0,0
3701530,Sub-Specialty Consultant Physiatrist,King Fahad Medical City,9/25/2019,Other Healthcare Services,Medical Healthcare and Nursing,Doctorate,Riyadh,0,0
3835831,Assistant Consultant in Epidemiology,King Fahad Medical City,9/11/2019,Other Healthcare Services,Medical Healthcare and Nursing,Master's degree,Riyadh,0,0
3832130,Pediatric Surgery  Sub-Specialty Consultant,King Fahad Medical City,8/29/2019,Other Healthcare Services,Medical Healthcare and Nursing,Doctorate,Riyadh,0,0
3789926,STAFF NURSE-KINGDOM OF SAUDI ARABIA,DaVita,4/12/2020,Medical Clinic,Medical Healthcare and Nursing,Bachelor's degree / higher diploma,NaN,0,0
3697828,Anesthesia Technician I,King Fahad Medical City,1/15/2020,Other Healthcare Services,Medical Healthcare and Nursing,Certification / diploma,Riyadh,0,0
3729924,Assistant Nurse,King Fahad Medical City,11/12/2019,Other Healthcare Services,Medical Healthcare and Nursing,Certification / diploma,Riyadh,0,0
3712116,Neonatology Specialty Consultant,King Fahad Medical City,2/28/2020,Other Healthcare Services,Medical Healthcare and Nursing,Doctorate,Riyadh,0,0
3711243,Urogynecology Subspecialty Consultant,King Fahad Medical City,8/24/2019,Other Healthcare Services,Medical Healthcare and Nursing,Doctorate,Riyadh,0,0
3710921,Reproductive Endocrine & Infertility Medicine Sub specialty Consultant,King Fahad Medical City,8/24/2019,Other Healthcare Services,Medical Healthcare and Nursing,Doctorate,Riyadh,0,0
3682530,Medical Technologist II,King Fahad Medical City,4/22/2019,Other Healthcare Services,Medical Healthcare and Nursing,Bachelor's degree / higher diploma,Riyadh,0,0
3447067,Home Care SubSpecialty Consultant,King Fahad Medical City,7/31/2019,Other Healthcare Services,Medical Healthcare and Nursing,Doctorate,Riyadh,0,0
3543966,Sub-Specialty Consultant Anesthesiologist - Cardiac Anesthesia,King Fahad Medical City,11/12/2019,Other Healthcare Services,Medical Healthcare and Nursing,Doctorate,Riyadh,0,0
3438671,Renal Dialysis Staff Nurse,DaVita,3/26/2020,Medical Hospital; Medical Clinic; Other Healthcare Services,Medical Healthcare and Nursing,Bachelor's degree / higher diploma,NaN,0,0
3564234,Staff Nurse,King Fahad Medical City,11/12/2019,Other Healthcare Services,Medical Healthcare and Nursing,Bachelor's degree / higher diploma,Riyadh,0,0
3544364,Sub-Specialty Consultant Anesthesiologist - Pediatric Anesthesia,King Fahad Medical City,11/12/2019,Other Healthcare Services,Medical Healthcare and Nursing,Doctorate,Riyadh,0,0
3543972,Sub-Specialty Consultant Anesthesiologist - Neuro Anesthesia,King Fahad Medical City,11/12/2019,Other Healthcare Services,Medical Healthcare and Nursing,Doctorate,Riyadh,0,0
3453896,Assistant Consultant_Pediatric Emergency Medicine,King Fahad Medical City,2/27/2020,Other Healthcare Services,Medical Healthcare and Nursing,Doctorate,Riyadh,0,0
3453820,Specialty Consultant_Adult Emergency Medicine,King Fahad Medical City,2/27/2020,Other Healthcare Services,Medical Healthcare and Nursing,Doctorate,Riyadh,0,0
3447324,Home Care Specialty Consultant,King Fahad Medical City,7/31/2019,Other Healthcare Services,Medical Healthcare and Nursing,Doctorate,Riyadh,0,0
3327920,Assistant Consultant - Adult Emergency Medicine,King Fahad Medical City,3/26/2020,Other Healthcare Services,Medical Healthcare and Nursing,0,Riyadh,0,0
55048458,Geophysicist,Saudi Aramco Shell Refining - SASREF,4/13/2020,Other Business Support Services,Medical Healthcare and Nursing,0,NaN,0,0
55044944,ENVIRONMENTAL AIDE,King Faisal Specialist Hospital & Research Centre,4/12/2020,Other Business Support Services,Medical Healthcare and Nursing,0,Riyadh,0,0
54955736,Director Clinical Governance Office ,King Fahad Specialist Hospital,4/5/2020,Other Healthcare Services,Medical Healthcare and Nursing,0,Dammam,0,0
54925572,CLINICAL DIETITIAN I,King Faisal Specialist Hospital & Research Centre,4/3/2020,Other Business Support Services,Medical Healthcare and Nursing,0,Riyadh,0,0
54942925,CARDIOVASCULAR TECHNOLOGIST NON-INVASIVE,King Faisal Specialist Hospital & Research Centre,4/3/2020,Other Business Support Services,Medical Healthcare and Nursing,0,Riyadh,0,0
54881261,Geophysicist,Aramco Services Company,3/29/2020,Oil & Gas,Medical Healthcare and Nursing,0,NaN,0,0
54866589,Senior Industrial Hygienist,Aramco Services Company,3/28/2020,Oil & Gas,Medical Healthcare and Nursing,0,NaN,0,0
54880316,Geophysicist - Unconventional,Aramco Services Company,3/28/2020,Oil & Gas,Medical Healthcare and Nursing,0,NaN,0,0
54800540,Clinical Pharmacist,Diaverum,3/25/2020,Other Healthcare Services,Medical Healthcare and Nursing,Bachelor's degree / higher diploma,Khulays,0,0
54800541,Clinical Pharmacist,Diaverum,3/25/2020,Other Healthcare Services,Medical Healthcare and Nursing,Bachelor's degree / higher diploma,Abu Areesh,0,0
54731607,Clinical Dietitian,Diaverum,3/20/2020,Medical Clinic,Medical Healthcare and Nursing,Bachelor's degree / higher diploma,0,0,0
54731608,Clinical Pharmacist ,Diaverum,3/20/2020,Other Healthcare Services,Medical Healthcare and Nursing,Bachelor's degree / higher diploma,0,0,0
54731611,Clinical Dietitian ,Diaverum,3/20/2020,Medical Clinic,Medical Healthcare and Nursing,Bachelor's degree / higher diploma,Yanbu,0,0
54731613,Clinical Pharmacist ,Diaverum,3/20/2020,Other Healthcare Services,Medical Healthcare and Nursing,Bachelor's degree / higher diploma,Mecca,0,0
54731616,Clinical Pharmacist,Diaverum,3/20/2020,Other Healthcare Services,Medical Healthcare and Nursing,Bachelor's degree / higher diploma,Mecca,0,0
54705408,Chairman Ophthalmology,King Faisal Specialist Hospital - Madinah,3/19/2020,Medical Hospital,Medical Healthcare and Nursing,0,Medina,0,0
54705588,Chairman Radiology,King Faisal Specialist Hospital - Madinah,3/19/2020,Medical Hospital,Medical Healthcare and Nursing,0,Medina,0,0
54706165,Chairman Medicine,King Faisal Specialist Hospital - Madinah,3/19/2020,Medical Hospital,Medical Healthcare and Nursing,0,Medina,0,0
54693538,Bed Manager,King Saud Medical City,3/18/2020,Medical Hospital,Medical Healthcare and Nursing,Bachelor's degree / higher diploma,Riyadh,0,0
54674766,Cardiac Surgery Consultant -Saud AlBabtain Cardiac Center - Saudi Only,King Fahad Specialist Hospital,3/17/2020,Other Healthcare Services,Medical Healthcare and Nursing,0,Dammam,0,0
54613486,Clinical Pharmacist (Aldawadmi - ÿßŸÑÿØŸàÿßÿØŸÖŸä),Diaverum,3/13/2020,Other Healthcare Services,Medical Healthcare and Nursing,Bachelor's degree / higher diploma,Aldawadmi,0,0
54592937,Medical Imaging Technologist - ¬†Breast Unit (KFSH-D),King Fahad Specialist Hospital,3/12/2020,Other Healthcare Services,Medical Healthcare and Nursing,0,Dammam,0,0
54612592,OPHTHALMIC PHOTOGRAPHER,King Faisal Specialist Hospital & Research Centre,3/11/2020,Other Business Support Services,Medical Healthcare and Nursing,0,NaN,0,0
54540264,OPHTHALMIC PHOTOGRAPHER,King Faisal Specialist Hospital & Research Centre,3/10/2020,Other Business Support Services,Medical Healthcare and Nursing,0,NaN,0,0
54524163,PHARMACIST I,King Faisal Specialist Hospital & Research Centre,3/9/2020,Other Business Support Services,Medical Healthcare and Nursing,0,Riyadh,0,0
54540623,PHARMACIST II,King Faisal Specialist Hospital & Research Centre,3/9/2020,Other Business Support Services,Medical Healthcare and Nursing,0,Riyadh,0,0
54607227,Registered Nurse- ER- Saudi Nationals,SmartRecruiters Jobs,3/9/2020,Other Business Support Services,Medical Healthcare and Nursing,0,Khobar,0,0
54419725,Medical Supply Planner,King Fahad Specialist Hospital,3/4/2020,Other Healthcare Services,Medical Healthcare and Nursing,0,Dammam,0,0
54425815,Registered Nurse-OT-Saudi Nationals,SmartRecruiters Jobs,3/4/2020,Other Business Support Services,Medical Healthcare and Nursing,0,Khobar,0,0
54437593,Infection Control Nurse- Saudi Nationals,SmartRecruiters Jobs,3/4/2020,Other Business Support Services,Medical Healthcare and Nursing,0,Khobar,0,0
54395114,Chief Medical Officer CMO,Additional Resources Ltd,3/3/2020,Other Business Support Services,Medical Healthcare and Nursing,0,NaN,0,0
54404953,Postdoctoral Fellow in Carbon Capture (CC) or Carbon Sequestration (CS),King Fahd University of Petroleum and Minerals,3/3/2020,Other Business Support Services,Medical Healthcare and Nursing,0,NaN,0,0
54384972,Clinical Pharmacist (Alkhobar - ÿßŸÑÿÆÿ®ÿ±),Diaverum,3/2/2020,Other Healthcare Services,Medical Healthcare and Nursing,Bachelor's degree / higher diploma,Khobar,0,0
54385018,Consultant -  Anesthesia  on Dammem Medical Complex,King Fahad Specialist Hospital,3/2/2020,Other Healthcare Services,Medical Healthcare and Nursing,0,Dammam,0,0
54322919,Paramedic - Riyadh,Pulse International,2/28/2020,Medical Hospital,Medical Healthcare and Nursing,0,Riyadh,0,0
54243491,Clinical Pharmacist (Arar - ÿπÿ±ÿπÿ±),Diaverum,2/24/2020,Other Healthcare Services,Medical Healthcare and Nursing,Bachelor's degree / higher diploma,Arar,0,0
54180959,Life Guard,Marriott International Inc & Ritz Carlton Hotel Company L.L.C.,2/21/2020,Other Business Support Services,Medical Healthcare and Nursing,0,0,0,0
54136463,Staff Nurse - Oncology Treatment Area,King Faisal Specialist Hospital - 0,2/20/2020,Medical Hospital,Medical Healthcare and Nursing,0,0,0,0
54101907,# Physician Jobs - Saudi-Arabia Private Medical Group,Global Medical Recruiting (GM Recruiting),2/18/2020,Other Business Support Services,Medical Healthcare and Nursing,0,NaN,0,0
54150234,CARDIOVASCULAR TECHNOLOGIST NON-INVASIVE,King Faisal Specialist Hospital & Research Centre,2/18/2020,Other Business Support Services,Medical Healthcare and Nursing,0,NaN,0,0
54089994,SENIOR CLINICAL PSYCHOLOGIST (PEDIATRICS),King Faisal Specialist Hospital & Research Centre,2/17/2020,Other Business Support Services,Medical Healthcare and Nursing,0,Riyadh,0,0
54010158,Health Club Supervisor - Crowne Plaza Riyadh Al Waha (Saudi Only),InterContinental Hotels Group,2/14/2020,Hospitality & Accomodation,Medical Healthcare and Nursing,0,NaN,0,0
53997404,Health Club Supervisor - Crowne Plaza Riyadh Al Waha (Saudi Only),InterContinental Hotels Group,2/13/2020,Hospitality & Accomodation,Medical Healthcare and Nursing,0,Riyadh,0,0
53931264,Hemodialysis Nurses,Subnet RTA,2/12/2020,Medical Clinic,Medical Healthcare and Nursing,0,NaN,0,0
53866784,√Œ’«∆Ì €Ì— ÿ»Ì» -  ŒœÌ—,King Saud Medical City,2/7/2020,Medical Hospital,Medical Healthcare and Nursing,Bachelor's degree / higher diploma,Riyadh,0,0
53863577,Pharmacy Training Coordinator,King Fahad Specialist Hospital,2/6/2020,Other Healthcare Services,Medical Healthcare and Nursing,0,Dammam,0,0
53856504,EDUCATION COORDINATOR PHARMACY,King Faisal Specialist Hospital & Research Centre,2/3/2020,Other Business Support Services,Medical Healthcare and Nursing,0,0,0,0
53812940,MRI TECHNOLOGIST,King Faisal Specialist Hospital & Research Centre,1/29/2020,Other Business Support Services,Medical Healthcare and Nursing,0,0,0,0
53796413,Consultant - Radiology (Interventional Neuro),King Saud Medical City,1/25/2020,Medical Hospital,Medical Healthcare and Nursing,0,Riyadh,0,0
53761737,Obstetrics and Gynaecology Consultant Dammam Saudi Arabia,Prospect Health,1/16/2020,Medical Hospital,Medical Healthcare and Nursing,0,NaN,0,0
53721207,Œ’«∆Ì  „—Ì÷,King Saud Medical City,1/13/2020,Residential & Nursing Care Services,Medical Healthcare and Nursing,Bachelor's degree / higher diploma,Riyadh,0,0
53708392,Consultant Physical Medicine and Rehabilitation Saudi Arabia,Prospect Health,1/12/2020,Medical Hospital,Medical Healthcare and Nursing,0,NaN,0,0
53708791,Consultant Nephrology Specialising in Dialysi Saudi Arabia,Prospect Health,1/12/2020,Medical Hospital,Medical Healthcare and Nursing,0,NaN,0,0
53710203,Obstetrics and Gynaecology Consultant Al Ahsa Saudi Arabia,Prospect Health,1/12/2020,Medical Hospital,Medical Healthcare and Nursing,0,NaN,0,0
53675666,Consultant - Radiology (Interventional Neuro),King Saud Medical City,1/8/2020,Medical Hospital,Medical Healthcare and Nursing,0,NaN,0,0
53540060,NICU Intermediate Staff Nurse - Riyadh,Pulse International,12/26/2019,Medical Hospital,Medical Healthcare and Nursing,0,Riyadh,0,0
53540061,Staff Nurse- Adult Cardiac Surgery HDU - Riyadh,Pulse International,12/26/2019,Medical Hospital,Medical Healthcare and Nursing,0,Riyadh,0,0
53540062,Staff Nurse- Adult Cardiology - Riyadh,Pulse International,12/26/2019,Medical Hospital,Medical Healthcare and Nursing,0,Riyadh,0,0
53540069,Nurse Manager- Paediatrics - Dammam,Pulse International,12/26/2019,Medical Hospital,Medical Healthcare and Nursing,0,Dammam,0,0
53519827,Senior Medical Technologist Cytogenetics,King Faisal Specialist Hospital - 0,12/24/2019,Medical Hospital,Medical Healthcare and Nursing,0,Riyadh,0,0
53519856,Senior Medical Technologist Molecular Genetics,King Faisal Specialist Hospital - 0,12/24/2019,Medical Hospital,Medical Healthcare and Nursing,0,Riyadh,0,0
53503879,Consultant Paediatric Emergency Medicine Riyadh Saudi Arabia,Prospect Health,12/23/2019,Medical Hospital,Medical Healthcare and Nursing,0,NaN,0,0
53518049,√Œ’«∆Ì €Ì— ÿ»Ì» -  ﬁ‰Ì… «·ﬁ·» (ﬁ”ÿ—… ﬁ·»Ì…),King Saud Medical City,12/23/2019,Medical Hospital,Medical Healthcare and Nursing,Bachelor's degree / higher diploma,Riyadh,0,0
54101456,Consultant Adult Transplant Nephrology,Prospect Health,12/12/2019,Medical Hospital,Medical Healthcare and Nursing,0,NaN,0,0
54766290,SHO - Accident & Emergency,Chase Resourcing International,12/7/2019,Other Healthcare Services,Medical Healthcare and Nursing,0,NaN,0,0
54766291,Registrar - Nephrology,Chase Resourcing International,12/7/2019,Medical Hospital,Medical Healthcare and Nursing,0,NaN,0,0
53295405,Medical Physicist,King Abdulaziz Medical City - 0,12/3/2019,Medical Hospital,Medical Healthcare and Nursing,0,Riyadh,0,0
53198868,Social Worker,King Fahad Specialist Hospital,11/24/2019,Other Healthcare Services,Medical Healthcare and Nursing,0,Dammam,0,0
52972095,Consultant - Adult Cardiology (Non Invasive),King Faisal Specialist Hospital - Madinah,11/7/2019,Medical Hospital,Medical Healthcare and Nursing,0,Medina,0,0
52972154,Consultant - Pediatric Cardiology (Non Invasive),King Faisal Specialist Hospital - Madinah,11/7/2019,Medical Hospital,Medical Healthcare and Nursing,0,Medina,0,0
52800066,Staff Nurse- Cardiac PET CT Scan - Riyadh,Pulse International,10/25/2019,Medical Hospital,Medical Healthcare and Nursing,0,Riyadh,0,0
52484318,Consultant-Cardiac Surgery(Saud AlBabtain Cardiac Center),King Fahad Specialist Hospital,9/30/2019,Other Healthcare Services,Medical Healthcare and Nursing,0,Dammam,0,0
52412646,Consultant - Nuclear Medicine,King Abdulaziz Medical City - 0,9/26/2019,Medical Hospital,Medical Healthcare and Nursing,0,Riyadh,0,0
52394013,Consultant - Nuclear Medicine,King Abdulaziz Hospital - Al Ahsa,9/25/2019,Medical Hospital,Medical Healthcare and Nursing,0,Alahsa,0,0
52325651,ÿ»Ì» «” ‘«—Ì - Ã—«Õ… «·ÊÃÂ Ê«·›ﬂÌ‰,King Saud Medical City,9/20/2019,Other Healthcare Services,Medical Healthcare and Nursing,0,Riyadh,0,0
51210407,Perfusionist - ÿ£ÿÆÿµÿßÿ¶Ÿä ÿ™ÿ±ŸàŸäÿ© ŸÇŸÑÿ®Ÿäÿ©,King Saud Medical City,9/2/2019,Other Business Support Services,Medical Healthcare and Nursing,Bachelor's degree / higher diploma,Riyadh,0,0
51196754,Consultant - Body Interventional Radiology,King Fahad Medical City,8/28/2019,Medical Hospital,Medical Healthcare and Nursing,0,Riyadh,0,0
51196805,Consultant - Craniofacial / Pediatric Plastic Surgery,King Fahad Medical City,8/28/2019,Medical Hospital,Medical Healthcare and Nursing,0,Riyadh,0,0
51196818,Consultant - Wrist /Peripheral Nerve Surgery,King Fahad Medical City,8/28/2019,Medical Hospital,Medical Healthcare and Nursing,0,Riyadh,0,0
51185894,Consultant - Kidney and Pancreas Transplant Surgery,King Faisal Specialist Hospital - 0,8/22/2019,Medical Hospital,Medical Healthcare and Nursing,0,Riyadh,0,0
51183627,Family Medicine Consultant (Home-care) - SAUDI-ARABIA,Global Medical Recruiting (GM Recruiting),8/21/2019,Other Business Support Services,Medical Healthcare and Nursing,0,NaN,0,0
51174362,Facility Nurse,Modern Bus Company Ltd,8/15/2019,Motor Vehicle Passenger Transport,Medical Healthcare and Nursing,0,Mecca,0,0
51171337,Chairman - Surgery,King Faisal Specialist Hospital - 0,8/14/2019,Medical Hospital,Medical Healthcare and Nursing,0,0,0,0
51106248,Pediatric Emergency Medicine (ER) Consultant - KSA,Global Medical Recruiting (GM Recruiting),7/17/2019,Other Business Support Services,Medical Healthcare and Nursing,0,Khobar,0,0
51020451,Consultant - Critical Care (Pediatric),King Faisal Specialist Hospital - 0,6/12/2019,Medical Hospital,Medical Healthcare and Nursing,0,Riyadh,0,0
50977755,Clinical Nursing Coordinator - Day Surgical OR,King Faisal Specialist Hospital - Madinah,5/23/2019,Medical Hospital,Medical Healthcare and Nursing,0,Medina,0,0
50977867,Staff Nurse - Outpatient Clinic,King Faisal Specialist Hospital - Madinah,5/23/2019,Medical Hospital,Medical Healthcare and Nursing,0,Medina,0,0
50977881,Staff Nurse - Isolation Unit,King Faisal Specialist Hospital - Madinah,5/23/2019,Medical Hospital,Medical Healthcare and Nursing,0,Medina,0,0
50977911,Staff Nurse - Protocol Clinics,King Faisal Specialist Hospital - Madinah,5/23/2019,Medical Hospital,Medical Healthcare and Nursing,0,Medina,0,0
50977914,Staff Nurse - Obstetrics/Gynecology,King Faisal Specialist Hospital - Madinah,5/23/2019,Medical Hospital,Medical Healthcare and Nursing,0,Medina,0,0
50977919,Staff Nurse - Family Medicine,King Faisal Specialist Hospital - Madinah,5/23/2019,Medical Hospital,Medical Healthcare and Nursing,0,Medina,0,0
50873890,Cardiovascular Technologist Non-Invasive,King Faisal Specialist Hospital - Madinah,5/7/2019,Medical Hospital,Medical Healthcare and Nursing,0,Medina,0,0
50910074,Senior Cardiovascular Technologist Non-Invasive,King Faisal Specialist Hospital - Madinah,5/7/2019,Medical Hospital,Medical Healthcare and Nursing,0,Medina,0,0
50892895,Consultant - Pediatric Infectious Disease,King Faisal Specialist Hospital - Madinah,5/3/2019,Medical Hospital,Medical Healthcare and Nursing,0,Medina,0,0
50911064,Consultant - Surgery Breast and Endocrine,King Faisal Specialist Hospital - Madinah,5/3/2019,Medical Hospital,Medical Healthcare and Nursing,0,Medina,0,0
50878231,Senior Consultant - Cardiac Surgery Adult,King Faisal Specialist Hospital - 0,4/13/2020,Medical Hospital,Medical Healthcare and Nursing,0,Riyadh,0,0
50699374,Chairman - Emergency Medicine,King Abdulaziz Medical City - 0,2/8/2020,Medical Hospital,Medical Healthcare and Nursing,0,0,0,0
50686384,NICU Specialist Physician,Global Medical Recruiting (GM Recruiting),2/4/2020,Other Business Support Services,Medical Healthcare and Nursing,0,NaN,0,0
50686720,PICU Specialist Physician,Global Medical Recruiting (GM Recruiting),2/4/2020,Other Business Support Services,Medical Healthcare and Nursing,0,NaN,0,0
50686919,Neuro Spinal Surgeon Consultant,Global Medical Recruiting (GM Recruiting),2/4/2020,Other Business Support Services,Medical Healthcare and Nursing,0,NaN,0,0
50680363,Staff Nurse I - Oncology Treatment Area,King Faisal Specialist Hospital - 0,2/2/2020,Medical Hospital,Medical Healthcare and Nursing,0,0,0,0
50680370,Staff Nurse I - Protocol Unit,King Faisal Specialist Hospital - 0,2/2/2020,Medical Hospital,Medical Healthcare and Nursing,0,0,0,0
50680391,Staff Nurse I - Neonatal ICU (NICU),King Faisal Specialist Hospital - 0,2/2/2020,Medical Hospital,Medical Healthcare and Nursing,0,0,0,0
50680402,Staff Nurse I - Cardiovascular Telemetry (CVT),King Faisal Specialist Hospital - 0,2/2/2020,Medical Hospital,Medical Healthcare and Nursing,0,0,0,0
50680405,Staff Nurse I - Medical Surgical ICU (MSICU),King Faisal Specialist Hospital - 0,2/2/2020,Medical Hospital,Medical Healthcare and Nursing,0,0,0,0
50680407,Staff Nurse I - Pediatric ICU (PICU),King Faisal Specialist Hospital - 0,2/2/2020,Medical Hospital,Medical Healthcare and Nursing,0,0,0,0
50680408,Staff Nurse I - Oncology (Adult),King Faisal Specialist Hospital - 0,2/2/2020,Medical Hospital,Medical Healthcare and Nursing,0,0,0,0
50680410,Staff Nurse I - Transplant Unit,King Faisal Specialist Hospital - 0,2/2/2020,Medical Hospital,Medical Healthcare and Nursing,0,0,0,0
50680411,Staff Nurse I - Surgical ICU (SICU),King Faisal Specialist Hospital - 0,2/2/2020,Medical Hospital,Medical Healthcare and Nursing,0,0,0,0
50680412,Staff Nurse I - Cardiac Surgical ICU (CSICU),King Faisal Specialist Hospital - 0,2/2/2020,Medical Hospital,Medical Healthcare and Nursing,0,0,0,0
50680413,Staff Nurse I -  Pediatric Unit,King Faisal Specialist Hospital - 0,2/2/2020,Medical Hospital,Medical Healthcare and Nursing,0,0,0,0
50678470,Cardiovascular Technologist Non-Invasive,King Faisal Specialist Hospital - 0,2/1/2020,Medical Hospital,Medical Healthcare and Nursing,0,Riyadh,0,0
50678484,Cardiovascular Technologist Non-Invasive,King Faisal Specialist Hospital - 0,2/1/2020,Medical Hospital,Medical Healthcare and Nursing,0,0,0,0
50678505,Nurse Director - Comprehensive Cancer Center,King Fahad Medical City,2/1/2020,Medical Hospital,Medical Healthcare and Nursing,0,Riyadh,0,0
50678509,Nurse Manager - National Neuroscience Institute,King Fahad Medical City,2/1/2020,Medical Hospital,Medical Healthcare and Nursing,0,Riyadh,0,0
50678522,Nurse Manager - Main Hospital,King Fahad Medical City,2/1/2020,Medical Hospital,Medical Healthcare and Nursing,0,Riyadh,0,0
50678530,Nurse Manager - Emergency Department,King Fahad Medical City,2/1/2020,Medical Hospital,Medical Healthcare and Nursing,0,Riyadh,0,0
50678535,Nurse Manager - Rehabilitation Hospital,King Fahad Medical City,2/1/2020,Medical Hospital,Medical Healthcare and Nursing,0,Riyadh,0,0
50678543,Nurse Manager - Operating Room,King Fahad Medical City,2/1/2020,Medical Hospital,Medical Healthcare and Nursing,0,Riyadh,0,0
50678559,Nurse Director - Childrens Specialized Hospital,King Fahad Medical City,2/1/2020,Medical Hospital,Medical Healthcare and Nursing,0,Riyadh,0,0
50519202,Consultant - Adult Cardiology (Congenital Heart Diseases),King Faisal Specialist Hospital - 0,1/7/2020,Medical Hospital,Medical Healthcare and Nursing,0,Riyadh,0,0
50519547,Advanced Clinical Specialist - Wound Care Nursing Support,King Faisal Specialist Hospital - 0,1/7/2020,Medical Hospital,Medical Healthcare and Nursing,0,Riyadh,0,0
50526149,Consultant - Interventional Pediatric Cardiology,King Fahad Medical City,1/7/2020,Medical Hospital,Medical Healthcare and Nursing,0,Riyadh,0,0
50527815,Nurse Manager - Coronary Care Unit,King Abdulaziz Medical City - 0,1/7/2020,Medical Hospital,Medical Healthcare and Nursing,0,Riyadh,0,0
50527935,Nurse Manager - Pediatric Medical Surgical,King Abdulaziz Medical City - 0,1/7/2020,Medical Hospital,Medical Healthcare and Nursing,0,Riyadh,0,0
50527952,Nurse Manager Cardiac OR,King Abdulaziz Medical City - 0,1/7/2020,Medical Hospital,Medical Healthcare and Nursing,0,Riyadh,0,0
50528933,Staff Nurse I - Medical / Hepatology,King Abdulaziz Medical City - 0,1/7/2020,Medical Hospital,Medical Healthcare and Nursing,0,Riyadh,0,0
50535770,Chairman - Obstetrics & Gynecology,King Abdulaziz Hospital - Al Ahsa,1/7/2020,Medical Hospital,Medical Healthcare and Nursing,0,Alahsa,0,0
50535782,Chairman - Obstetrics and Gynecology,King Faisal Specialist Hospital - 0,1/7/2020,Medical Hospital,Medical Healthcare and Nursing,0,0,0,0
50535895,Consultant - Hematology/Bone Marrow Transplant,King Faisal Specialist Hospital - 0,1/7/2020,Medical Hospital,Medical Healthcare and Nursing,0,Riyadh,0,0
50535908,Consultant - Non-Invasive Echo Cardiologist,King Faisal Specialist Hospital - 0,1/7/2020,Medical Hospital,Medical Healthcare and Nursing,0,0,0,0
50535923,Consultant - Anesthesiologist (Orthopedics / Plastics),King Faisal Specialist Hospital - 0,1/7/2020,Medical Hospital,Medical Healthcare and Nursing,0,Riyadh,0,0
50535927,Consultant - Anesthesiologist (Transplant and Cancer),King Faisal Specialist Hospital - 0,1/7/2020,Medical Hospital,Medical Healthcare and Nursing,0,Riyadh,0,0
50535945,Consultant - Radiology (General / Interventional),King Faisal Specialist Hospital - 0,1/7/2020,Medical Hospital,Medical Healthcare and Nursing,0,0,0,0
50535950,Consultant - Critical Care Medicine,King Faisal Specialist Hospital - 0,1/7/2020,Medical Hospital,Medical Healthcare and Nursing,0,Riyadh,0,0
50535951,Consultant - Critical Care Medicine,King Faisal Specialist Hospital - 0,1/7/2020,Medical Hospital,Medical Healthcare and Nursing,0,0,0,0
50535982,Staff Nurse - RTU (Renal Transplant Unit),King Faisal Specialist Hospital - 0,1/7/2020,Medical Hospital,Medical Healthcare and Nursing,0,0,0,0
50535990,Senior Consultant Pediatric / Adult Neuro Surgery,King Faisal Specialist Hospital - 0,1/7/2020,Medical Hospital,Medical Healthcare and Nursing,0,Riyadh,0,0
50535997,Consultant Comprehensive Neuro-Ophthalmology,King Faisal Specialist Hospital - 0,1/7/2020,Medical Hospital,Medical Healthcare and Nursing,0,Riyadh,0,0
50536028,Consultant - Thoracic Chest Radiology,King Faisal Specialist Hospital - 0,1/7/2020,Medical Hospital,Medical Healthcare and Nursing,0,Riyadh,0,0
50536037,Consultant Congenital Cardiac Surgeon,King Faisal Specialist Hospital - 0,1/7/2020,Medical Hospital,Medical Healthcare and Nursing,0,Riyadh,0,0
50536040,Nursing Supervisor (Emergency Room),Security Forces Hospital,1/7/2020,Medical Hospital,Medical Healthcare and Nursing,0,Riyadh,0,0
50536047,Nursing Supervisor - Nursing Education,King Abdulaziz Medical City - 0,1/7/2020,Medical Hospital,Medical Healthcare and Nursing,0,Riyadh,0,0
50536050,Consultant Pediatric Cardiac Surgery,King Faisal Specialist Hospital - 0,1/7/2020,Medical Hospital,Medical Healthcare and Nursing,0,Riyadh,0,0
50536053,Nursing Supervisor - Nursing Coordinator Program,King Abdulaziz Medical City - 0,1/7/2020,Medical Hospital,Medical Healthcare and Nursing,0,Riyadh,0,0
50536135,Nurse Manager - Emergency Room,Prince Mohammad Bin Abdulaziz Hospital - Madinah,1/7/2020,Medical Hospital,Medical Healthcare and Nursing,0,Medina,0,0
50536139,Nurse Manager - Outpatient Clinic,King Abdulaziz Hospital - Al Ahsa,1/7/2020,Medical Hospital,Medical Healthcare and Nursing,0,Alahsa,0,0
50536228,Chairman - Emergency Medicine,King Abdulaziz Hospital - Al Ahsa,1/7/2020,Medical Hospital,Medical Healthcare and Nursing,0,Alahsa,0,0
50536367,Nurse Manager - Medical Unit,King Abdulaziz Medical City - 0,1/7/2020,Medical Hospital,Medical Healthcare and Nursing,0,Riyadh,0,0
50536374,Staff Nurse I - Neurosciences ICU,King Abdulaziz Medical City - 0,1/7/2020,Medical Hospital,Medical Healthcare and Nursing,0,Riyadh,0,0
50536377,Nurse Manager - Medical / Hepatology,King Abdulaziz Medical City - 0,1/7/2020,Medical Hospital,Medical Healthcare and Nursing,0,Riyadh,0,0
50536378,Nurse Coordinator - Pediatric Medical Surgical,King Abdulaziz Medical City - 0,1/7/2020,Medical Hospital,Medical Healthcare and Nursing,0,Riyadh,0,0
50536381,Consultant - Physical Medicine & Rehabilitation,King Abdulaziz Medical City - 0,1/7/2020,Medical Hospital,Medical Healthcare and Nursing,0,Riyadh,0,0
50536404,Consultant - Pediatric Emergency Medicine,King Faisal Specialist Hospital - 0,1/7/2020,Medical Hospital,Medical Healthcare and Nursing,0,Riyadh,0,0
50536407,Nurse Coordinator - Medical Imaging,King Abdulaziz Medical City - 0,1/7/2020,Medical Hospital,Medical Healthcare and Nursing,0,Riyadh,0,0
50536440,Nurse Coordinator - Nursery Admission,King Abdulaziz Medical City - 0,1/7/2020,Medical Hospital,Medical Healthcare and Nursing,0,Riyadh,0,0
50536441,Nurse Coordinator - Adult Transplant Medical Surgical HDU (High Dependency Unit),King Abdulaziz Medical City - 0,1/7/2020,Medical Hospital,Medical Healthcare and Nursing,0,Riyadh,0,0
50536464,Clinical Nurse Coordinator ‚Äì Pulmonary Hypertension,King Faisal Specialist Hospital - 0,1/7/2020,Medical Hospital,Medical Healthcare and Nursing,0,Riyadh,0,0
50536477,Nurse Coordinator - Adult Transplant Medical Surgical,King Abdulaziz Medical City - 0,1/7/2020,Medical Hospital,Medical Healthcare and Nursing,0,Riyadh,0,0
50536488,Nurse Manager - Pediatric General,King Abdulaziz Medical City - 0,1/7/2020,Medical Hospital,Medical Healthcare and Nursing,0,Riyadh,0,0
50536494,Consultant - Heart Transplant/Heart Failure,King Faisal Specialist Hospital - 0,1/7/2020,Medical Hospital,Medical Healthcare and Nursing,0,Riyadh,0,0
50536497,Staff Nurse I - Pediatric Hematology,King Abdulaziz Medical City - 0,1/7/2020,Medical Hospital,Medical Healthcare and Nursing,0,Riyadh,0,0
50536507,Consultant Ophthalmology with Glaucoma Specialty,King Faisal Specialist Hospital - 0,1/7/2020,Medical Hospital,Medical Healthcare and Nursing,0,Riyadh,0,0
50536512,Nurse Manager - Adult Cardiac Surgical High Dependency Unit,King Abdulaziz Medical City - 0,1/7/2020,Medical Hospital,Medical Healthcare and Nursing,0,Riyadh,0,0
50536514,Clinical Nurse Coordinator Renal Transplant Clinic,King Faisal Specialist Hospital - 0,1/7/2020,Medical Hospital,Medical Healthcare and Nursing,0,Riyadh,0,0
50536517,Nurse Coordinator - Adult Oncology Medical Surgical,King Abdulaziz Medical City - 0,1/7/2020,Medical Hospital,Medical Healthcare and Nursing,0,Riyadh,0,0
50536521,Nurse Manager - Cardiac PET/CT Scan,King Abdulaziz Medical City - 0,1/7/2020,Medical Hospital,Medical Healthcare and Nursing,0,Riyadh,0,0
50536523,Staff Nurse - ICU / PICU,Prince Imam Abdulrahman Al Faisal Hospital - 0,1/7/2020,Medical Hospital,Medical Healthcare and Nursing,0,Dammam,0,0
50536530,Cardiovascular Technologist Invasive,King Faisal Specialist Hospital - 0,1/7/2020,Medical Hospital,Medical Healthcare and Nursing,0,Riyadh,0,0
50536531,Staff Nurse I - Cardiac Catheterization,King Abdulaziz Medical City - 0,1/7/2020,Medical Hospital,Medical Healthcare and Nursing,0,Riyadh,0,0
50536535,Staff Nurse I - Medical Unit,King Abdulaziz Medical City - 0,1/7/2020,Medical Hospital,Medical Healthcare and Nursing,0,Riyadh,0,0
50536536,Staff Nurse I - Adult Cardiac Surgical High Dependency Unit (HDU),King Abdulaziz Medical City - 0,1/7/2020,Medical Hospital,Medical Healthcare and Nursing,0,Riyadh,0,0
50536537,Staff Nurse I - Labor & Delivery,Prince Imam Abdulrahman Al Faisal Hospital - 0,1/7/2020,Medical Hospital,Medical Healthcare and Nursing,0,Dammam,0,0
50536538,Consultant - Pediatric Emergency Medicine,King Faisal Specialist Hospital - 0,1/7/2020,Medical Hospital,Medical Healthcare and Nursing,0,0,0,0
50536539,Consultant - Pediatric Behavioral Developmental,King Fahad Medical City,1/7/2020,Medical Hospital,Medical Healthcare and Nursing,0,Riyadh,0,0
50536540,Nurse Coordinator - Emergency Department,King Abdulaziz Medical City - 0,1/7/2020,Medical Hospital,Medical Healthcare and Nursing,0,Riyadh,0,0
50536545,Nurse Manager - Adult Cardiology High Dependency Unit,King Abdulaziz Medical City - 0,1/7/2020,Medical Hospital,Medical Healthcare and Nursing,0,Riyadh,0,0
50536567,Consultant - Pediatric Infectious Diseases,King Faisal Specialist Hospital - 0,1/7/2020,Medical Hospital,Medical Healthcare and Nursing,0,0,0,0
50536572,Consultant - Adult Emergency Medicine,King Faisal Specialist Hospital - 0,1/7/2020,Medical Hospital,Medical Healthcare and Nursing,0,0,0,0
50536573,Consultant - Transplant and Hepatobiliary-Pancreatic Surgery,King Faisal Specialist Hospital - 0,1/7/2020,Medical Hospital,Medical Healthcare and Nursing,0,0,0,0
50536580,Nurse Specialist - Cardiac Operation,King Abdulaziz Medical City - 0,1/7/2020,Medical Hospital,Medical Healthcare and Nursing,0,Riyadh,0,0
50536586,Clinical Nurse Coordinator Radiology,King Faisal Specialist Hospital - 0,1/7/2020,Medical Hospital,Medical Healthcare and Nursing,0,Riyadh,0,0
50536590,Consultant - Pediatric Cardiac Anesthesiologist,King Faisal Specialist Hospital - 0,1/7/2020,Medical Hospital,Medical Healthcare and Nursing,0,0,0,0
50536595,Nurse Specialist - Infection Control,King Abdulaziz Medical City - 0,1/7/2020,Medical Hospital,Medical Healthcare and Nursing,0,Riyadh,0,0
50536601,Nurse Specialist - Education,King Abdulaziz Medical City - 0,1/7/2020,Medical Hospital,Medical Healthcare and Nursing,0,Riyadh,0,0
50536602,Nurse Manager - Pediatric Medical Surgical (Neuro Med & Surg Ped),King Abdulaziz Medical City - 0,1/7/2020,Medical Hospital,Medical Healthcare and Nursing,0,Riyadh,0,0
50536611,Staff Nurse I - Pediatric Medical Surgical (Neuro Med & Surg Ped),King Abdulaziz Medical City - 0,1/7/2020,Medical Hospital,Medical Healthcare and Nursing,0,Riyadh,0,0
50536613,Consultant - Adult Emergency Medicine,King Faisal Specialist Hospital - 0,1/7/2020,Medical Hospital,Medical Healthcare and Nursing,0,Riyadh,0,0
50536616,Nurse Coordinator - Cardiac Operation,King Abdulaziz Medical City - 0,1/7/2020,Medical Hospital,Medical Healthcare and Nursing,0,Riyadh,0,0
50536623,Nurse Coordinator - Medical Unit,King Abdulaziz Medical City - 0,1/7/2020,Medical Hospital,Medical Healthcare and Nursing,0,Riyadh,0,0
50536627,Nurse Coordinator - Dialysis South Center,King Abdulaziz Medical City - 0,1/7/2020,Medical Hospital,Medical Healthcare and Nursing,0,Riyadh,0,0
50536636,Nurse Manager - Non-invasive Unit,King Abdulaziz Medical City - 0,1/7/2020,Medical Hospital,Medical Healthcare and Nursing,0,Riyadh,0,0
50536640,Nursing Supervisor - CSSD,King Abdulaziz Medical City - 0,1/7/2020,Medical Hospital,Medical Healthcare and Nursing,0,Riyadh,0,0
50536641,Nursing Supervisor - ICU,King Abdulaziz Medical City - 0,1/7/2020,Medical Hospital,Medical Healthcare and Nursing,0,Riyadh,0,0
50536656,Consultant - Cardiac ICU Heart Center,King Faisal Specialist Hospital - 0,1/7/2020,Medical Hospital,Medical Healthcare and Nursing,0,Riyadh,0,0
50536660,Nurse Specialist - Nursing Administration,King Abdulaziz Medical City - 0,1/7/2020,Medical Hospital,Medical Healthcare and Nursing,0,Riyadh,0,0
50536682,Nurse Coordinator - Pediatric High Dependency,King Abdulaziz Medical City - 0,1/7/2020,Medical Hospital,Medical Healthcare and Nursing,0,Riyadh,0,0
50536688,Clinical Nurse Coordinator Liver Transplant Clinic,King Faisal Specialist Hospital - 0,1/7/2020,Medical Hospital,Medical Healthcare and Nursing,0,Riyadh,0,0
50536689,Chairman - Medicine,King Faisal Specialist Hospital - 0,1/7/2020,Medical Hospital,Medical Healthcare and Nursing,0,0,0,0
50536690,Assistant Nursing Supervisor - Operating Room,King Abdulaziz Medical City - 0,1/7/2020,Medical Hospital,Medical Healthcare and Nursing,0,Riyadh,0,0
50536691,Consultant Pediatric Transplant Hepatology,King Faisal Specialist Hospital - 0,1/7/2020,Medical Hospital,Medical Healthcare and Nursing,0,Riyadh,0,0
50536698,Chairman - Cardiovascular Diseases,King Faisal Specialist Hospital - 0,1/7/2020,Medical Hospital,Medical Healthcare and Nursing,0,0,0,0
50536702,Consultant - Pediatric Cardiovascular ICU,King Abdulaziz Medical City - 0,1/7/2020,Medical Hospital,Medical Healthcare and Nursing,0,0,0,0
50536706,Nurse Manager - Adult Transplant Medical Surgical,King Abdulaziz Medical City - 0,1/7/2020,Medical Hospital,Medical Healthcare and Nursing,0,Riyadh,0,0
50536724,Nurse Coordinator - ICU Adult,King Abdulaziz Medical City - 0,1/7/2020,Medical Hospital,Medical Healthcare and Nursing,0,Riyadh,0,0
50536728,Staff Nurse Homecare Pediatrics,King Abdullah Specialist Children Hospital,1/7/2020,Medical Hospital,Medical Healthcare and Nursing,0,Riyadh,0,0
50536729,Nursing Quality Improvement Coordinator,King Faisal Specialist Hospital - 0,1/7/2020,Medical Hospital,Medical Healthcare and Nursing,0,Riyadh,0,0
50536742,Consultant - Pediatric Physiatrist (Physical Medicine and Rehabilitation),King Fahad Medical City,1/7/2020,Medical Hospital,Medical Healthcare and Nursing,0,Riyadh,0,0
50536744,Consultant - Pediatric Infectious Diseases,King Faisal Specialist Hospital - 0,1/7/2020,Medical Hospital,Medical Healthcare and Nursing,0,Riyadh,0,0
50536748,Nurse Manager - Antenatal,King Abdulaziz Medical City - 0,1/7/2020,Medical Hospital,Medical Healthcare and Nursing,0,Riyadh,0,0
50536793,Staff Nurse I - Women's Oncology Medical Surgical,King Abdulaziz Medical City - 0,1/7/2020,Medical Hospital,Medical Healthcare and Nursing,0,Riyadh,0,0
50536807,Nursing Supervisor - Administrative,Aldara Hospital and Medical Center,1/7/2020,Medical Hospital,Medical Healthcare and Nursing,0,Riyadh,0,0
50536811,Staff Nurse I - Pediatric Medical Surgical (Nephro & Med Peds),King Abdulaziz Medical City - 0,1/7/2020,Medical Hospital,Medical Healthcare and Nursing,0,Riyadh,0,0
50536819,Staff Nurse I - Neonatal ICU,King Abdulaziz Medical City - 0,1/7/2020,Medical Hospital,Medical Healthcare and Nursing,0,Riyadh,0,0
50536826,Staff Nurse I - Pediatric Medical Surgical,King Abdulaziz Medical City - 0,1/7/2020,Medical Hospital,Medical Healthcare and Nursing,0,Riyadh,0,0
50536833,Ambulatory Care Education Coordinator,King Faisal Specialist Hospital - 0,1/7/2020,Medical Hospital,Medical Healthcare and Nursing,0,Riyadh,0,0
50536846,Consultant Musculoskeletal Radiology with Fellowship Certification,King Faisal Specialist Hospital - 0,1/7/2020,Medical Hospital,Medical Healthcare and Nursing,0,Riyadh,0,0
50536849,Staff Nurse I - Code Blue Program,King Abdulaziz Medical City - 0,1/7/2020,Medical Hospital,Medical Healthcare and Nursing,0,Riyadh,0,0
50553981,Consultant - Transplant and Hepatobiliary-Pancreatic Surgery,King Faisal Specialist Hospital - 0,1/7/2020,Medical Hospital,Medical Healthcare and Nursing,0,Riyadh,0,0
50556602,Nurse Manager - Coronary Care Unit,Prince Mohammad Bin Abdulaziz Hospital - Madinah,1/7/2020,Medical Hospital,Medical Healthcare and Nursing,0,Medina,0,0
50560943,Nursing Service Manager - Dental University Hospital,King Saud Medical City,1/7/2020,Medical Hospital,Medical Healthcare and Nursing,0,Riyadh,0,0
50561867,Staff Nurse I - Nursery Admission,King Abdulaziz Medical City - 0,1/7/2020,Medical Hospital,Medical Healthcare and Nursing,0,Riyadh,0,0
50562630,Staff Nurse I - Pediatric Cardiac ICU (PCICU),King Abdulaziz Medical City - 0,1/7/2020,Medical Hospital,Medical Healthcare and Nursing,0,Riyadh,0,0
50466539,Dialysis Staff Nurse (Qunfutha - ÿßŸÑŸÇŸÜŸÅÿ∞ÿ©),Diaverum,11/15/2019,Medical Clinic,Medical Healthcare and Nursing,Bachelor's degree / higher diploma,Alqunfithah,0,0
50466540,Dialysis Staff Nurse (Madinah City - ÿßŸÑŸÖÿØŸäŸÜÿ© ÿßŸÑŸÖŸÜŸàÿ±ÿ©),Diaverum,11/15/2019,Medical Clinic,Medical Healthcare and Nursing,Bachelor's degree / higher diploma,Medina,0,0
50466543,Dialysis Staff Nurse (Abha City - ŸÖÿØŸäŸÜÿ© ÿ£ÿ®Ÿáÿß),Diaverum,11/15/2019,Other Healthcare Services,Medical Healthcare and Nursing,Bachelor's degree / higher diploma,Abha,0,0
50466544,Dialysis Staff Nurse,Diaverum,11/15/2019,Residential & Nursing Care Services,Medical Healthcare and Nursing,Bachelor's degree / higher diploma,Hafr Albaten,0,0
50466546,Dialysis Staff Nurse (Al Dawadmi  - ÿßŸÑÿØŸàÿßÿØŸÖŸä),Diaverum,11/15/2019,Other Healthcare Services,Medical Healthcare and Nursing,Bachelor's degree / higher diploma,Aldawadmi,0,0
50467040,Dialysis Staff Nurse (Buridah- ÿ®ÿ±ŸäÿØÿ©),Diaverum,11/15/2019,Medical Clinic,Medical Healthcare and Nursing,Bachelor's degree / higher diploma,Buraidah,0,0
50467041,Dialysis Staff Nurse (Hail City - ŸÖÿØŸäŸÜÿ© ÿ≠ÿßÿ¶ŸÑ),Diaverum,11/15/2019,Other Healthcare Services,Medical Healthcare and Nursing,Bachelor's degree / higher diploma,Hail,0,0
50467042,Dialysis Staff Nurse (Alrass - ÿßŸÑÿ±ÿ≥),Diaverum,11/15/2019,Other Healthcare Services,Medical Healthcare and Nursing,Bachelor's degree / higher diploma,Alqasim,0,0
50467044,Dialyses Staff Nurse (Namerah - ŸÜŸÖÿ±Ÿá),Diaverum,11/15/2019,Other Healthcare Services,Medical Healthcare and Nursing,Bachelor's degree / higher diploma,NaN,0,0
50467612,Dialysis Staff Nurse (Taif City - ÿßŸÑÿ∑ÿßÿ¶ŸÅ),Diaverum,11/15/2019,Other Healthcare Services,Medical Healthcare and Nursing,Bachelor's degree / higher diploma,Altaif,0,0
50467613,Dialysis Staff Nurse (Najran City - ŸÜÿ¨ÿ±ÿßŸÜ),Diaverum,11/15/2019,Medical Clinic,Medical Healthcare and Nursing,Bachelor's degree / higher diploma,Najran,0,0
50467614,Dialysis Staff Nurse (Yanbu City - ŸÖÿØŸäŸÜÿ© ŸäŸÜÿ®ÿπ),Diaverum,11/15/2019,Medical Clinic,Medical Healthcare and Nursing,Bachelor's degree / higher diploma,Yanbu,0,0
50467615,Dialysis Staff Nurse (Khamis Mushait - ÿÆŸÖŸäÿ≥ ŸÖÿ¥Ÿäÿ∑),Diaverum,11/15/2019,Medical Clinic,Medical Healthcare and Nursing,Bachelor's degree / higher diploma,Khamis Mushait,0,0
50467616,Dialysis Staff Nurse (Baish - ÿ®Ÿäÿ¥),Diaverum,11/15/2019,Medical Clinic,Medical Healthcare and Nursing,Bachelor's degree / higher diploma,Jizan,0,0
50467617,Dialyses Staff Nurse (Baljurashi - ÿ®ŸÑÿ¨ÿ±ÿ¥Ÿä),Diaverum,11/15/2019,Other Healthcare Services,Medical Healthcare and Nursing,Bachelor's degree / higher diploma,Albaha,0,0
50467618,Dialyses Staff Nurse (Abu Areesh - ÿ£ÿ®Ÿà ÿπÿ±Ÿäÿ¥),Diaverum,11/15/2019,Other Healthcare Services,Medical Healthcare and Nursing,Bachelor's degree / higher diploma,Abu Areesh,0,0
50467619,Dialyses Staff Nurse (Al Omran - ÿßŸÑÿπŸÖÿ±ÿßŸÜ),Diaverum,11/15/2019,Other Healthcare Services,Medical Healthcare and Nursing,Bachelor's degree / higher diploma,Alahsa,0,0
50467620,Dialyses Staff Nurse (Alnamas - ÿßŸÑŸÜŸÖÿßÿµ),Diaverum,11/15/2019,Other Healthcare Services,Medical Healthcare and Nursing,Bachelor's degree / higher diploma,Aseer,0,0
50467623,Dialysis Staff Nurse (Onaizah - ÿπŸÜŸäÿ≤ÿ©),Diaverum,11/15/2019,Medical Clinic,Medical Healthcare and Nursing,Bachelor's degree / higher diploma,Onaizah,0,0
50467624,Dialysis Staff Nurse (Al Gouz Qunfutha - ÿßŸÑŸÇŸàÿ≤-ÿßŸÑŸÇŸÜŸÅÿ∞ÿ©),Diaverum,11/15/2019,Medical Clinic,Medical Healthcare and Nursing,Bachelor's degree / higher diploma,Alqunfithah,0,0
4177087,Batch Plant Inspector,Al Khinji Recruitment,4/15/2020,Recruitment & Employee Placement Agency,Quality Control,Bachelor's degree / higher diploma,Ras Al Khair,0,0
4135191,QA/QC Supervisor,0,4/13/2020,Oil & Gas,Quality Control,Bachelor's degree / higher diploma,0,0,0
4159458,QC Civil Inspector,Al Kifah Holding,4/12/2020,Civil Engineering,Quality Control,Certification / diploma,0,0,0
4175728,QA/QC Specialist,Red Sea International Company ,4/8/2020,Construction & Building,Quality Control,Bachelor's degree / higher diploma,Jubail,35,2000
4175399,Quality Manager,Magrabi Hospitals & Centers,4/6/2020,Medical Clinic; Other Healthcare Services,Quality Control,0,Central Province,40,0
4175093,Qhse Coordinator - Saudi Nationals,John Crane,4/3/2020,Oil & Gas,Quality Control,0,Dammam,0,0
4174500,Quality Assurance Regional Officer - Riyadh,Binzagr Careers,3/31/2020,FMCG,Quality Control,Bachelor's degree / higher diploma,Riyadh,0,0
4174495,Quality Assurance Regional Officer - Dammam,Binzagr Careers,3/31/2020,FMCG,Quality Control,Bachelor's degree / higher diploma,Dammam,0,0
4174482,"„œÌ— «· Õﬂ„ »«·ÃÊœ…,",Al-Selay,3/31/2020,Consumer Electronics; Trading & Commodity Trading; Home Accessories & Decor,Quality Control,Certification / diploma,0,0,3000
4174127,Enterprise Risk Management Manager,Saudi Railway Company (SAR),3/27/2020,Metro & Rail Passenger Transport,Quality Control,Bachelor's degree / higher diploma,Riyadh,0,0
4174118,Quality & Process Enhancement Manager,Saudi Railway Company (SAR),3/27/2020,Metro & Rail Passenger Transport,Quality Control,Bachelor's degree / higher diploma,Riyadh,0,0
4174117,Strategy & Performance Management Manager,Saudi Railway Company (SAR),3/27/2020,Metro & Rail Passenger Transport,Quality Control,Bachelor's degree / higher diploma,Riyadh,0,0
4173947,Strategy & Performance Management Manager,Saudi Railway Company (SAR),3/26/2020,Metro & Rail Passenger Transport,Quality Control,Master's degree,Riyadh,0,0
4173828,Qa/qc Electrical Inspector,Salini Impregilo KSA,3/25/2020,Construction & Building,Quality Control,Bachelor's degree / higher diploma,Al Majmaah,35,2000
4173826,Civil QA QC Inspector,Salini Impregilo KSA,3/25/2020,Civil Engineering,Quality Control,Bachelor's degree / higher diploma,Al Majmaah,34,2000
4173655,Airborne Radar QC Inspector,Parsons - United Arab Emirates,3/24/2020,General Engineering Consultancy,Quality Control,0,0,0,0
4166892,INSPECTOR - FIXED EQUIPMENT,JAL Human Resources Co.,3/21/2020,Human Resources Outsourcing,Quality Control,Certification / diploma,0,0,0
4172944,QA/QC Electrical Supervisor ( Must be approved from Aramco ) ( Saudi National Only ),Alahsa,3/19/2020,Oil & Gas,Quality Control,Bachelor's degree / higher diploma,Alahsa,0,0
4170481,QA Manager,Air Products (Middle East) FZE ,3/16/2020,Oil & Gas,Quality Control,Bachelor's degree / higher diploma,Khobar,0,0
4170410,Inspector - Fixed Equipment,0,3/16/2020,Crude Petroleum & Gas Extraction; Oil & Gas,Quality Control,Certification / diploma,Jubail,0,0
4155144,Quality Assurance Coordinator - Al Khobar (Female) *March 8 2020 Start Date*,Niagara College KSA - NC KSA,2/27/2020,Primary Prep & Secondary School,Quality Control,Bachelor's degree / higher diploma,Khobar,0,0
3315090,Quality Manager,Magrabi Hospitals & Centers,3/11/2020,Medical Clinic; Other Healthcare Services,Quality Control,Master's degree,Abha,0,0
4158691,QC Electrical Inspector,Zamil Offshore Services Company,3/3/2020,Oil & Gas,Quality Control,Bachelor's degree / higher diploma,0,50,2000
4155209,QC Engineer,Al Khinji Recruitment,2/27/2020,Recruitment & Employee Placement Agency; Construction & Building; Civil Engineering,Quality Control,Bachelor's degree / higher diploma,Riyadh,0,0
4154895,qa/qc manager,South 0,2/27/2020,Manufacturing,Quality Control,Bachelor's degree / higher diploma,0,0,0
4154778,Deputy Quality Manager,Parsons - United Arab Emirates,2/27/2020,Construction & Building,Quality Control,Bachelor's degree / higher diploma,Riyadh,0,0
4154361,QA/QC Manager,QS Quest Ltd,2/26/2020,Civil Engineering,Quality Control,Bachelor's degree / higher diploma,Riyadh,0,6000
4153372,QAQC Civil Engineer (Riyadh Metro Project),Mena Business Investment Group,2/25/2020,Civil Engineering,Quality Control,Certification / diploma,Riyadh,0,4000
4152313,Quality Control Officer,Kerry-AATCO,2/23/2020,Food & Beverage Production,Quality Control,Certification / diploma,0,0,0
4150916,„œÌ— „ÿ⁄„ Ê‘Ì› „√ﬂÊ·«  «Ìÿ«·ÌÂ,0,2/18/2020,Catering Food Service & Restaurant,Quality Control,0,0,0,0
3895878,Quality Assurance Technical Analyst,Saudi Petroleum Services Polytechnic,12/17/2019,Non-profit Organization,Quality Control,Bachelor's degree / higher diploma,AlKhafji,0,0
55083527,Group Trainer & CrossFit Coach - Exclusive Wellness Club,Spa Elite,4/16/2020,Other Business Support Services,Quality Control,0,Riyadh,0,0
55072035,QA/QC Supervisor,Worley,4/15/2020,Oil & Gas,Quality Control,0,0,0,0
55060576,QA/QC Supervisor,Worley ECR,4/14/2020,Other Business Support Services,Quality Control,0,0,0,0
54978948,Senior Software Engineer in Test / Software Quality Assurance,Open Systems International Inc. (OSI),4/7/2020,Other Business Support Services,Quality Control,0,Medina,0,0
54938035,Group Exercise Coach - Exclusive Wellness Club,Spa Elite,4/4/2020,Other Business Support Services,Quality Control,0,Riyadh,0,0
54938036,Strength and Conditioning Coach - Ultra Luxury Wellness Club,Spa Elite,4/4/2020,Other Business Support Services,Quality Control,0,Riyadh,0,0
54842732,Quality Management and Operational Excellence Specialist,Aramco Services Company,3/28/2020,Oil & Gas,Quality Control,0,NaN,0,0
54774697,Inspector Final QA,Baxter,3/24/2020,IT Services,Quality Control,0,Medina,0,0
54501959,Electrical QC Engineer II,SmartRecruiters Jobs,3/4/2020,Other Business Support Services,Quality Control,0,Khobar,0,0
53869702,CrossFit Coach | Ultra Luxury Exclusive Wellness Club | E157-20,Spa Elite,2/9/2020,Other Business Support Services,Quality Control,0,0,0,0
53869707,Strength & Conditioning Coach | Ultra Luxury Exclusive Wellness Club | E158-20,Spa Elite,2/9/2020,Other Business Support Services,Quality Control,0,0,0,0
53793045,Quality Auditor,Modern Bus Company Ltd,1/22/2020,Other Business Support Services,Quality Control,0,Mecca,0,0
53793049,Quality Inspectors,Modern Bus Company Ltd,1/22/2020,Other Business Support Services,Quality Control,0,Mecca,0,0
53602808,QA/QC Manager,AECOM,1/1/2020,Construction & Building,Quality Control,0,Riyadh,0,0
53102829,QA Manager,First Resort Global Recruitment,10/24/2019,Recruitment & Employee Placement Agency,Quality Control,0,0,0,0
51210201,After Sales Inspectors,Modern Bus Company Ltd,9/2/2019,Motor Vehicle Passenger Transport,Quality Control,0,Mecca,0,0
50682782,Group Exercise Coach | Ultra Luxury Exclusive Wellness Club | E156-20,Spa Elite,2/4/2020,Other Business Support Services,Quality Control,0,0,0,0
50680388,Staff Nurse I - Endoscopy Department,King Faisal Specialist Hospital - 0,2/2/2020,Medical Hospital,Quality Control,0,0,0,0
50680401,Staff Nurse I - Emergency Department,King Faisal Specialist Hospital - 0,2/2/2020,Medical Hospital,Quality Control,0,0,0,0
50678495,Nurse Manager - Out Patient Department,King Fahad Medical City,2/1/2020,Medical Hospital,Quality Control,0,Riyadh,0,0
50678539,Nurse Manager - Nursing Projects Quality Improvement,King Fahad Medical City,2/1/2020,Medical Hospital,Quality Control,0,Riyadh,0,0
50536370,Director of Clinical Nursing - Nursing Quality,King Abdulaziz Medical City - 0,1/7/2020,Medical Hospital,Quality Control,0,Riyadh,0,0
50536384,Chairman - Department of Surgery,King Faisal Specialist Hospital - 0,1/7/2020,Medical Hospital,Quality Control,0,0,0,0
50536468,Chairman - Department of Radiology,King Faisal Specialist Hospital - 0,1/7/2020,Medical Hospital,Quality Control,0,0,0,0
50536519,Program Director - Nursing Practice Quality & Research,King Faisal Specialist Hospital - 0,1/7/2020,Medical Hospital,Quality Control,0,0,0,0
50536812,Staff Nurse I - Emergency Department Triage,King Abdulaziz Medical City - 0,1/7/2020,Medical Hospital,Quality Control,0,Riyadh,0,0
4175300,Marketing And Sales Executive,0,4/12/2020,Training & Education Center,Sales,Bachelor's degree / higher diploma,0,35,0
4177096,Head of Sales - Industrial Services - Saudi National,Michael Page,4/15/2020,Accounting,Sales,0,NaN,0,0
4177095,Fire Truck Sales Engineer,0,4/15/2020,Safety & Environment,Sales,Bachelor's degree / higher diploma,0,0,0
4177043,Sr. Business Development,0,4/15/2020,Oil & Gas,Sales,0,Jubail,0,0
4177017,Sealman,0,4/15/2020,Oil & Gas,Sales,0,Jubail,0,0
4176986,Sales Expert,The Gulf Recruitment Group,4/15/2020,Perfume & Cosmetics,Sales,Bachelor's degree / higher diploma,Dammam,40,1000
4176981,Sales Manager Saudi National,Progressive GE,4/15/2020,Accounting,Sales,0,NaN,0,0
4162658,Business Manager,LiveWerkz Pte Ltd,4/12/2020,Entertainment,Sales,0,Riyadh,0,0
3814139,»—‰«„Ã —Ê«œ ”«œÌ« ··„»Ì⁄« ,0,4/12/2020,FMCG,Sales,Bachelor's degree / higher diploma,Riyadh,28,3000
4145044,sales supervisor - Retail,brf,4/12/2020,FMCG,Sales,Bachelor's degree / higher diploma,Mecca,0,0
4176194,Spare Parts Sales Executive  (Automotive industry),Objectives Recruitment,4/10/2020,Automotive Manufacture,Sales,Certification / diploma,Riyadh,35,3000
3903085,Sales Officer,Just Clean,4/9/2020,IT Services,Sales,Bachelor's degree / higher diploma,0,0,0
4176013,Sales Representative,0,4/9/2020,Pharmaceutical,Sales,Bachelor's degree / higher diploma,0,0,0
4158375,Sales Representative - Heavy Equipment,Saudi Diesel Equipment Co.,4/9/2020,Automotive Repair Spare Parts & Support Services,Sales,Bachelor's degree / higher diploma,Riyadh,38,3000
4175710,Merchandiser - ŸÖÿµŸÅŸÅ ÿßÿ±ŸÅŸÅ,"„’›› «—››,«·Ê›«ﬁ ··’‰«⁄Â Ê«· Ã«—Â",4/8/2020,FMCG,Sales,0,0,30,1500
4175709,Direct Sale Representative// ŸÖŸÜÿØŸàÿ® ÿ®Ÿäÿπ ŸÖÿ®ÿßÿ¥ÿ±,"„‰œÊ» »Ì⁄ „»«‘—,«·Ê›«ﬁ ··’‰«⁄Â Ê«· Ã«—Â",4/8/2020,FMCG,Sales,0,Riyadh,35,2000
4175653,Sales Expert,0,4/7/2020,Marketing,Sales,Bachelor's degree / higher diploma,Riyadh,0,0
4173865,Sales Representative,Kifah Ready Mix,4/7/2020,Other Business Support Services,Sales,0,Alqasim,0,0
4173860,Sales Representative,Kifah Ready Mix,4/7/2020,Other Business Support Services,Sales,0,Hail,0,0
4173858,Sales Representative ,Kifah Ready Mix,4/7/2020,Other Business Support Services,Sales,0,Riyadh,0,0
4173856,Sales Representative,Kifah Ready Mix,4/7/2020,Other Business Support Services,Sales,0,Dammam,0,0
4141479,Senior Officer ‚Äì Forecast & Performance,Bupa Arabia,4/7/2020,Insurance & TPA,Sales,Bachelor's degree / higher diploma,Riyadh,0,0
4175355,„‰œÊ» „»Ì⁄«  Ê ”ÊÌﬁ,Qirrat IT Co. ,4/6/2020,Software Development,Sales,Bachelor's degree / higher diploma,0,40,0
3842316,Parts and Service Sales Representative (0/Khobar/Riyadh),General Trading and Equipment Co.,4/6/2020,Construction & Building,Sales,Bachelor's degree / higher diploma,Riyadh,0,0
4175368,Sales Technical Engineer,ÊÕœ… «·—Ì«÷ ·· Ã«—…,4/6/2020,Merchandising,Sales,Bachelor's degree / higher diploma,Riyadh,40,0
4175293,«Œ ’«’Ì  ”ÊÌﬁ Ê„»Ì⁄« ,Altaif,4/5/2020,Real Estate; Marketing,Sales,Bachelor's degree / higher diploma,Altaif,45,0
4175213,"„œÌ— „»Ì⁄«  Ê ”ÊÌﬁ,„ƒ””…",—„“ «·ﬁ„… ··√ÃÂ“… «·√„‰Ì… Ê«·‘»ﬂ« ,4/5/2020,Installation & Technical Services,Sales,Bachelor's degree / higher diploma,0,0,0
4175225,Assistant Key Account Manager - Modern Trade,Michael Page,4/5/2020,FMCG,Sales,0,Mecca,0,1000
4175018,„„À· „»Ì⁄« ,‘—ﬂ… —œ  «€,4/5/2020,Fashion & Apparel,Sales,High school or equivalent,Riyadh,38,1000
4173118,»«∆⁄, My Little Home - ÿ®Ÿäÿ™Ÿä ÿßŸÑÿµÿ∫Ÿäÿ±,4/2/2020,Wholesale & Import/Export Trade,Sales,0,0,0,1500
4174749,Sales Engineer,Ali Zaid Al Quraishi & Brothers,4/1/2020,Installation & Technical Services,Sales,Bachelor's degree / higher diploma,Western Province,0,0
4174738,Hospitality Event & Conferencing Sales / BD - Riyadh Top Salary - Mobile APP (EX PAT & SAUDI ) x 5,Emagine Solutions FZE,4/1/2020,Hospitality & Accomodation,Sales,0,Riyadh,0,3000
4174564,Medical Product Specialist,0,4/1/2020,Medical & Healthcare Equipment,Sales,0,Riyadh,0,0
4174607,„‰œÊ» „»Ì⁄« ,«·‘„«· «·√Ê·Ï ·· Ã«—…°,4/1/2020,Trading & Commodity Trading,Sales,0,Riyadh,0,4000
4174543,«” ‘«—Ì „»Ì⁄«  ”Ì«—« ,Objectives Recruitment,3/31/2020,Automotive Dealership & Distributor,Sales,High school or equivalent,Riyadh,0,0
4174526,Manager Airports Retail,Saudi Airlines Catering,3/31/2020,Catering Food Service & Restaurant,Sales,0,0,0,0
4174408,Food & Beverage Account Manager - BREAK INTO TECHNOLOGY - HYPER GROWTH (0),Emagine Solutions FZE,3/30/2020,Hospitality & Accomodation; Internet & E-commerce,Sales,0,0,0,0
4174329,Sales Advisor,The Gulf Recruitment Group,3/30/2020,Tobacco & Smoking Goods,Sales,0,0,40,3000
4174200,Sales Manager,0,3/29/2020,Oil & Gas,Sales,0,0,0,0
4174133,Business Development Officer,SAUDI PAKISTANI ADVANCED CONSTRUCTION COMPANY,3/28/2020,Construction & Building; Project & Construction Planning,Sales,Bachelor's degree / higher diploma,Riyadh,25,1500
4174179,Sales Engineer,0,3/28/2020,Manufacturing,Sales,0,Dammam,0,0
4174060,»«∆⁄ ﬁÿ⁄ €Ì«—,0,3/26/2020,Industrial Production,Sales,High school or equivalent,Riyadh,0,0
4174047,Associate Manager - Key Accounts,IFFCO Group,3/26/2020,FMCG,Sales,0,Riyadh,0,4000
4173932,»«∆⁄ ﬁÿ⁄ €Ì«—,0,3/25/2020,Industrial Production,Sales,High school or equivalent,Dammam,0,0
4098267, Sales Manager,0,3/25/2020,Industrial Production,Sales,Bachelor's degree / higher diploma,0,0,0
4173901,Assistant BDM - Traditional (Saudi Nationals),Michael Page,3/25/2020,FMCG,Sales,0,Mecca,0,0
4057595,” ‘«—Ì „»Ì⁄«  ⁄ﬁ«—Ì…,Makkiyoon Urban Developers Co. ,3/25/2020,Real Estate,Sales,High school or equivalent,Mecca,0,1500
4173738,Cargo Sales Associate,Alpha Cargo Services,3/24/2020,Distribution & Logistics; Airlines; Shipping,Sales,0,0,30,0
4136659,Sales Engineer,International Building Systems Factory Co. Ltd,3/24/2020,Heavy Industry & Metallurgy,Sales,Bachelor's degree / higher diploma,Riyadh,0,0
4173650,„‰œÊ» „»Ì⁄« ,RB Rajab,3/24/2020,Wholesale & Import/Export Trade,Sales,High school or equivalent,0,0,0
4173645,Key Account Manager - Pharmacy,Michael Page,3/24/2020,Accounting,Sales,0,NaN,0,7000
4173586,Sales Manager ‚Äì  Corporate Sales - General and Motor,Alrajhi Takful,3/23/2020,Insurance & TPA,Sales,0,Riyadh,0,0
4173580,Account Manager - Employee Benefits and Group Life,Alrajhi Takful,3/23/2020,Insurance & TPA,Sales,0,Riyadh,0,0
4173517,Sales Manager ‚Äì Building Technology - SAUDI NATIONAL,UPFRONT HR,3/23/2020,Industrial Engineering & Automation,Sales,0,Riyadh,0,0
4173458,Sales Engineer,ÊÕœ… «·—Ì«÷ ·· Ã«—…,3/23/2020,Civil Engineering,Sales,Bachelor's degree / higher diploma,Riyadh,35,0
4173440,Business Development Manager -Contract Logistics - KSA National,Michael Page,3/23/2020,Accounting,Sales,0,NaN,0,0
4173441,FMCG Sales Director - Saudi National,Michael Page,3/23/2020,FMCG,Sales,0,Mecca,0,0
3923296,Medical Sector Sales Supervisor,0,3/22/2020,Human Resources Outsourcing,Sales,Master's degree,Riyadh,39,0
4173250, Salesman,Modern Building Chemical MBC,3/22/2020,Construction & Building,Sales,Certification / diploma,0,32,0
4173125,„‰œÊ»  ”ÊÌﬁ, Vaal,3/22/2020,Shipping,Sales,High school or equivalent,Riyadh,0,0
4170225,Sr Business Development Manager,SAT Microsystems,3/16/2020,IT Services; Sales Outsourcing; Installation & Technical Services,Sales,Bachelor's degree / higher diploma,Riyadh,0,0
4169728,Area Manager,0,3/15/2020,Wholesale & Import/Export Trade,Sales,0,Riyadh,35,0
4173165,„ÊŸ› „»Ì⁄« ,Vaal,3/22/2020,Shipping,Sales,0,Riyadh,0,0
4173206,„œÌ— ⁄«„ «·„»Ì⁄« ,0,3/21/2020,Human Resources Outsourcing,Sales,Master's degree,Riyadh,0,0
4173122,Sales Coordinator,Al-Rashed Group,3/20/2020,Heavy Industry & Metallurgy,Sales,High school or equivalent,0,0,1000
4173113,Retail Store Manager, My Little Home - ÿ®Ÿäÿ™Ÿä ÿßŸÑÿµÿ∫Ÿäÿ±,3/20/2020,Wholesale & Import/Export Trade,Sales,0,0,0,2000
4172119,„‰œÊ» „»Ì⁄« ,0,3/19/2020,Wholesale & Import/Export Trade,Sales,0,Riyadh,0,1000
4172846,„œÌ— ›—⁄,„ƒ””… ‰›«À «·Œ·ÌÃ · √ÃÌ— «·”Ì«—« ,3/19/2020,Amusement & Recreation Facility,Sales,High school or equivalent,Khobar,40,1500
4173020,Business Development Director,Michael Page,3/19/2020,Agriculture & Crop Production,Sales,0,Riyadh,0,10000
3750303,Direct Sales Executive,OSN UAE,3/19/2020,Media Production,Sales,0,Riyadh,0,0
4172847,Sales Manager - Government Sector,Saudi Unicom,3/19/2020,IT Services,Sales,0,Riyadh,0,0
4171865,„‰œÊ» „»Ì⁄«  Ê ”ÊÌﬁ,South 0,3/18/2020,Distribution & Logistics,Sales,Bachelor's degree / higher diploma,0,0,0
4171194,Sales Product Specialist,Gulf Medical,3/17/2020,Other Healthcare Services,Sales,Bachelor's degree / higher diploma,0,27,0
4171038,··⁄„· ·œÌ ‘—ﬂÂ —«∆œÂ ›Ì „Ã«· «·”Ì«—«  --„‰œÊ»Â „»Ì⁄«  œ«Œ·ÌÂŸÖÿ®Ÿäÿπÿßÿ™ ÿØÿßÿÆŸÑŸäŸá,0,3/17/2020,Automotive Dealership & Distributor,Sales,0,Riyadh,0,0
4171036,Relationship Manager,0,3/17/2020,Financial Services,Sales,0,Riyadh,0,0
4170915,ÿ«ÂÌ,cateringco,3/17/2020,Catering Food Service & Restaurant,Sales,0,Khobar,0,1000
4170143,„”∆Ê· ≈∆ „«‰,Abdul Latif Jameel United Finance - KSA,3/16/2020,Financial Services,Sales,0,0,29,0
4170142,„”∆Ê· ≈∆ „«‰,Abdul Latif Jameel United Finance - KSA,3/16/2020,Financial Services,Sales,0,Riyadh,29,0
4170140,„”∆Ê· ≈∆ „«‰,Abdul Latif Jameel United Finance - KSA,3/16/2020,Financial Services,Sales,0,0,29,0
4169854,Diagnostic Sales & Application Specialist,Braiman,3/15/2020,Medical Hospital,Sales,Bachelor's degree / higher diploma,0,40,0
4159471,„ »÷⁄… ÊŒœ„… ⁄„·«¡,Al-Shemal,3/11/2020,Wholesale & Import/Export Trade,Sales,High school or equivalent,Riyadh,28,1500
4166235,Project Sales Representitive ŸÖÿ≥ÿ§ŸàŸÑ ŸÖÿ®Ÿäÿπÿßÿ™ ŸÖÿ¥ÿßÿ±Ÿäÿπ,Al Dossary Trading & Real Estate,3/10/2020,Construction & Building,Sales,0,Riyadh,40,1000
4169660,Associate - Brand Acquisition and Onboarding,Kitopi,3/15/2020,Food & Beverage Production,Sales,0,Riyadh,0,0
4169553, Branch Sales Manager,0,3/15/2020,FMCG,Sales,Bachelor's degree / higher diploma,0,35,0
4073566,Area Sales Manager,0,3/15/2020,Perfume & Cosmetics,Sales,Bachelor's degree / higher diploma,Riyadh,38,0
4148957,Sales Engineer - Chemicals,Yusuf Bin Ahmed Kanoo Group Of Companies - 0,3/15/2020,Oil & Gas,Sales,0,Western Province,0,0
4169341, Product Specialist,Imdad,3/15/2020,Religious Institution & Place of Worship; Pharmaceutical,Sales,Bachelor's degree / higher diploma,Khamis Mushait,0,0
4169310, Product Specialist ,Imdad,3/15/2020,Religious Institution & Place of Worship; Pharmaceutical,Sales,Bachelor's degree / higher diploma,Khamis Mushait,0,0
4168818,Sales Engineer,Ash-Sharafiya,3/14/2020,Installation & Technical Services,Sales,Bachelor's degree / higher diploma,0,0,0
4167812,«” ‘«—Ì  √ÃÌ—,Al Wefaq Rent A Car Co,3/12/2020,Motor Vehicle Passenger Transport,Sales,High school or equivalent,Riyadh,32,0
4151328,Sales Analyst,Batook Holding,3/12/2020,Food & Beverage Production,Sales,Bachelor's degree / higher diploma,Dammam,35,2000
4167017,Sales & Marketing Manager - Agriculture (Qassim KSA),YALJ  Group,3/11/2020,Agriculture & Crop Production,Sales,0,Alqasim,55,0
4166886,Medical Representative,Pfizer Nutrition-Represented by 0n Drugstore Co.,3/11/2020,Pharmaceutical,Sales,Bachelor's degree / higher diploma,0,0,0
4166723,Area Sales Manager,0,3/11/2020,Manufacturing,Sales,Bachelor's degree / higher diploma,Dammam,45,7000
4166584,Territory Manager - Healthcare,Nalco Water An Ecolab Company,3/11/2020,Chemicals Manufacture,Sales,0,Riyadh,0,0
4165929,Sales Manager,Elite Talents for Recruitment,3/10/2020,Wholesale & Import/Export Trade; Automotive Dealership & Distributor,Sales,Bachelor's degree / higher diploma,0,0,0
4165928,Business Development officer,Hussien Atieh & Sons Co.,3/10/2020,Construction & Building,Sales,Bachelor's degree / higher diploma,Khobar,0,0
4165816,Regional Parts Sales Manager- FUSO,Juffali Industrial Products Company (JIPCO),3/10/2020,Automotive Dealership & Distributor,Sales,Bachelor's degree / higher diploma,0,0,0
4165680,Fleet Spare Part Sales Representative / ŸÖŸàÿ∏ŸÅ ŸÖÿ®ŸäÿπŸÑÿ™ ŸÇÿ∑ÿπ ÿ∫Ÿäÿßÿ± ŸÖŸäÿØÿßŸÜŸä,Juffali Industrial Products Company (JIPCO),3/10/2020,Automotive Dealership & Distributor,Sales,Bachelor's degree / higher diploma,Riyadh,40,2000
4165516,„‰œÊ» „‘ —Ì« ,0,3/10/2020,Administration Support Services,Sales,0,0,0,0
4162871,Cashier And Salesperson,Coffee Tools EST,3/7/2020,Household Appliances,Sales,Bachelor's degree / higher diploma,Riyadh,31,1000
4165078,Sales Engineer,Al Ajab Group,3/9/2020,Manufacturing,Sales,0,Dammam,40,0
4164871,Leasing Manager,Future Careers Middle East Freezone LLC,3/9/2020,Real Estate,Sales,0,0,35,0
4150301,MRS Sales Engineer - Epiroc,Bin Shehab Co for Trading and Contracting,3/9/2020,Wholesale & Import/Export Trade; Technical Maintenance & Repair; Mining & Quarrying,Sales,Bachelor's degree / higher diploma,0,33,0
4164639,Regional Sales Manager,0,3/9/2020,Electrical Engineering,Sales,Bachelor's degree / higher diploma,Riyadh,0,0
4137715,Product Specialist - Khamis Mushait - Saudi National,Imdad,3/9/2020,Religious Institution & Place of Worship; Pharmaceutical,Sales,Bachelor's degree / higher diploma,Khamis Mushait,0,0
4164575,System Sales Manager,Rawaj Co. for Recruitment,3/9/2020,Electric Power Production & Transmission,Sales,0,Khobar,35,0
4164504,wholesales Represenative ( 0  Riyadh  Dammam Jizan),Saudi Fisheries Company,3/9/2020,FMCG,Sales,0,0,36,0
4046163,„‰œÊ» „»Ì⁄« ,Business Professional Services,3/8/2020,Other Healthcare Services,Sales,0,Riyadh,0,0
4163649,Store Manager,M. H. Alshaya Company,3/8/2020,Fashion & Apparel,Sales,0,Mecca,51,3000
4160553,»«∆⁄…,Avon ,3/8/2020,Perfume & Cosmetics,Sales,High school or equivalent,Riyadh,35,0
4162469,Sales Coordinator,Yanbu,3/7/2020,Manufacturing,Sales,Bachelor's degree / higher diploma,Yanbu,0,0
4161915,Sales Representative,Abdulrahman bin Afif Co.,3/6/2020,Wholesale & Import/Export Trade,Sales,0,0,0,1000
3928684,Sales Manager,Al-Taknia for Telecommunication,3/6/2020,Telecommunications,Sales,0,Riyadh,0,0
4160591,Sales Location Operations Manager,Saudi Jawahir Trading Co.,3/5/2020,Fashion & Apparel,Sales,0,Riyadh,0,4000
4160545,Operations Assistant,Robert Walters,3/5/2020,Jewelry & Gold,Sales,0,Riyadh,0,0
4160540,Store Manager,Saudi Jawahir Trading Co.,3/5/2020,Fashion & Apparel,Sales,0,Riyadh,0,2000
4160543,Retail Coordinator,Robert Walters,3/5/2020,Jewelry & Gold,Sales,0,Riyadh,0,0
4160539,Store Manager,Robert Walters,3/5/2020,Jewelry & Gold,Sales,0,Riyadh,0,0
4072600,Sales accounts Manager,MSJ Security Systems,3/5/2020,Security & Fire Systems,Sales,Bachelor's degree / higher diploma,Riyadh,45,0
4055348,Wound Care Product Specialist,Comate Ltd.,3/5/2020,Other Healthcare Services; Medical Hospital,Sales,0,Riyadh,41,3000
4159220,Property Advisor, Diyar Al Asalah Co.,3/4/2020,Real Estate,Sales,Bachelor's degree / higher diploma,Riyadh,0,2000
4158683,„”Êﬁ «·ﬂ —Ê‰Ì,0,3/4/2020,Trading & Commodity Trading,Sales,Bachelor's degree / higher diploma,Dammam,40,1500
4159399,„Õ··… „»Ì⁄« ,Avon 0,3/4/2020,Perfume & Cosmetics,Sales,Bachelor's degree / higher diploma,0,35,0
4159385,„œÌ—… ﬁÿ«⁄,Avon 0,3/4/2020,Perfume & Cosmetics,Sales,Bachelor's degree / higher diploma,Riyadh,35,1000
4159312,Biomedical Sales Engineer, ﬁ‰Ì«  «·⁄‰«Ì… «· Ã«—Ì…,3/4/2020,Other Business Support Services,Sales,Bachelor's degree / higher diploma,0,0,0
4157669,„‘—› „»Ì⁄« ,Surrati Perfumes Company Limited,3/4/2020,Perfume & Cosmetics,Sales,0,Mecca,0,0
4157670,„‘—› „»Ì⁄« ,Surrati Perfumes Company Limited,3/4/2020,Perfume & Cosmetics,Sales,0,Medina,0,0
4157671,„‘—› „»Ì⁄« ,Surrati Perfumes Company Limited,3/3/2020,Perfume & Cosmetics,Sales,0,Riyadh,0,0
3791598,«Œ ’«’Ì „»Ì⁄«  »«·„⁄—÷,‰Ã„ «»«Õ”Ì‰ ··√œÊ«  «·’ÕÌ…,3/3/2020,Construction & Building,Sales,Bachelor's degree / higher diploma,Riyadh,36,0
3868665,«Œ ’«’Ì „»Ì⁄«  »«·„⁄—÷,‰Ã„ «»«Õ”Ì‰ ··√œÊ«  «·’ÕÌ…,3/3/2020,Construction & Building,Sales,Bachelor's degree / higher diploma,0,36,0
4158271,Marketing And Sales Executive,Alphagraphics,3/3/2020,Advertising,Sales,0,Khobar,40,3000
4157835,Business Development Manager - HORECA Channel - SAUDI NATIONAL  (0),Emagine Solutions FZE,3/2/2020,FMCG,Sales,0,0,0,0
4157803,Sales Executives,‘—ﬂ… ’‰«⁄ «·ÕÊ· «·„ÕœÊœÂ,3/2/2020,Distribution & Logistics,Sales,Bachelor's degree / higher diploma,0,40,1500
4157672,„‘—› „»Ì⁄« ,Surrati Perfumes Company Limited,3/2/2020,Perfume & Cosmetics,Sales,0,0,0,0
4147052,sales executive,A.A. TURKI GROUP,3/2/2020,Shipping,Sales,0,0,0,0
4157667,„‘—› „»Ì⁄« ,Surrati Perfumes Company Limited,3/2/2020,Perfume & Cosmetics,Sales,0,0,0,0
4157466,Sales Coordinator,Tabouk,3/2/2020,Construction & Building,Sales,Certification / diploma,Tabouk,0,1000
4142079,Œ’«∆Ì „»Ì⁄« ,Al-Shiaka,3/2/2020,Wholesale & Import/Export Trade,Sales,Certification / diploma,Riyadh,30,2000
4149732,sales executive,Industrial Area-Kharj Road,3/2/2020,Manufacturing,Sales,Bachelor's degree / higher diploma,Riyadh,40,0
4157364,Sales Executive for HORECA (SAUDI NATIONALS) with at least 1 year experience,Emagine Solutions FZE,3/2/2020,FMCG; Internet & E-commerce,Sales,0,Riyadh,0,0
4156947,Store Manager - Khamis Mushait Saudi Arabia,Robert Walters,3/1/2020,Recruitment & Employee Placement Agency,Sales,0,Khamis Mushait,0,0
4156945,Store Manager - Al Ahsa Saudi Arabia,Robert Walters,3/1/2020,Fashion & Apparel,Sales,0,Alahsa,0,0
4156779,„‰œÊ» „»Ì⁄«  Œ«—ÃÌ…,Tawa Sweet Co. ,3/1/2020,Administration Support Services,Sales,0,Riyadh,0,0
4155261,Sales Executive,Six Direction Trading ,2/27/2020,Construction & Building,Sales,Certification / diploma,0,34,0
4153978,„‰œÊ» „»Ì⁄« ,Surrati Perfumes Company Limited,2/27/2020,Perfume & Cosmetics,Sales,Bachelor's degree / higher diploma,Mecca,0,0
4153979,„‰œÊ» „»Ì⁄« ,Surrati Perfumes Company Limited,2/27/2020,Perfume & Cosmetics,Sales,Bachelor's degree / higher diploma,Medina,0,0
4154857,Business Development Manager,Parsons - United Arab Emirates,2/27/2020,General Engineering Consultancy,Sales,Bachelor's degree / higher diploma,Jizan,0,0
4148538,Executive-Sales,Le Meridien Al0,2/27/2020,Hospitality & Accomodation,Sales,0,Khobar,0,0
4154668,Business Development Specialist - Critical Infrastructure Protection,Parsons - United Arab Emirates,2/27/2020,Construction & Building,Sales,Bachelor's degree / higher diploma,Riyadh,0,0
4154356,Sales Executive IT,Fama,2/26/2020,IT Services,Sales,Bachelor's degree / higher diploma,Riyadh,38,0
4153980,„‰œÊ» „»Ì⁄« ,Surrati Perfumes Company Limited,2/26/2020,Perfume & Cosmetics,Sales,Bachelor's degree / higher diploma,0,0,0
4154047,Field Sales Representative Female - ŸÖŸÜÿØŸàÿ®ÿ© ŸÖÿ®Ÿäÿπÿßÿ™ ŸÖŸäÿØÿßŸÜŸäÿ© (ÿπÿ∑Ÿàÿ± Ÿàÿ™ÿ¨ŸÖŸäŸÑ),Mahmood Saeed Group,2/26/2020,Manufacturing,Sales,High school or equivalent,0,0,0
4153977,„‰œÊ» „»Ì⁄« ,Surrati Perfumes Company Limited,2/26/2020,Perfume & Cosmetics,Sales,Bachelor's degree / higher diploma,Riyadh,0,0
4153029,„‰œÊ»  ”ÊÌﬁ Ê„»Ì⁄« ,Hadaf ,2/26/2020,Advertising,Sales,0,Khobar,0,0
4153976,„‰œÊ» „»Ì⁄« ,Surrati Perfumes Company Limited,2/26/2020,Perfume & Cosmetics,Sales,Bachelor's degree / higher diploma,0,0,0
4153541,sales representative for end user,Aldaaem industrial,2/25/2020,Distribution & Logistics,Sales,High school or equivalent,0,0,0
4153473,Showroom Sales Manager,Pinpoint HR,2/25/2020,Telemarketing,Sales,Bachelor's degree / higher diploma,Riyadh,0,0
4153433,Project Sales Manager,Pinpoint HR,2/25/2020,Installation & Technical Services,Sales,Bachelor's degree / higher diploma,Riyadh,0,0
4153389,Sales Manager - Khobar,Servcorp,2/25/2020,Call Centers & Customer Care Outsourcing; Real Estate; IT Services,Sales,Bachelor's degree / higher diploma,Khobar,32,0
4147269,Sales & Marketing Engineer,0,2/25/2020,General Engineering Consultancy,Sales,Bachelor's degree / higher diploma,0,0,0
4152993,Key Sales Account Manager - Apply in English!,EF Education First,2/24/2020,Higher Education; Training & Education Center,Sales,0,Riyadh,0,0
4151756,Salesman,Ahmed Abdullah Al Essa,2/21/2020,Wholesale & Import/Export Trade,Sales,0,Riyadh,0,2000
4152717,Sales Executive,Alesayi Motors,2/25/2020,Automotive Dealership & Distributor,Sales,Bachelor's degree / higher diploma,Dammam,35,0
4152939,Sales Manager,Executive Solutions Employment Agency,2/24/2020,Metro & Rail Passenger Transport,Sales,0,Riyadh,0,0
4152802,Product Specialist - Riyadh - Saudi National,Imdad,2/24/2020,Investment Securities & Funds; Pharmaceutical; Religious Institution & Place of Worship,Sales,Bachelor's degree / higher diploma,Riyadh,0,0
4152319,Sales Executive,Alesayi Motors,2/24/2020,Automotive Dealership & Distributor,Sales,0,Riyadh,35,0
4152637,Fleet Sales Consultant,Alesayi Motors,2/24/2020,Automotive Dealership & Distributor,Sales,Bachelor's degree / higher diploma,Riyadh,0,0
4152338,Sales,"»«∆⁄…,‰Ê—«»·",2/23/2020,Fashion & Apparel,Sales,Certification / diploma,Riyadh,40,0
4152247,Key Account Specialist - Wholesale,Nestl√© Middle East,2/23/2020,FMCG,Sales,0,Riyadh,0,0
4152163,Sales Engineer,0,2/23/2020,Industrial Production,Sales,Bachelor's degree / higher diploma,0,0,0
3839701,HoReCa Salesman (Central Eastern & North Region) - 1 in each region,Mazola,2/23/2020,Food & Beverage Production,Sales,Certification / diploma,NaN,0,0
4151922,„‰œÊ» „»Ì⁄«  Ê ”ÊÌﬁ,«” —« ÃÌ«  «·«» ﬂ«— · ﬁ‰Ì… «·„⁄·Ê„« ,2/23/2020,Software Development,Sales,Bachelor's degree / higher diploma,Riyadh,27,1000
4152069,Sales & Business Development Manager,Wisekey,2/23/2020,IT Services,Sales,0,Riyadh,0,0
4150066,sales promoter,Fircroft,2/20/2020,Recruitment & Employee Placement Agency,Sales,0,Riyadh,0,0
4151404,Sales Engineer,0,2/20/2020,Technical Maintenance & Repair,Sales,Bachelor's degree / higher diploma,Khobar,36,0
4151219,Sales Engineer,0,2/19/2020,Consumer Packaged Goods Manufacture,Sales,Bachelor's degree / higher diploma,Khobar,0,0
4151077,Retail Sales Expert,Alaffia healthcare investments LLC,2/19/2020,Tobacco & Smoking Goods,Sales,Certification / diploma,Riyadh,0,3000
4150908,Sales Professional,Tiffany & Co,2/18/2020,Watches & Luxury Goods,Sales,0,0,0,10000
4150824,Sales Professional,Tiffany & Co,2/18/2020,Watches & Luxury Goods,Sales,0,Riyadh,0,10000
4150713,Sales Professional,Tiffany & Co,2/18/2020,Watches & Luxury Goods,Sales,0,Khobar,0,10000
4150768,Store Manager,International Recruiters & Consultants (IRC),2/18/2020,Recruitment & Employee Placement Agency,Sales,0,Riyadh,0,0
4150651,„‰œÊ»… „»Ì⁄« ,Arab Sea Information System Co.,2/18/2020,IT Services,Sales,Certification / diploma,Riyadh,0,0
4149149,Sales Executive,Dafar Inc,2/17/2020,Internet & E-commerce; Software Development,Sales,Bachelor's degree / higher diploma,0,0,2000
4145837,»«∆⁄ „⁄—÷,IKK Group Careers,2/17/2020,Other Business Support Services,Sales,High school or equivalent,0,0,0
4147080,„‰œÊ» „»Ì⁄« ,IKK Group Careers,2/17/2020,Other Business Support Services,Sales,Certification / diploma,Riyadh,0,0
4137340,Sales Coordinator,IKK Group Careers,2/17/2020,Advertising,Sales,Certification / diploma,Riyadh,0,0
4146640,Sales Manager,Technology Control Company LTD (TCC),2/16/2020,IT Services,Sales,0,Riyadh,0,0
4143059,Sales Support Director,Technology Control Company LTD (TCC),1/16/2020,IT Services,Sales,Bachelor's degree / higher diploma,Riyadh,0,0
3864246,Sales Consultant,Racking & Refrigeration,7/30/2019,Heavy Industry & Metallurgy,Sales,0,0,0,0
3997511,„‰œÊ» „»Ì⁄«  Ã„·…,Shahini Group,7/24/2019,Distribution & Logistics,Sales,0,NaN,0,0
3833519,Seller,Nesma Orbit,4/29/2019,Wholesale & Import/Export Trade,Sales,Bachelor's degree / higher diploma,0,0,2000
3610571,„” ‘«— „»Ì⁄« ,Al Rajhi Takaful,12/24/2019,Insurance & TPA,Sales,0,NaN,0,0
3617313,Sales Branch Supervisor - Saudi Nationals Only,Al Rajhi Takaful,12/24/2019,Insurance & TPA; Banking; Sales Outsourcing,Sales,Bachelor's degree / higher diploma,NaN,0,0
3610549,Sales Consultant (Individual & Corporate),Al Rajhi Takaful,12/24/2019,Insurance & TPA,Sales,0,NaN,0,0
55077782,Sales Executive,Merge,4/16/2020,Other Business Support Services,Sales,0,NaN,0,0
55083117,Business Development Consultant - Joint Ventures,Saudi Aramco Shell Refining - SASREF,4/16/2020,Other Business Support Services,Sales,0,NaN,0,0
55072081,Construction Manager ( Oil Storage Tanks ),Burdock Service Company,4/15/2020,Oil & Gas,Sales,0,NaN,0,0
55072269,Sr Account Manager - Digital Sales Direct,GE Energy UK,4/15/2020,Other Business Support Services,Sales,0,Khobar,0,0
55072915,Account Manager,Afaq Q Tech General Trading,4/15/2020,Sales Outsourcing,Sales,0,Riyadh,0,0
55077900,Outdoor Sales Executive (Printing),Merge,4/15/2020,Other Business Support Services,Sales,0,NaN,0,0
55054630,Business Development & Marketing Analyst,Zamil Group Holding Company,4/14/2020,Other Business Support Services,Sales,0,Dammam,0,0
55031724,Geophysical and Geological Applications Support,Saudi Aramco Shell Refining - SASREF,4/11/2020,Other Business Support Services,Sales,0,NaN,0,0
55016470,Principal User Applications Liaison,Raytheon ,4/10/2020,Other Business Support Services,Sales,0,0,0,0
54985654,Partner Business Development Specialist - Saudi Arabia (1288216),Cisco,4/8/2020,Telecommunications,Sales,0,Riyadh,0,0
54991942,Entry Level Business Professional - Fluent in Spanish,Open Systems International Inc. (OSI),4/8/2020,Other Business Support Services,Sales,0,Medina,0,0
54972954,Enterprise Account Manager,Nokia,4/7/2020,Other Business Support Services,Sales,0,NaN,0,0
54973192,Enterprise Account Manager - SPAAP (KSA),Nokia,4/7/2020,Other Business Support Services,Sales,0,Riyadh,0,0
54976306,Creative Director - Global Tech Business,Carter Murray,4/7/2020,Other Business Support Services,Sales,0,Riyadh,0,0
54965594,Manager - Field Sales (RM),Bupa Arabia,4/6/2020,Insurance & TPA,Sales,Bachelor's degree / higher diploma,Khobar,0,0
54938424,AWS Sales Account Rep - Internship,AWS EMEA SARL (0),4/4/2020,Sales Outsourcing,Sales,0,Riyadh,0,0
54947513,Fiberglass Technician Production Specialist,Raytheon ,4/4/2020,Other Business Support Services,Sales,0,0,0,0
54950572,Mgr III Subcontract PM,Raytheon ,4/4/2020,Other Business Support Services,Sales,0,Riyadh,0,0
54921276,Enterprise RPA-AutomationAnywhere-Developer,Wipro,4/3/2020,IT Services,Sales,0,Jubail,0,0
54913442,Senior Officer - Field Sales,Bupa Arabia,4/2/2020,Insurance & TPA,Sales,Bachelor's degree / higher diploma,0,0,0
54890634,Snr Construction Manager - Fit out,AECOM,4/1/2020,Other Business Support Services,Sales,0,Riyadh,0,0
54880051,Sales Executive (Tabuk City),HungerStation.com,3/31/2020,Sales Outsourcing,Sales,0,Tabouk,0,0
54870049,Officer - Sales Support,Bupa Arabia,3/30/2020,Insurance & TPA,Sales,Bachelor's degree / higher diploma,0,0,0
54880102,Upstream Financial Control and Reporting Professional,Aramco Services Company,3/29/2020,Oil & Gas,Sales,0,NaN,0,0
54881263,Business Development Consultant - Joint Ventures,Aramco Services Company,3/29/2020,Oil & Gas,Sales,0,NaN,0,0
54843680,Key Account Manager - Dammam & Khobar - KSA,Vezeeta,3/28/2020,Sales Outsourcing,Sales,0,Dammam,0,0
54866561,Downstream - Investment Analysis Consultant (Chemicals & Refining),Aramco Services Company,3/28/2020,Oil & Gas,Sales,0,NaN,0,0
54880328,Social Media Account Specialist,Aramco Services Company,3/28/2020,Oil & Gas,Sales,0,NaN,0,0
54881058,Downstream Business Development Specialist,Aramco Services Company,3/28/2020,Oil & Gas,Sales,0,NaN,0,0
54881303,Polyolefins Process Technology Expert,Aramco Services Company,3/28/2020,Oil & Gas,Sales,0,NaN,0,0
54881314,Business Development Specialist,Aramco Services Company,3/28/2020,Oil & Gas,Sales,0,NaN,0,0
54881932,Business Development Consultant,Aramco Services Company,3/28/2020,Oil & Gas,Sales,0,NaN,0,0
54809416,EBC Sales Executive,Marriott International Inc & Ritz Carlton Hotel Company L.L.C.,3/26/2020,Other Business Support Services,Sales,0,Riyadh,0,0
54816576,Senior Officer - Corporate Relationship Management,Bupa Arabia,3/26/2020,Insurance & TPA,Sales,Bachelor's degree / higher diploma,Riyadh,0,0
54796069,Advertising Account Manager - Riyadh - KSA,Vezeeta,3/25/2020,Sales Outsourcing,Sales,0,Riyadh,0,0
54760343,NSW Account Manager,Nokia,3/23/2020,Other Business Support Services,Sales,0,Riyadh,0,0
54742823,Account Manager - Federal Programs,johnsoncontrols,3/21/2020,Other Business Support Services,Sales,0,NaN,0,0
54699240,Defence Electronic SME,Huxley,3/19/2020,Other Business Support Services,Sales,0,Riyadh,0,0
54700453,AppDynamics Enterprise Sales Executive,Cisco,3/19/2020,Telecommunications,Sales,0,Riyadh,0,0
54670914,Mgr-Procurement,Marriott International Inc & Ritz Carlton Hotel Company L.L.C.,3/17/2020,Other Business Support Services,Sales,0,Khobar,0,0
54650059,Sales Executive - NARS- Mall of Dahran - khobar(Female),Chalhoub Group,3/16/2020,Other Business Support Services,Sales,0,NaN,0,0
54650075,Sales Executive - MUFE Boutique Nakheel Mall - Dammam (Female),Chalhoub Group,3/16/2020,Other Business Support Services,Sales,0,NaN,0,0
54639945,General Cashier,NOBU HOTELS,3/15/2020,Other Business Support Services,Sales,0,Riyadh,0,0
54640466,Sales Executive,Grand Hyatt Al 0,3/15/2020,Sales Outsourcing,Sales,0,0,0,0
54625541,Channel Category Sales Development Executive: Cereal Partners Worldwide,Universal Group,3/14/2020,Other Business Support Services,Sales,0,NaN,0,0
54812806,Systems Applications Manager National Accounts,johnsoncontrols,3/14/2020,Other Business Support Services,Sales,0,NaN,0,0
54583538,Director of Events & Business Centre,Marriott International Inc & Ritz Carlton Hotel Company L.L.C.,3/12/2020,Other Business Support Services,Sales,0,Riyadh,0,0
54560742,Banking and Payment Architect - Saudi Arabia,Gulf Business Machines PND,3/11/2020,IT Services,Sales,0,NaN,0,0
54570044,Officer - Sales Support,Bupa Arabia,3/11/2020,Insurance & TPA,Sales,Bachelor's degree / higher diploma,Riyadh,0,0
54537091,Sales Executive - Faces - AlJubail  MALL - Jubail,Chalhoub Group,3/10/2020,Other Business Support Services,Sales,0,NaN,0,0
54992392,Business Analysis-Domain Consultant,Wipro,3/10/2020,IT Services,Sales,0,Riyadh,0,0
54528751,Senior Officer ‚Äì Broker Relationship Management,Bupa Arabia,3/9/2020,Insurance & TPA,Sales,Bachelor's degree / higher diploma,0,0,0
54528754,Sales Consultant (Projects),Sanitaryware,3/9/2020,Heavy Industry & Metallurgy,Sales,0,Riyadh,0,0
54528762,Sales Engineer - Services,Hospitality,3/9/2020,Heavy Industry & Metallurgy,Sales,0,0,0,0
54528763,Sales Engineer - Services,Hospitality,3/9/2020,Heavy Industry & Metallurgy,Sales,0,Riyadh,0,0
54514951,„”∆Ê· ≈∆ „«‰,Abdul Latif Jameel United Finance - KSA,3/8/2020,Financial Services,Sales,0,Jizan,0,0
54514958,Officer - Sales Support,Bupa Arabia,3/8/2020,Insurance & TPA,Sales,Bachelor's degree / higher diploma,Khobar,0,0
54478897,„”Êﬁ / „’›› √—››,SADAFCO,3/6/2020,FMCG,Sales,High school or equivalent,Riyadh,0,0
54424264,DRAFTSMAN (CONSTRUCTION),Zamil Group Holding Company,3/4/2020,Construction & Building,Sales,0,Khobar,0,0
54428049,Business Excellence GM,Huxley,3/4/2020,Other Business Support Services,Sales,0,Riyadh,0,0
54431703,Account Executive,UBRAND Advertising Co.,3/4/2020,Other Business Support Services,Sales,0,Riyadh,0,0
54432493,Manager Strategic Business Development KSA,Prototype Interactive,3/4/2020,Other Business Support Services,Sales,0,Riyadh,0,0
54432597,Visual Merchandiser,Awtad,3/4/2020,Other Business Support Services,Sales,0,Riyadh,0,0
54432774,Account Manager,UBRAND Advertising Co.,3/4/2020,Other Business Support Services,Sales,0,Riyadh,0,0
54432871,Middle East and North Africa (MENA) Business Development Lead,500 Startups,3/4/2020,Other Business Support Services,Sales,0,Riyadh,0,0
54436180,Warehouse Assistant - Logistics Operations - Riyadh,Retail G&A,3/4/2020,Other Business Support Services,Sales,0,Riyadh,0,0
54438742,CONTRACTS AND ESTIMATION MANAGER (CONSTRUCTION),Zamil Group Holding Company,3/4/2020,Construction & Building,Sales,0,Khobar,0,0
54501957,Civil Estimator,SmartRecruiters Jobs,3/4/2020,Other Business Support Services,Sales,0,Khobar,0,0
54391791,Sr Account Director,Orange,3/3/2020,Other Business Support Services,Sales,0,Riyadh,0,0
54342376,Sr Account Manager - Digital Sales Direct,General Electric,3/1/2020,Other Business Support Services,Sales,0,NaN,0,0
54307504,Senior Officer ‚Äì New Business Development,Bupa Arabia,2/27/2020,Insurance & TPA,Sales,Bachelor's degree / higher diploma,Riyadh,0,0
54262928,Senior Officer ‚Äì New Business Development,Bupa Arabia,2/25/2020,Insurance & TPA,Sales,Bachelor's degree / higher diploma,0,0,0
54235017,Asst. Dir of Quality Assurance,Marriott International Inc & Ritz Carlton Hotel Company L.L.C.,2/24/2020,Other Business Support Services,Sales,0,NaN,0,0
54178478,SAM Senior Service Account Manager KSA Job,SAP - Germany,2/21/2020,Other Business Support Services,Sales,0,0,0,0
54183330,SUPERVISOR CSSD / MEDICAL STORES,King Faisal Specialist Hospital & Research Centre,2/21/2020,Other Business Support Services,Sales,0,NaN,0,0
54173917,Sales Consultant ( Indoor ) Saudi National,0,2/20/2020,Heavy Industry & Metallurgy,Sales,Bachelor's degree / higher diploma,Riyadh,0,0
54173933,Sales Consultant (Saudi National),Workspace,2/20/2020,Heavy Industry & Metallurgy,Sales,Bachelor's degree / higher diploma,0,0,0
54182584,Technical Account Manager Riyadh Saudi Arabia,Dell,2/20/2020,IT Services,Sales,0,Riyadh,0,0
54122457,Sales Consultant ( Saudi National ),Racking & Refrigeration,2/19/2020,Heavy Industry & Metallurgy,Sales,0,Riyadh,0,0
54122462,Product Specialist Biosimilars,Hikma Pharmaceuticals - Other locations,2/19/2020,Pharmaceutical,Sales,Bachelor's degree / higher diploma,Riyadh,0,0
54122470,Senior Officer ‚Äì Telesales,Bupa Arabia,2/19/2020,Insurance & TPA,Sales,Bachelor's degree / higher diploma,0,0,0
54122476,Project Manager,Hospitality,2/19/2020,Heavy Industry & Metallurgy,Sales,Bachelor's degree / higher diploma,Riyadh,0,0
54122477,Senior Sales Consultant,Hospitality,2/19/2020,Heavy Industry & Metallurgy,Sales,Bachelor's degree / higher diploma,Riyadh,0,0
54122479,Sales Consultant ( Saudi National ),Workspace,2/19/2020,Heavy Industry & Metallurgy,Sales,Bachelor's degree / higher diploma,Dammam,0,0
54010813,Government Relations Officer(GRO),Almansoori,2/14/2020,Oil & Gas,Sales,0,NaN,0,0
54013223,Territory Business Manager,Cisco,2/14/2020,Telecommunications,Sales,0,Riyadh,0,0
53876008,Beauty Advisor - MUFE Aldahran Mall - Alkhobar (Female),Chalhoub Group,2/11/2020,Other Business Support Services,Sales,0,NaN,0,0
53871977,Fixed Networks MEA Business Development Manager,Nokia,2/10/2020,Other Business Support Services,Sales,0,Riyadh,0,0
53870695,Senior Officer ‚Äì Broker Relationship Management,Bupa Arabia,2/9/2020,Insurance & TPA,Sales,Bachelor's degree / higher diploma,Riyadh,0,0
53870696,Senior Officer - Portfolio Management,Bupa Arabia,2/9/2020,Insurance & TPA,Sales,Bachelor's degree / higher diploma,0,0,0
53863992,Assistant Finance & Business Support Manager,InterContinental Hotels Group,2/7/2020,Hospitality & Accomodation,Sales,0,NaN,0,0
53853647,Senior Officer - SME Field Sales,Bupa Arabia,2/5/2020,Insurance & TPA,Sales,Bachelor's degree / higher diploma,Khobar,0,0
53826630,Sales - Sales Coordinator - Saudi National,Centro Salama,1/30/2020,Hospitality & Accomodation,Sales,0,0,0,0
53812535,Assistant Finance & Business Support Manager,InterContinental Hotels Group,1/29/2020,Hospitality & Accomodation,Sales,0,Riyadh,0,0
53830598,WARD CLERK,King Faisal Specialist Hospital & Research Centre,1/29/2020,Other Business Support Services,Sales,0,Riyadh,0,0
53807891,Business Development Manager Electronic Medical Record (EMR) in Riyadh Saudi Arabia,reeqwest,1/28/2020,Other Business Support Services,Sales,0,NaN,0,0
53802329,PR Account Manager - Riyadh KSA,Kingston Stanley,1/25/2020,Recruitment & Employee Placement Agency,Sales,0,NaN,0,0
53793039,„„À·/ „„À·… „»Ì⁄« ,Rubaiyat Modern Luxury Products,1/22/2020,Fashion & Apparel,Sales,0,0,0,0
53793041,„œÌ— / „œÌ—… „⁄—÷,Rubaiyat Modern Luxury Products,1/22/2020,Fashion & Apparel,Sales,0,Riyadh,0,0
53790580,Senior Landscape Architect,AECOM,1/21/2020,Other Business Support Services,Sales,0,Riyadh,0,0
53792425,Van Salesman (KSA),SADAFCO,1/21/2020,FMCG,Sales,0,NaN,0,0
53971550,Lead Key Account Manager,Philips,1/21/2020,Other Business Support Services,Sales,0,0,0,0
53739278,Lecturer in City & Regional Planning. (Saudi nationals only),King Fahd University of Petroleum and Minerals,1/15/2020,Other Business Support Services,Sales,0,NaN,0,0
53676951,Senior Sales Executive (Outdoor Projects),Alshaya Enterprises,1/8/2020,Heavy Industry & Metallurgy,Sales,0,Khamis Mushait,0,0
53661618,CLERK,King Faisal Specialist Hospital & Research Centre,1/7/2020,Other Business Support Services,Sales,0,0,0,0
53583374,Order Taker,Marriott International Inc & Ritz Carlton Hotel Company L.L.C.,12/30/2019,Other Business Support Services,Sales,0,Riyadh,0,0
53483851,„„À·/„„À·… „»Ì⁄« ,Rubaiyat Modern Luxury Products,12/19/2019,Fashion & Apparel,Sales,0,Riyadh,0,0
53398487,Sales Consultant,Sanitaryware,12/11/2019,Heavy Industry & Metallurgy,Sales,Bachelor's degree / higher diploma,Dammam,0,0
53688775,WARD CLERK,King Faisal Specialist Hospital & Research Centre,12/11/2019,Other Business Support Services,Sales,0,Riyadh,0,0
53357796,Assurance - Core Assurance - Senior Associate - Dhahran,PwC,12/8/2019,Business Consultancy Services,Sales,0,NaN,0,0
53322164,SOC Analyst Level 2-KSA,SmartRecruiters Jobs,12/4/2019,Software Development,Sales,0,Riyadh,0,0
53322165,SOC Analyst Level I-Preferred residents of Riyadh,SmartRecruiters Jobs,12/4/2019,Software Development,Sales,0,Riyadh,0,0
53250866,Account Manager,CC Staffing International,11/29/2019,IT Services,Sales,0,NaN,0,0
53208719,Senior Officer - Field Sales,Bupa Arabia,11/25/2019,Insurance & TPA,Sales,Bachelor's degree / higher diploma,Mecca,0,0
53148888,Manager - Telesales,Bupa Arabia,11/20/2019,Insurance & TPA,Sales,Bachelor's degree / higher diploma,Riyadh,0,0
53133491,Service Catalogue and Service Level Agreement Manager,CC Staffing International,11/19/2019,IT Services,Sales,0,NaN,0,0
53122047,Senior Officer - Field Sales,Bupa Arabia,11/18/2019,Insurance & TPA,Sales,Bachelor's degree / higher diploma,Riyadh,0,0
53122060,Senior Officer ‚Äì Telesales,Bupa Arabia,11/18/2019,Insurance & TPA,Sales,Bachelor's degree / higher diploma,Riyadh,0,0
53066437,Business Development Manager,Charterhouse Middle East,11/14/2019,Other Business Support Services,Sales,0,NaN,0,0
53033576,Security Operations Center Analyst,Accenture,11/11/2019,Other Business Support Services,Sales,0,Riyadh,0,0
53033681,Security Operations Center Senior Engineer,Accenture,11/11/2019,Other Business Support Services,Sales,0,Riyadh,0,0
53189876,Security Internship,Accenture,11/11/2019,Other Business Support Services,Sales,0,Riyadh,0,0
53018756,Sales Manager - 0,Auto Body & Paint Solutions,11/10/2019,Business Process Outsourcing (BPO),Sales,Bachelor's degree / higher diploma,0,0,0
52934244,Sales - Sales Executive - Saudi National,Centro Shaheen,11/4/2019,Hospitality & Accomodation,Sales,0,0,0,0
52792912,Public Relation Officer Dammam,First Resort Global Recruitment,10/24/2019,Recruitment & Employee Placement Agency,Sales,0,Dammam,0,0
52792926,Business Development Manager Al Khobar,First Resort Global Recruitment,10/24/2019,Recruitment & Employee Placement Agency,Sales,0,Khobar,0,0
51961532,Lecturer in Architecture (Saudi nationals only),King Fahd University of Petroleum and Minerals,9/13/2019,Other Business Support Services,Sales,0,NaN,0,0
51210980,Application & Integration Architect,CC Staffing International,9/3/2019,IT Services,Sales,0,NaN,0,0
51205029,Lecturer in English. (Saudi nationals only),King Fahd University of Petroleum and Minerals,8/30/2019,Other Business Support Services,Sales,0,NaN,0,0
51035597,Sales - Sales Coordinator (Saudi National),Centro Shaheen,6/18/2019,Hospitality & Accomodation,Sales,0,0,0,0
50952221,Enterprise Account Manager,CC Staffing International,5/22/2019,Telecommunications,Sales,0,NaN,0,0
50907786,Receiving Clerk,Marriott International Inc & Ritz Carlton Hotel Company L.L.C.,4/25/2019,Other Business Support Services,Sales,0,Riyadh,0,0
50863160,Sales - Events Executive - Saudi National,Centro Shaheen,4/14/2020,Hospitality & Accomodation,Sales,0,0,0,0
50821850,Manager - Key Accounts (New Business),Bupa Arabia,3/12/2020,Insurance & TPA,Sales,0,Riyadh,0,0
50821864,Sr. Officer ‚Äì SME Telesales (New Business),Bupa Arabia,3/12/2020,Insurance & TPA,Sales,Bachelor's degree / higher diploma,NaN,0,0
50790000,Sales Specialist - Enterprise Account Manager,CC Staffing International,3/2/2020,Telecommunications,Sales,0,NaN,0,0
50785846,Sr. Officer ‚Äì SME Field Sales (New Business),Bupa Arabia,2/28/2020,Other Business Support Services,Sales,Bachelor's degree / higher diploma,0,0,0
50729076,Sr. IBM Business Process Manager (BPM) Administrator,CC Staffing International,2/18/2020,IT Services,Sales,0,NaN,0,0
50729298,Sr. IBM WebSphere Message Broker/ MQ Administrator,CC Staffing International,2/18/2020,IT Services,Sales,0,NaN,0,0
50564572,Assurance - Core Assurance - Senior Associate - Riyadh,PwC,1/8/2020,Business Consultancy Services,Sales,0,Riyadh,0,0
50536473,Staff Nurse I - Dialysis Center,King Abdulaziz Medical City - 0,1/7/2020,Medical Hospital,Sales,0,Riyadh,0,0
50536614,Clinical Nurse Coordinator OR Level II,King Faisal Specialist Hospital - 0,1/7/2020,Medical Hospital,Sales,0,Riyadh,0,0
50536791,Staff Nurse I - Urgent Care Center,King Abdulaziz Medical City - 0,1/7/2020,Medical Hospital,Sales,0,Riyadh,0,0
50550085,Charge Nurse - Emergency,Aldara Hospital and Medical Center,1/7/2020,Medical Hospital,Sales,0,Riyadh,0,0
50481126,Sales Engineer ( Services ),Hospitality,12/7/2019,Heavy Industry & Metallurgy,Sales,Bachelor's degree / higher diploma,Dammam,0,0
50479258,Sales - Sales Executive,Centro Corniche,12/3/2019,Hospitality & Accomodation,Sales,0,Khobar,0,0
50467452,Sales Consultant ( Saudi National ),Kitchenhaus,11/15/2019,Heavy Industry & Metallurgy,Sales,Bachelor's degree / higher diploma,Riyadh,0,0
3911875,Female Swimming Coach (With or Without Experience) ŸÖÿØÿ±ÿ®ÿ© ÿ≥ÿ®ÿßÿ≠ÿ©,Aqua-Tots Swim School,3/16/2020,Entertainment; Sports & Outdoor Activities,Teaching and Academics,0,Riyadh,28,0
4175930,Freelance Art Instructor (private instructor),0,4/9/2020,Entertainment,Teaching and Academics,Bachelor's degree / higher diploma,Riyadh,0,0
4120673,Patient Education & Screening Specialist Vacancy in 0,Infomine For Marketing Research,4/6/2020,Marketing; Pharmaceutical,Teaching and Academics,Bachelor's degree / higher diploma,0,0,0
4173678,Chemistry Teacher,GULF INTERNATIONAL SCHOOL,3/24/2020,Primary Prep & Secondary School,Teaching and Academics,0,0,49,0
4173676,Early Childhood Teacher,GULF INTERNATIONAL SCHOOL,3/24/2020,Primary Prep & Secondary School,Teaching and Academics,0,0,49,0
4172073,Kids Instructor,Gymboree Play & Learn,3/18/2020,Primary Prep & Secondary School,Teaching and Academics,0,Riyadh,0,0
4098627,IT & Math Teacher,0,3/10/2020,Higher Education; Vocational Education; Training & Education Center,Teaching and Academics,Bachelor's degree / higher diploma,Alkharj,0,0
4151492,Welding / Pipe fitter Trainer,0,3/10/2020,Vocational Education; Technical Maintenance & Repair,Teaching and Academics,Bachelor's degree / higher diploma,Alkharj,0,0
4150680,Arabic Coordinator,Advanced Learning Schools,3/5/2020,Primary Prep & Secondary School,Teaching and Academics,Bachelor's degree / higher diploma,Riyadh,50,0
4158370,Montessori Preschool is looking for qualified Native English teachers.,Capri Gelato,3/3/2020,Preschool Nursery & Daycare,Teaching and Academics,Certification / diploma,Riyadh,0,3000
4124270,Class Teacher,Ministry of Defence -Medical Services Directorate ,2/27/2020,Medical Hospital,Teaching and Academics,0,Riyadh,0,0
4124215,Chemistry Teacher,Ministry of Defence -Medical Services Directorate ,2/27/2020,Medical Hospital,Teaching and Academics,0,Riyadh,0,0
3566908,Technical Trainers / Instructors,Saudi Petroleum Services Polytechnic,10/9/2019,Non-profit Organization,Teaching and Academics,Certification / diploma,AlKhafji,0,0
3584384,Technical Trainer - 2 ( Mechanical  Electrical Welding Pipefitting),Saudi Petroleum Services Polytechnic,9/29/2019,Non-profit Organization,Teaching and Academics,Certification / diploma,Dammam,0,0
55072031,Primary Teacher,Comfort Education LTD,4/15/2020,Other Business Support Services,Teaching and Academics,0,Riyadh,0,0
55072053,Maths Teacher,Comfort Education LTD,4/15/2020,Other Business Support Services,Teaching and Academics,0,Riyadh,0,0
55072639,Science Teacher- Saudi Arabia,Comfort Education LTD,4/15/2020,Other Business Support Services,Teaching and Academics,0,Riyadh,0,0
55072650,English Teacher,Comfort Education LTD,4/15/2020,Other Business Support Services,Teaching and Academics,0,Riyadh,0,0
55048464,Math Teacher,Saudi Aramco Shell Refining - SASREF,4/13/2020,Other Business Support Services,Teaching and Academics,0,NaN,0,0
55031723,Maths Teacher,Saudi Aramco Shell Refining - SASREF,4/11/2020,Other Business Support Services,Teaching and Academics,0,NaN,0,0
55021638,Maths Teacher Riyadh / Dammam,m2r Education,4/10/2020,Other Business Support Services,Teaching and Academics,0,Riyadh,0,0
55004613,Primary Teacher,Astute Education Ltd,4/8/2020,Other Business Support Services,Teaching and Academics,0,NaN,0,0
55006991,Secondary Teacher,Astute Education Ltd,4/8/2020,Other Business Support Services,Teaching and Academics,0,NaN,0,0
54924710,Humanities Teacher - 0 Saudi Arabia - August 2020,ASQ Education,4/3/2020,Other Business Support Services,Teaching and Academics,0,NaN,0,0
54925527,Primary Teacher - 0 Saudi Arabia - August 2020,ASQ Education,4/3/2020,Other Business Support Services,Teaching and Academics,0,NaN,0,0
54909296,ESL Teachers Saudi Arabia August 2020 start,ASQ Education,4/2/2020,Other Business Support Services,Teaching and Academics,0,NaN,0,0
54854259,Drama / Music Teacher - Female,Step 2 Recruitment LTD,3/29/2020,Other Business Support Services,Teaching and Academics,0,NaN,0,0
54854270,ESL Teacher - SECONDARY SCHOOL - SAUDI ARABIA - AUGUST,ASQ Education,3/29/2020,Other Business Support Services,Teaching and Academics,0,NaN,0,0
54856990,Maths Teacher,Aramco Services Company,3/28/2020,Oil & Gas,Teaching and Academics,0,NaN,0,0
54881127,Training & Development Researcher,Aramco Services Company,3/28/2020,Oil & Gas,Teaching and Academics,0,NaN,0,0
54842498,primary ks2 teacher - saudi arabia,Teachanywhere,3/27/2020,Primary Prep & Secondary School,Teaching and Academics,0,NaN,0,0
54842700,primary ks1 teacher - saudi arabia,Teachanywhere,3/27/2020,Primary Prep & Secondary School,Teaching and Academics,0,NaN,0,0
54842747,early years teacher - saudi arabia,Teachanywhere,3/27/2020,Primary Prep & Secondary School,Teaching and Academics,0,NaN,0,0
54842750,secondary ict teacher - saudi arabia,Teachanywhere,3/27/2020,Primary Prep & Secondary School,Teaching and Academics,0,NaN,0,0
54793407,Primary Teacher,m2r Education,3/25/2020,Other Business Support Services,Teaching and Academics,0,Riyadh,0,0
54794021,English Teacher (Secondary),m2r Education,3/25/2020,Other Business Support Services,Teaching and Academics,0,Riyadh,0,0
54777987,Specialist High School Teachers - Riyadh Saudi Arabia,ASQ Education,3/24/2020,Other Business Support Services,Teaching and Academics,0,NaN,0,0
54743337,Primary Teacher,Quality Teaching Staff,3/21/2020,Other Business Support Services,Teaching and Academics,0,NaN,0,0
54726721,Primary Teacher,ASQ Education,3/20/2020,Other Business Support Services,Teaching and Academics,0,NaN,0,0
54726847,Secondary School Teacher RYIADH- Saudi Arabia Aug 20,ASQ Education,3/20/2020,Other Business Support Services,Teaching and Academics,0,NaN,0,0
54687331,Primary Teacher,Astute Education Ltd,3/18/2020,Other Business Support Services,Teaching and Academics,0,Riyadh,0,0
54687383,Primary Teacher,Quality Teaching Staff,3/18/2020,Other Business Support Services,Teaching and Academics,0,Riyadh,0,0
54687384,Early Years Teacher,Quality Teaching Staff,3/18/2020,Other Business Support Services,Teaching and Academics,0,Riyadh,0,0
54662832,Assistant / Associate / Full Professor in Chemical Engineering. (Saudi nationals only),King Fahd University of Petroleum and Minerals,3/16/2020,Other Business Support Services,Teaching and Academics,0,NaN,0,0
54662833,Assistant / Associate / Full Professor - Chemical Engineering,King Fahd University of Petroleum and Minerals,3/16/2020,Other Business Support Services,Teaching and Academics,0,NaN,0,0
54623323,Primary Teacher - Riyadh Saudi Arabia - August 2020,ASQ Education,3/14/2020,Other Business Support Services,Teaching and Academics,0,NaN,0,0
54623402,Specialist Secondary Teachers - Riyadh Saudi Arabia - August,ASQ Education,3/14/2020,Other Business Support Services,Teaching and Academics,0,NaN,0,0
54539652,Male ICT Teacher,Step 2 Recruitment LTD,3/10/2020,Other Business Support Services,Teaching and Academics,0,NaN,0,0
54539658,Business and Economics Teacher,Step 2 Recruitment LTD,3/10/2020,Other Business Support Services,Teaching and Academics,0,NaN,0,0
54539659,Textile and Fashion Design Teacher,Step 2 Recruitment LTD,3/10/2020,Other Business Support Services,Teaching and Academics,0,NaN,0,0
54539660,Home Economics and Culinary Arts Teacher,Step 2 Recruitment LTD,3/10/2020,Other Business Support Services,Teaching and Academics,0,NaN,0,0
54511644,Maths Teacher,Global Recruitment Solutions,3/8/2020,Other Business Support Services,Teaching and Academics,0,NaN,0,0
54511649,Sociology Teacher,Global Recruitment Solutions,3/8/2020,Other Business Support Services,Teaching and Academics,0,NaN,0,0
54495754,ESL Teacher,Quality Teaching Staff,3/7/2020,Other Business Support Services,Teaching and Academics,0,Riyadh,0,0
54495755,Homeroom Teacher,Quality Teaching Staff,3/7/2020,Other Business Support Services,Teaching and Academics,0,Riyadh,0,0
54495756,PE Teacher,Quality Teaching Staff,3/7/2020,Other Business Support Services,Teaching and Academics,0,Riyadh,0,0
54495757,Computer Science Teacher,Quality Teaching Staff,3/7/2020,Other Business Support Services,Teaching and Academics,0,Riyadh,0,0
54495758,Music Teacher,Quality Teaching Staff,3/7/2020,Other Business Support Services,Teaching and Academics,0,Riyadh,0,0
54495759,Drama Teacher,Quality Teaching Staff,3/7/2020,Other Business Support Services,Teaching and Academics,0,Riyadh,0,0
54471148,English Teacher,Quality Teaching Staff,3/6/2020,Other Business Support Services,Teaching and Academics,0,Riyadh,0,0
54511815,Science Teacher,Quality Teaching Staff,3/6/2020,Other Business Support Services,Teaching and Academics,0,Riyadh,0,0
54412661,Secondary Maths teacher,Quality Teaching Staff,3/4/2020,Other Business Support Services,Teaching and Academics,0,NaN,0,0
54412914,Homeroom Teacher,Quality Teaching Staff,3/4/2020,Other Business Support Services,Teaching and Academics,0,NaN,0,0
54413058,Science Teacher,Quality Teaching Staff,3/4/2020,Other Business Support Services,Teaching and Academics,0,NaN,0,0
54413061,Secondary English Teacher,Quality Teaching Staff,3/4/2020,Other Business Support Services,Teaching and Academics,0,NaN,0,0
54413062,Kindergarden Teacher,Quality Teaching Staff,3/4/2020,Other Business Support Services,Teaching and Academics,0,NaN,0,0
54461942,Business Studies Teachers (FEMALE) - Qatief Saudi Arabia,m2r Education,2/26/2020,Other Business Support Services,Teaching and Academics,0,NaN,0,0
54078187,Full Professor / Associate / Assistant / Lecturer - Preparatory Year Computer Science Program,King Fahd University of Petroleum and Minerals,2/17/2020,Other Business Support Services,Teaching and Academics,0,NaN,0,0
53861263,Assistant / Associate / Full Professor - Mathematics & Statistics,King Fahd University of Petroleum and Minerals,2/5/2020,Other Business Support Services,Teaching and Academics,0,NaN,0,0
53861268,Assistant / Associate / Full Professor - Construction Engineering & Management,King Fahd University of Petroleum and Minerals,2/5/2020,Other Business Support Services,Teaching and Academics,0,NaN,0,0
53861306,Assistant / Associate / Full Professor in City and Regional Planning,King Fahd University of Petroleum and Minerals,2/5/2020,Other Business Support Services,Teaching and Academics,0,NaN,0,0
53861307,Assistant/Associate/Full Professor ‚Äì Computer Engineering,King Fahd University of Petroleum and Minerals,2/5/2020,Other Business Support Services,Teaching and Academics,0,NaN,0,0
53861308,Full Professor / Associate / Assistant / Lecturer - Preparatory Year Math Program,King Fahd University of Petroleum and Minerals,2/5/2020,Other Business Support Services,Teaching and Academics,0,NaN,0,0
53861309,Assistant / Associate / Full Professor - Global and Social Studies,King Fahd University of Petroleum and Minerals,2/5/2020,Other Business Support Services,Teaching and Academics,0,NaN,0,0
53861310,Assistant / Associate / Full Professor - Architectural Engineering,King Fahd University of Petroleum and Minerals,2/5/2020,Other Business Support Services,Teaching and Academics,0,NaN,0,0
53861311,Assistant / Associate / Full Professor - Architecture,King Fahd University of Petroleum and Minerals,2/5/2020,Other Business Support Services,Teaching and Academics,0,NaN,0,0
53861312,Assistant / Associate / Full Professor - Systems Engineering,King Fahd University of Petroleum and Minerals,2/5/2020,Other Business Support Services,Teaching and Academics,0,NaN,0,0
53861313,Assistant / Associate / Full Professor - Information & Computer Science,King Fahd University of Petroleum and Minerals,2/5/2020,Other Business Support Services,Teaching and Academics,0,NaN,0,0
53861314,Assistant / Associate / Full Professor - Physics,King Fahd University of Petroleum and Minerals,2/5/2020,Other Business Support Services,Teaching and Academics,0,NaN,0,0
53861315,Assistant / Associate / Full Professor - Management & Marketing,King Fahd University of Petroleum and Minerals,2/5/2020,Other Business Support Services,Teaching and Academics,0,NaN,0,0
53861316,Assistant / Associate / Full Professor ‚Äì Accounting/Finance/Economics,King Fahd University of Petroleum and Minerals,2/5/2020,Other Business Support Services,Teaching and Academics,0,NaN,0,0
53821281,Assistant / Associate / Full Professor - Mechanical Engineering,King Fahd University of Petroleum and Minerals,1/23/2020,Other Business Support Services,Teaching and Academics,0,NaN,0,0
53821284,Assistant / Associate / Full Professor - Civil and Environmental Engineering,King Fahd University of Petroleum and Minerals,1/23/2020,Other Business Support Services,Teaching and Academics,0,NaN,0,0
53821285,Assistant / Associate / Full Professor - Aerospace Engineering,King Fahd University of Petroleum and Minerals,1/23/2020,Other Business Support Services,Teaching and Academics,0,NaN,0,0
53857288,Assistant / Associate / Full Professor - Electrical Engineering,King Fahd University of Petroleum and Minerals,1/23/2020,Other Business Support Services,Teaching and Academics,0,NaN,0,0
53740176,Assistant / Associate / Full Professor in Architectural Engineering. (Saudi nationals only),King Fahd University of Petroleum and Minerals,1/15/2020,Other Business Support Services,Teaching and Academics,0,NaN,0,0
53740183,Assistant / Associate / Full Professor in City & Regional Planning. (Saudi nationals only),King Fahd University of Petroleum and Minerals,1/15/2020,Other Business Support Services,Teaching and Academics,0,NaN,0,0
53538292,Assistant / Associate / Full Professor in Mechanical Engineering (Saudi nationals only),King Fahd University of Petroleum and Minerals,12/25/2019,Other Business Support Services,Teaching and Academics,0,NaN,0,0
53449946,Assistant / Associate / Full Professor - Life Sciences Department,King Fahd University of Petroleum and Minerals,12/16/2019,Other Business Support Services,Teaching and Academics,0,NaN,0,0
51205039,"Assistant / Associate / Full Professor in Computer Science at the ""Prep Year program"". (Saudi nationals only)",King Fahd University of Petroleum and Minerals,8/30/2019,Other Business Support Services,Teaching and Academics,0,NaN,0,0
51205040,Assistant Professor in English. (Saudi nationals only),King Fahd University of Petroleum and Minerals,8/30/2019,Other Business Support Services,Teaching and Academics,0,NaN,0,0
51205046,"Assistant / Associate / Full Professor in Physics at the ""Prep Year program"". (Saudi nationals only)",King Fahd University of Petroleum and Minerals,8/30/2019,Other Business Support Services,Teaching and Academics,0,NaN,0,0
51205048,"Graduate assistant in Mathematics and Statistics at the ""Prep Year program"". (Saudi nationals only)",King Fahd University of Petroleum and Minerals,8/30/2019,Other Business Support Services,Teaching and Academics,0,NaN,0,0
50977761,Clinical Instructors - Nursing,King Faisal Specialist Hospital - Madinah,5/23/2019,Medical Hospital,Teaching and Academics,0,Medina,0,0
